<?xml version="1.0" encoding="UTF-8"?>
<gpx xmlns="http://www.topografix.com/GPX/1/1" version="1.1" xmlns:xsi="http://www.w3.org/2001/XMLSchema-instance" xsi:schemaLocation="http://www.topografix.com/GPX/1/1 http://www.topografix.com/GPX/1/1/gpx.xsd" creator="MotionXGPSFull 24.4 Build 5112 R64">
<trk>
<name>2026_05_20_skuter_krynica</name>
<desc>20 May 2026  3:23 pm</desc>
<trkseg>
<trkpt lat="50.0628863" lon="22.4952201">
<ele>202.061</ele>
<time>2026-05-20T13:23:47.572Z</time>
</trkpt>
<trkpt lat="50.0628863" lon="22.4952201">
<ele>202.045</ele>
<time>2026-05-20T13:25:17.554Z</time>
</trkpt>
<trkpt lat="50.0628465" lon="22.4949260">
<ele>202.029</ele>
<time>2026-05-20T13:25:28.800Z</time>
</trkpt>
<trkpt lat="50.0628254" lon="22.4948747">
<ele>202.348</ele>
<time>2026-05-20T13:25:29.970Z</time>
</trkpt>
<trkpt lat="50.0627587" lon="22.4947138">
<ele>203.183</ele>
<time>2026-05-20T13:25:32.914Z</time>
</trkpt>
<trkpt lat="50.0626963" lon="22.4945363">
<ele>203.974</ele>
<time>2026-05-20T13:25:35.663Z</time>
</trkpt>
<trkpt lat="50.0626416" lon="22.4943397">
<ele>204.227</ele>
<time>2026-05-20T13:25:38.346Z</time>
</trkpt>
<trkpt lat="50.0625600" lon="22.4941206">
<ele>204.136</ele>
<time>2026-05-20T13:25:41.279Z</time>
</trkpt>
<trkpt lat="50.0624672" lon="22.4939002">
<ele>204.012</ele>
<time>2026-05-20T13:25:44.115Z</time>
</trkpt>
<trkpt lat="50.0623755" lon="22.4936647">
<ele>203.972</ele>
<time>2026-05-20T13:25:46.896Z</time>
</trkpt>
<trkpt lat="50.0623077" lon="22.4934875">
<ele>204.090</ele>
<time>2026-05-20T13:25:48.917Z</time>
</trkpt>
<trkpt lat="50.0622488" lon="22.4933318">
<ele>204.489</ele>
<time>2026-05-20T13:25:50.808Z</time>
</trkpt>
<trkpt lat="50.0621719" lon="22.4931154">
<ele>205.086</ele>
<time>2026-05-20T13:25:53.516Z</time>
</trkpt>
<trkpt lat="50.0621174" lon="22.4929778">
<ele>205.566</ele>
<time>2026-05-20T13:25:55.477Z</time>
</trkpt>
<trkpt lat="50.0619893" lon="22.4929231">
<ele>205.733</ele>
<time>2026-05-20T13:25:58.064Z</time>
</trkpt>
<trkpt lat="50.0618434" lon="22.4930657">
<ele>205.653</ele>
<time>2026-05-20T13:26:01.349Z</time>
</trkpt>
<trkpt lat="50.0617098" lon="22.4931722">
<ele>205.625</ele>
<time>2026-05-20T13:26:04.217Z</time>
</trkpt>
<trkpt lat="50.0616011" lon="22.4932374">
<ele>205.857</ele>
<time>2026-05-20T13:26:06.853Z</time>
</trkpt>
<trkpt lat="50.0615111" lon="22.4932164">
<ele>206.251</ele>
<time>2026-05-20T13:26:09.527Z</time>
</trkpt>
<trkpt lat="50.0614337" lon="22.4930493">
<ele>206.630</ele>
<time>2026-05-20T13:26:13.353Z</time>
</trkpt>
<trkpt lat="50.0613687" lon="22.4929133">
<ele>206.859</ele>
<time>2026-05-20T13:26:15.979Z</time>
</trkpt>
<trkpt lat="50.0613687" lon="22.4929133">
<ele>206.870</ele>
<time>2026-05-20T13:26:20.979Z</time>
</trkpt>
<trkpt lat="50.0613687" lon="22.4929133">
<ele>206.761</ele>
<time>2026-05-20T13:26:31.391Z</time>
</trkpt>
<trkpt lat="50.0612128" lon="22.4928518">
<ele>206.660</ele>
<time>2026-05-20T13:26:37.266Z</time>
</trkpt>
<trkpt lat="50.0610438" lon="22.4930631">
<ele>206.810</ele>
<time>2026-05-20T13:26:40.504Z</time>
</trkpt>
<trkpt lat="50.0608558" lon="22.4932965">
<ele>207.518</ele>
<time>2026-05-20T13:26:43.374Z</time>
</trkpt>
<trkpt lat="50.0606616" lon="22.4935444">
<ele>208.588</ele>
<time>2026-05-20T13:26:46.233Z</time>
</trkpt>
<trkpt lat="50.0604725" lon="22.4937626">
<ele>209.346</ele>
<time>2026-05-20T13:26:49.242Z</time>
</trkpt>
<trkpt lat="50.0603898" lon="22.4938854">
<ele>209.338</ele>
<time>2026-05-20T13:26:50.979Z</time>
</trkpt>
<trkpt lat="50.0603898" lon="22.4938854">
<ele>208.733</ele>
<time>2026-05-20T13:26:57.978Z</time>
</trkpt>
<trkpt lat="50.0603898" lon="22.4938854">
<ele>208.187</ele>
<time>2026-05-20T13:26:59.017Z</time>
</trkpt>
<trkpt lat="50.0602134" lon="22.4941134">
<ele>208.109</ele>
<time>2026-05-20T13:27:11.970Z</time>
</trkpt>
<trkpt lat="50.0601473" lon="22.4942095">
<ele>208.165</ele>
<time>2026-05-20T13:27:17.242Z</time>
</trkpt>
<trkpt lat="50.0600641" lon="22.4942948">
<ele>207.979</ele>
<time>2026-05-20T13:27:20.535Z</time>
</trkpt>
<trkpt lat="50.0599356" lon="22.4943732">
<ele>207.505</ele>
<time>2026-05-20T13:27:23.437Z</time>
</trkpt>
<trkpt lat="50.0597723" lon="22.4944789">
<ele>206.891</ele>
<time>2026-05-20T13:27:26.508Z</time>
</trkpt>
<trkpt lat="50.0595712" lon="22.4945205">
<ele>206.547</ele>
<time>2026-05-20T13:27:30.242Z</time>
</trkpt>
<trkpt lat="50.0594294" lon="22.4944216">
<ele>206.789</ele>
<time>2026-05-20T13:27:33.579Z</time>
</trkpt>
<trkpt lat="50.0593040" lon="22.4943026">
<ele>207.331</ele>
<time>2026-05-20T13:27:37.718Z</time>
</trkpt>
<trkpt lat="50.0592151" lon="22.4942008">
<ele>207.701</ele>
<time>2026-05-20T13:27:40.967Z</time>
</trkpt>
<trkpt lat="50.0591254" lon="22.4941169">
<ele>207.660</ele>
<time>2026-05-20T13:27:43.355Z</time>
</trkpt>
<trkpt lat="50.0589983" lon="22.4939799">
<ele>207.268</ele>
<time>2026-05-20T13:27:46.219Z</time>
</trkpt>
<trkpt lat="50.0588584" lon="22.4938426">
<ele>206.813</ele>
<time>2026-05-20T13:27:48.887Z</time>
</trkpt>
<trkpt lat="50.0586862" lon="22.4936814">
<ele>206.479</ele>
<time>2026-05-20T13:27:51.790Z</time>
</trkpt>
<trkpt lat="50.0584954" lon="22.4935303">
<ele>206.246</ele>
<time>2026-05-20T13:27:54.547Z</time>
</trkpt>
<trkpt lat="50.0583502" lon="22.4934258">
<ele>206.104</ele>
<time>2026-05-20T13:27:56.492Z</time>
</trkpt>
<trkpt lat="50.0581220" lon="22.4932587">
<ele>206.058</ele>
<time>2026-05-20T13:27:59.403Z</time>
</trkpt>
<trkpt lat="50.0578720" lon="22.4930866">
<ele>206.045</ele>
<time>2026-05-20T13:28:02.900Z</time>
</trkpt>
<trkpt lat="50.0577244" lon="22.4930198">
<ele>206.013</ele>
<time>2026-05-20T13:28:05.241Z</time>
</trkpt>
<trkpt lat="50.0575391" lon="22.4929318">
<ele>205.849</ele>
<time>2026-05-20T13:28:09.064Z</time>
</trkpt>
<trkpt lat="50.0574372" lon="22.4928884">
<ele>205.390</ele>
<time>2026-05-20T13:28:11.403Z</time>
</trkpt>
<trkpt lat="50.0573109" lon="22.4928642">
<ele>204.754</ele>
<time>2026-05-20T13:28:14.257Z</time>
</trkpt>
<trkpt lat="50.0571695" lon="22.4928093">
<ele>204.197</ele>
<time>2026-05-20T13:28:18.730Z</time>
</trkpt>
<trkpt lat="50.0570426" lon="22.4927616">
<ele>203.742</ele>
<time>2026-05-20T13:28:23.013Z</time>
</trkpt>
<trkpt lat="50.0569426" lon="22.4927141">
<ele>203.360</ele>
<time>2026-05-20T13:28:25.329Z</time>
</trkpt>
<trkpt lat="50.0568136" lon="22.4926354">
<ele>203.098</ele>
<time>2026-05-20T13:28:27.573Z</time>
</trkpt>
<trkpt lat="50.0566019" lon="22.4925295">
<ele>202.911</ele>
<time>2026-05-20T13:28:30.313Z</time>
</trkpt>
<trkpt lat="50.0563347" lon="22.4923776">
<ele>202.628</ele>
<time>2026-05-20T13:28:33.214Z</time>
</trkpt>
<trkpt lat="50.0560291" lon="22.4922391">
<ele>201.844</ele>
<time>2026-05-20T13:28:36.062Z</time>
</trkpt>
<trkpt lat="50.0556710" lon="22.4921553">
<ele>200.028</ele>
<time>2026-05-20T13:28:39.005Z</time>
</trkpt>
<trkpt lat="50.0552926" lon="22.4921491">
<ele>197.230</ele>
<time>2026-05-20T13:28:41.942Z</time>
</trkpt>
<trkpt lat="50.0548995" lon="22.4922143">
<ele>194.108</ele>
<time>2026-05-20T13:28:44.993Z</time>
</trkpt>
<trkpt lat="50.0545180" lon="22.4922556">
<ele>191.380</ele>
<time>2026-05-20T13:28:48.047Z</time>
</trkpt>
<trkpt lat="50.0541520" lon="22.4922257">
<ele>189.386</ele>
<time>2026-05-20T13:28:51.077Z</time>
</trkpt>
<trkpt lat="50.0537948" lon="22.4921688">
<ele>188.004</ele>
<time>2026-05-20T13:28:54.050Z</time>
</trkpt>
<trkpt lat="50.0534316" lon="22.4921144">
<ele>187.080</ele>
<time>2026-05-20T13:28:57.070Z</time>
</trkpt>
<trkpt lat="50.0530710" lon="22.4920821">
<ele>186.761</ele>
<time>2026-05-20T13:29:00.097Z</time>
</trkpt>
<trkpt lat="50.0527124" lon="22.4920368">
<ele>187.050</ele>
<time>2026-05-20T13:29:03.083Z</time>
</trkpt>
<trkpt lat="50.0523479" lon="22.4919586">
<ele>187.711</ele>
<time>2026-05-20T13:29:06.020Z</time>
</trkpt>
<trkpt lat="50.0520021" lon="22.4917043">
<ele>188.415</ele>
<time>2026-05-20T13:29:08.944Z</time>
</trkpt>
<trkpt lat="50.0516531" lon="22.4913927">
<ele>189.005</ele>
<time>2026-05-20T13:29:11.945Z</time>
</trkpt>
<trkpt lat="50.0513009" lon="22.4910643">
<ele>189.619</ele>
<time>2026-05-20T13:29:14.918Z</time>
</trkpt>
<trkpt lat="50.0509547" lon="22.4906924">
<ele>190.520</ele>
<time>2026-05-20T13:29:17.838Z</time>
</trkpt>
<trkpt lat="50.0506323" lon="22.4902419">
<ele>191.584</ele>
<time>2026-05-20T13:29:20.727Z</time>
</trkpt>
<trkpt lat="50.0503038" lon="22.4897369">
<ele>192.385</ele>
<time>2026-05-20T13:29:23.763Z</time>
</trkpt>
<trkpt lat="50.0499879" lon="22.4892315">
<ele>192.715</ele>
<time>2026-05-20T13:29:26.929Z</time>
</trkpt>
<trkpt lat="50.0497294" lon="22.4887732">
<ele>192.469</ele>
<time>2026-05-20T13:29:29.966Z</time>
</trkpt>
<trkpt lat="50.0494909" lon="22.4883471">
<ele>191.703</ele>
<time>2026-05-20T13:29:32.893Z</time>
</trkpt>
<trkpt lat="50.0492485" lon="22.4879033">
<ele>190.945</ele>
<time>2026-05-20T13:29:35.869Z</time>
</trkpt>
<trkpt lat="50.0489857" lon="22.4874698">
<ele>190.633</ele>
<time>2026-05-20T13:29:38.873Z</time>
</trkpt>
<trkpt lat="50.0487216" lon="22.4870414">
<ele>190.889</ele>
<time>2026-05-20T13:29:41.841Z</time>
</trkpt>
<trkpt lat="50.0484548" lon="22.4866047">
<ele>191.379</ele>
<time>2026-05-20T13:29:44.839Z</time>
</trkpt>
<trkpt lat="50.0481758" lon="22.4861907">
<ele>191.570</ele>
<time>2026-05-20T13:29:47.821Z</time>
</trkpt>
<trkpt lat="50.0478958" lon="22.4857758">
<ele>191.354</ele>
<time>2026-05-20T13:29:50.803Z</time>
</trkpt>
<trkpt lat="50.0476100" lon="22.4853640">
<ele>190.965</ele>
<time>2026-05-20T13:29:53.889Z</time>
</trkpt>
<trkpt lat="50.0473437" lon="22.4849692">
<ele>190.610</ele>
<time>2026-05-20T13:29:57.392Z</time>
</trkpt>
<trkpt lat="50.0471757" lon="22.4846145">
<ele>190.425</ele>
<time>2026-05-20T13:30:01.185Z</time>
</trkpt>
<trkpt lat="50.0471286" lon="22.4844193">
<ele>190.330</ele>
<time>2026-05-20T13:30:03.122Z</time>
</trkpt>
<trkpt lat="50.0470196" lon="22.4843145">
<ele>190.242</ele>
<time>2026-05-20T13:30:04.638Z</time>
</trkpt>
<trkpt lat="50.0468673" lon="22.4842346">
<ele>190.126</ele>
<time>2026-05-20T13:30:06.420Z</time>
</trkpt>
<trkpt lat="50.0466343" lon="22.4839437">
<ele>190.018</ele>
<time>2026-05-20T13:30:09.179Z</time>
</trkpt>
<trkpt lat="50.0463719" lon="22.4835718">
<ele>190.179</ele>
<time>2026-05-20T13:30:11.927Z</time>
</trkpt>
<trkpt lat="50.0461803" lon="22.4832875">
<ele>190.874</ele>
<time>2026-05-20T13:30:13.833Z</time>
</trkpt>
<trkpt lat="50.0458617" lon="22.4828247">
<ele>191.960</ele>
<time>2026-05-20T13:30:16.692Z</time>
</trkpt>
<trkpt lat="50.0455183" lon="22.4823274">
<ele>193.148</ele>
<time>2026-05-20T13:30:19.590Z</time>
</trkpt>
<trkpt lat="50.0451558" lon="22.4818044">
<ele>194.308</ele>
<time>2026-05-20T13:30:22.517Z</time>
</trkpt>
<trkpt lat="50.0447618" lon="22.4812843">
<ele>195.309</ele>
<time>2026-05-20T13:30:25.476Z</time>
</trkpt>
<trkpt lat="50.0443485" lon="22.4807599">
<ele>196.012</ele>
<time>2026-05-20T13:30:28.452Z</time>
</trkpt>
<trkpt lat="50.0439269" lon="22.4802262">
<ele>196.421</ele>
<time>2026-05-20T13:30:31.487Z</time>
</trkpt>
<trkpt lat="50.0435127" lon="22.4796984">
<ele>196.697</ele>
<time>2026-05-20T13:30:34.620Z</time>
</trkpt>
<trkpt lat="50.0431368" lon="22.4792109">
<ele>196.945</ele>
<time>2026-05-20T13:30:37.662Z</time>
</trkpt>
<trkpt lat="50.0427818" lon="22.4787287">
<ele>197.136</ele>
<time>2026-05-20T13:30:40.696Z</time>
</trkpt>
<trkpt lat="50.0424422" lon="22.4782384">
<ele>197.284</ele>
<time>2026-05-20T13:30:43.726Z</time>
</trkpt>
<trkpt lat="50.0420949" lon="22.4777540">
<ele>197.443</ele>
<time>2026-05-20T13:30:46.775Z</time>
</trkpt>
<trkpt lat="50.0417422" lon="22.4772803">
<ele>197.623</ele>
<time>2026-05-20T13:30:49.790Z</time>
</trkpt>
<trkpt lat="50.0413931" lon="22.4767882">
<ele>197.881</ele>
<time>2026-05-20T13:30:52.801Z</time>
</trkpt>
<trkpt lat="50.0410559" lon="22.4762784">
<ele>198.241</ele>
<time>2026-05-20T13:30:55.786Z</time>
</trkpt>
<trkpt lat="50.0407240" lon="22.4757608">
<ele>198.601</ele>
<time>2026-05-20T13:30:58.758Z</time>
</trkpt>
<trkpt lat="50.0403916" lon="22.4752356">
<ele>198.898</ele>
<time>2026-05-20T13:31:01.746Z</time>
</trkpt>
<trkpt lat="50.0400583" lon="22.4747085">
<ele>199.208</ele>
<time>2026-05-20T13:31:04.723Z</time>
</trkpt>
<trkpt lat="50.0397226" lon="22.4741816">
<ele>199.556</ele>
<time>2026-05-20T13:31:07.683Z</time>
</trkpt>
<trkpt lat="50.0393801" lon="22.4736522">
<ele>199.997</ele>
<time>2026-05-20T13:31:10.669Z</time>
</trkpt>
<trkpt lat="50.0389965" lon="22.4731922">
<ele>200.577</ele>
<time>2026-05-20T13:31:13.671Z</time>
</trkpt>
<trkpt lat="50.0385693" lon="22.4728378">
<ele>201.299</ele>
<time>2026-05-20T13:31:16.670Z</time>
</trkpt>
<trkpt lat="50.0381368" lon="22.4725145">
<ele>202.152</ele>
<time>2026-05-20T13:31:19.642Z</time>
</trkpt>
<trkpt lat="50.0377048" lon="22.4721932">
<ele>203.070</ele>
<time>2026-05-20T13:31:22.618Z</time>
</trkpt>
<trkpt lat="50.0372738" lon="22.4718749">
<ele>203.885</ele>
<time>2026-05-20T13:31:25.597Z</time>
</trkpt>
<trkpt lat="50.0368444" lon="22.4715574">
<ele>204.527</ele>
<time>2026-05-20T13:31:28.569Z</time>
</trkpt>
<trkpt lat="50.0364131" lon="22.4712343">
<ele>205.121</ele>
<time>2026-05-20T13:31:31.545Z</time>
</trkpt>
<trkpt lat="50.0359781" lon="22.4709094">
<ele>205.728</ele>
<time>2026-05-20T13:31:34.505Z</time>
</trkpt>
<trkpt lat="50.0355360" lon="22.4705819">
<ele>206.193</ele>
<time>2026-05-20T13:31:37.480Z</time>
</trkpt>
<trkpt lat="50.0350918" lon="22.4702567">
<ele>206.503</ele>
<time>2026-05-20T13:31:40.471Z</time>
</trkpt>
<trkpt lat="50.0346564" lon="22.4699299">
<ele>206.776</ele>
<time>2026-05-20T13:31:43.449Z</time>
</trkpt>
<trkpt lat="50.0342260" lon="22.4696086">
<ele>207.051</ele>
<time>2026-05-20T13:31:46.428Z</time>
</trkpt>
<trkpt lat="50.0338000" lon="22.4692950">
<ele>207.321</ele>
<time>2026-05-20T13:31:49.400Z</time>
</trkpt>
<trkpt lat="50.0333718" lon="22.4689890">
<ele>207.536</ele>
<time>2026-05-20T13:31:52.426Z</time>
</trkpt>
<trkpt lat="50.0329411" lon="22.4687397">
<ele>207.649</ele>
<time>2026-05-20T13:31:55.468Z</time>
</trkpt>
<trkpt lat="50.0325072" lon="22.4685485">
<ele>207.611</ele>
<time>2026-05-20T13:31:58.525Z</time>
</trkpt>
<trkpt lat="50.0320692" lon="22.4684066">
<ele>207.395</ele>
<time>2026-05-20T13:32:01.591Z</time>
</trkpt>
<trkpt lat="50.0316417" lon="22.4682627">
<ele>206.985</ele>
<time>2026-05-20T13:32:04.589Z</time>
</trkpt>
<trkpt lat="50.0312074" lon="22.4681214">
<ele>206.457</ele>
<time>2026-05-20T13:32:07.619Z</time>
</trkpt>
<trkpt lat="50.0307677" lon="22.4679716">
<ele>206.089</ele>
<time>2026-05-20T13:32:10.665Z</time>
</trkpt>
<trkpt lat="50.0304639" lon="22.4678672">
<ele>206.130</ele>
<time>2026-05-20T13:32:12.737Z</time>
</trkpt>
<trkpt lat="50.0300079" lon="22.4676850">
<ele>206.493</ele>
<time>2026-05-20T13:32:15.792Z</time>
</trkpt>
<trkpt lat="50.0295566" lon="22.4674649">
<ele>206.897</ele>
<time>2026-05-20T13:32:18.772Z</time>
</trkpt>
<trkpt lat="50.0292571" lon="22.4672955">
<ele>207.216</ele>
<time>2026-05-20T13:32:20.744Z</time>
</trkpt>
<trkpt lat="50.0288048" lon="22.4670178">
<ele>207.499</ele>
<time>2026-05-20T13:32:23.691Z</time>
</trkpt>
<trkpt lat="50.0283553" lon="22.4667020">
<ele>207.901</ele>
<time>2026-05-20T13:32:26.650Z</time>
</trkpt>
<trkpt lat="50.0279054" lon="22.4663781">
<ele>208.512</ele>
<time>2026-05-20T13:32:29.614Z</time>
</trkpt>
<trkpt lat="50.0274515" lon="22.4660607">
<ele>209.166</ele>
<time>2026-05-20T13:32:32.594Z</time>
</trkpt>
<trkpt lat="50.0269981" lon="22.4657389">
<ele>209.612</ele>
<time>2026-05-20T13:32:35.603Z</time>
</trkpt>
<trkpt lat="50.0265512" lon="22.4654253">
<ele>209.640</ele>
<time>2026-05-20T13:32:38.587Z</time>
</trkpt>
<trkpt lat="50.0260966" lon="22.4651334">
<ele>209.139</ele>
<time>2026-05-20T13:32:41.590Z</time>
</trkpt>
<trkpt lat="50.0256427" lon="22.4648439">
<ele>208.426</ele>
<time>2026-05-20T13:32:44.589Z</time>
</trkpt>
<trkpt lat="50.0251909" lon="22.4645611">
<ele>208.043</ele>
<time>2026-05-20T13:32:47.556Z</time>
</trkpt>
<trkpt lat="50.0247239" lon="22.4643092">
<ele>208.138</ele>
<time>2026-05-20T13:32:50.537Z</time>
</trkpt>
<trkpt lat="50.0242452" lon="22.4640913">
<ele>208.230</ele>
<time>2026-05-20T13:32:53.516Z</time>
</trkpt>
<trkpt lat="50.0237581" lon="22.4639082">
<ele>207.891</ele>
<time>2026-05-20T13:32:56.469Z</time>
</trkpt>
<trkpt lat="50.0232654" lon="22.4637146">
<ele>207.348</ele>
<time>2026-05-20T13:32:59.425Z</time>
</trkpt>
<trkpt lat="50.0227655" lon="22.4635276">
<ele>206.918</ele>
<time>2026-05-20T13:33:02.436Z</time>
</trkpt>
<trkpt lat="50.0222845" lon="22.4633516">
<ele>206.525</ele>
<time>2026-05-20T13:33:05.399Z</time>
</trkpt>
<trkpt lat="50.0218141" lon="22.4631727">
<ele>205.958</ele>
<time>2026-05-20T13:33:08.375Z</time>
</trkpt>
<trkpt lat="50.0213458" lon="22.4629978">
<ele>205.201</ele>
<time>2026-05-20T13:33:11.367Z</time>
</trkpt>
<trkpt lat="50.0208756" lon="22.4628187">
<ele>204.526</ele>
<time>2026-05-20T13:33:14.329Z</time>
</trkpt>
<trkpt lat="50.0203963" lon="22.4626529">
<ele>204.319</ele>
<time>2026-05-20T13:33:17.271Z</time>
</trkpt>
<trkpt lat="50.0199162" lon="22.4625225">
<ele>204.736</ele>
<time>2026-05-20T13:33:20.171Z</time>
</trkpt>
<trkpt lat="50.0194323" lon="22.4624225">
<ele>205.457</ele>
<time>2026-05-20T13:33:23.060Z</time>
</trkpt>
<trkpt lat="50.0189306" lon="22.4623366">
<ele>205.841</ele>
<time>2026-05-20T13:33:25.998Z</time>
</trkpt>
<trkpt lat="50.0184128" lon="22.4622483">
<ele>205.431</ele>
<time>2026-05-20T13:33:29.010Z</time>
</trkpt>
<trkpt lat="50.0179047" lon="22.4621615">
<ele>204.262</ele>
<time>2026-05-20T13:33:32.114Z</time>
</trkpt>
<trkpt lat="50.0174475" lon="22.4620671">
<ele>202.911</ele>
<time>2026-05-20T13:33:35.223Z</time>
</trkpt>
<trkpt lat="50.0170364" lon="22.4619892">
<ele>202.028</ele>
<time>2026-05-20T13:33:38.248Z</time>
</trkpt>
<trkpt lat="50.0166289" lon="22.4619099">
<ele>201.708</ele>
<time>2026-05-20T13:33:41.322Z</time>
</trkpt>
<trkpt lat="50.0162257" lon="22.4618503">
<ele>201.588</ele>
<time>2026-05-20T13:33:44.362Z</time>
</trkpt>
<trkpt lat="50.0158181" lon="22.4617995">
<ele>201.416</ele>
<time>2026-05-20T13:33:47.392Z</time>
</trkpt>
<trkpt lat="50.0154043" lon="22.4618674">
<ele>201.177</ele>
<time>2026-05-20T13:33:50.421Z</time>
</trkpt>
<trkpt lat="50.0150081" lon="22.4620923">
<ele>200.847</ele>
<time>2026-05-20T13:33:53.547Z</time>
</trkpt>
<trkpt lat="50.0147303" lon="22.4625103">
<ele>200.424</ele>
<time>2026-05-20T13:33:56.484Z</time>
</trkpt>
<trkpt lat="50.0144758" lon="22.4629768">
<ele>200.011</ele>
<time>2026-05-20T13:33:59.463Z</time>
</trkpt>
<trkpt lat="50.0141406" lon="22.4632963">
<ele>199.691</ele>
<time>2026-05-20T13:34:02.436Z</time>
</trkpt>
<trkpt lat="50.0137850" lon="22.4635649">
<ele>199.521</ele>
<time>2026-05-20T13:34:05.409Z</time>
</trkpt>
<trkpt lat="50.0134135" lon="22.4637856">
<ele>199.518</ele>
<time>2026-05-20T13:34:08.374Z</time>
</trkpt>
<trkpt lat="50.0130004" lon="22.4637548">
<ele>199.585</ele>
<time>2026-05-20T13:34:11.428Z</time>
</trkpt>
<trkpt lat="50.0127551" lon="22.4635646">
<ele>199.666</ele>
<time>2026-05-20T13:34:13.433Z</time>
</trkpt>
<trkpt lat="50.0124073" lon="22.4632320">
<ele>199.788</ele>
<time>2026-05-20T13:34:16.416Z</time>
</trkpt>
<trkpt lat="50.0121767" lon="22.4630181">
<ele>200.108</ele>
<time>2026-05-20T13:34:18.419Z</time>
</trkpt>
<trkpt lat="50.0119450" lon="22.4628134">
<ele>200.851</ele>
<time>2026-05-20T13:34:20.467Z</time>
</trkpt>
<trkpt lat="50.0116170" lon="22.4625192">
<ele>201.891</ele>
<time>2026-05-20T13:34:23.493Z</time>
</trkpt>
<trkpt lat="50.0113026" lon="22.4622296">
<ele>202.754</ele>
<time>2026-05-20T13:34:26.530Z</time>
</trkpt>
<trkpt lat="50.0110000" lon="22.4619355">
<ele>203.188</ele>
<time>2026-05-20T13:34:29.593Z</time>
</trkpt>
<trkpt lat="50.0107655" lon="22.4615286">
<ele>203.300</ele>
<time>2026-05-20T13:34:32.655Z</time>
</trkpt>
<trkpt lat="50.0106462" lon="22.4610231">
<ele>203.153</ele>
<time>2026-05-20T13:34:35.585Z</time>
</trkpt>
<trkpt lat="50.0106360" lon="22.4604509">
<ele>202.740</ele>
<time>2026-05-20T13:34:38.520Z</time>
</trkpt>
<trkpt lat="50.0106683" lon="22.4598524">
<ele>202.205</ele>
<time>2026-05-20T13:34:41.422Z</time>
</trkpt>
<trkpt lat="50.0107053" lon="22.4592195">
<ele>201.711</ele>
<time>2026-05-20T13:34:44.365Z</time>
</trkpt>
<trkpt lat="50.0107424" lon="22.4585631">
<ele>201.292</ele>
<time>2026-05-20T13:34:47.382Z</time>
</trkpt>
<trkpt lat="50.0107776" lon="22.4579063">
<ele>201.004</ele>
<time>2026-05-20T13:34:50.434Z</time>
</trkpt>
<trkpt lat="50.0108120" lon="22.4572546">
<ele>200.894</ele>
<time>2026-05-20T13:34:53.483Z</time>
</trkpt>
<trkpt lat="50.0108490" lon="22.4566068">
<ele>200.930</ele>
<time>2026-05-20T13:34:56.517Z</time>
</trkpt>
<trkpt lat="50.0108749" lon="22.4559744">
<ele>201.015</ele>
<time>2026-05-20T13:34:59.490Z</time>
</trkpt>
<trkpt lat="50.0108443" lon="22.4553530">
<ele>201.006</ele>
<time>2026-05-20T13:35:02.377Z</time>
</trkpt>
<trkpt lat="50.0107176" lon="22.4547436">
<ele>200.813</ele>
<time>2026-05-20T13:35:05.241Z</time>
</trkpt>
<trkpt lat="50.0105440" lon="22.4541322">
<ele>200.435</ele>
<time>2026-05-20T13:35:08.133Z</time>
</trkpt>
<trkpt lat="50.0103587" lon="22.4534792">
<ele>199.982</ele>
<time>2026-05-20T13:35:11.147Z</time>
</trkpt>
<trkpt lat="50.0101676" lon="22.4528030">
<ele>199.640</ele>
<time>2026-05-20T13:35:14.210Z</time>
</trkpt>
<trkpt lat="50.0099729" lon="22.4521225">
<ele>199.506</ele>
<time>2026-05-20T13:35:17.275Z</time>
</trkpt>
<trkpt lat="50.0097852" lon="22.4514453">
<ele>199.667</ele>
<time>2026-05-20T13:35:20.305Z</time>
</trkpt>
<trkpt lat="50.0095944" lon="22.4507800">
<ele>200.311</ele>
<time>2026-05-20T13:35:23.307Z</time>
</trkpt>
<trkpt lat="50.0094096" lon="22.4501252">
<ele>201.526</ele>
<time>2026-05-20T13:35:26.245Z</time>
</trkpt>
<trkpt lat="50.0092248" lon="22.4494571">
<ele>203.065</ele>
<time>2026-05-20T13:35:29.174Z</time>
</trkpt>
<trkpt lat="50.0090361" lon="22.4487667">
<ele>204.482</ele>
<time>2026-05-20T13:35:32.088Z</time>
</trkpt>
<trkpt lat="50.0088277" lon="22.4480489">
<ele>205.429</ele>
<time>2026-05-20T13:35:35.012Z</time>
</trkpt>
<trkpt lat="50.0086192" lon="22.4472849">
<ele>205.700</ele>
<time>2026-05-20T13:35:37.956Z</time>
</trkpt>
<trkpt lat="50.0084237" lon="22.4464710">
<ele>205.207</ele>
<time>2026-05-20T13:35:40.977Z</time>
</trkpt>
<trkpt lat="50.0082466" lon="22.4456653">
<ele>203.783</ele>
<time>2026-05-20T13:35:43.979Z</time>
</trkpt>
<trkpt lat="50.0080717" lon="22.4448874">
<ele>201.471</ele>
<time>2026-05-20T13:35:46.936Z</time>
</trkpt>
<trkpt lat="50.0079035" lon="22.4440986">
<ele>199.158</ele>
<time>2026-05-20T13:35:49.931Z</time>
</trkpt>
<trkpt lat="50.0077228" lon="22.4433163">
<ele>197.818</ele>
<time>2026-05-20T13:35:52.927Z</time>
</trkpt>
<trkpt lat="50.0075419" lon="22.4425357">
<ele>197.454</ele>
<time>2026-05-20T13:35:56.043Z</time>
</trkpt>
<trkpt lat="50.0073895" lon="22.4418419">
<ele>197.537</ele>
<time>2026-05-20T13:35:59.056Z</time>
</trkpt>
<trkpt lat="50.0072186" lon="22.4412251">
<ele>197.672</ele>
<time>2026-05-20T13:36:02.001Z</time>
</trkpt>
<trkpt lat="50.0069850" lon="22.4406670">
<ele>197.795</ele>
<time>2026-05-20T13:36:04.949Z</time>
</trkpt>
<trkpt lat="50.0067288" lon="22.4401171">
<ele>198.280</ele>
<time>2026-05-20T13:36:07.897Z</time>
</trkpt>
<trkpt lat="50.0064382" lon="22.4395864">
<ele>199.592</ele>
<time>2026-05-20T13:36:10.857Z</time>
</trkpt>
<trkpt lat="50.0060689" lon="22.4391691">
<ele>201.618</ele>
<time>2026-05-20T13:36:13.825Z</time>
</trkpt>
<trkpt lat="50.0056531" lon="22.4388376">
<ele>203.749</ele>
<time>2026-05-20T13:36:16.863Z</time>
</trkpt>
<trkpt lat="50.0053921" lon="22.4386038">
<ele>205.531</ele>
<time>2026-05-20T13:36:18.876Z</time>
</trkpt>
<trkpt lat="50.0051537" lon="22.4383428">
<ele>206.812</ele>
<time>2026-05-20T13:36:20.830Z</time>
</trkpt>
<trkpt lat="50.0048224" lon="22.4378639">
<ele>207.654</ele>
<time>2026-05-20T13:36:23.791Z</time>
</trkpt>
<trkpt lat="50.0046020" lon="22.4374901">
<ele>208.199</ele>
<time>2026-05-20T13:36:25.795Z</time>
</trkpt>
<trkpt lat="50.0043769" lon="22.4370936">
<ele>208.503</ele>
<time>2026-05-20T13:36:27.761Z</time>
</trkpt>
<trkpt lat="50.0040178" lon="22.4364730">
<ele>208.585</ele>
<time>2026-05-20T13:36:30.756Z</time>
</trkpt>
<trkpt lat="50.0037738" lon="22.4360358">
<ele>208.456</ele>
<time>2026-05-20T13:36:32.730Z</time>
</trkpt>
<trkpt lat="50.0033923" lon="22.4353693">
<ele>208.110</ele>
<time>2026-05-20T13:36:35.699Z</time>
</trkpt>
<trkpt lat="50.0029982" lon="22.4346791">
<ele>207.436</ele>
<time>2026-05-20T13:36:38.664Z</time>
</trkpt>
<trkpt lat="50.0025815" lon="22.4339651">
<ele>206.176</ele>
<time>2026-05-20T13:36:41.680Z</time>
</trkpt>
<trkpt lat="50.0021618" lon="22.4332455">
<ele>204.218</ele>
<time>2026-05-20T13:36:44.710Z</time>
</trkpt>
<trkpt lat="50.0017530" lon="22.4325369">
<ele>201.998</ele>
<time>2026-05-20T13:36:47.723Z</time>
</trkpt>
<trkpt lat="50.0013441" lon="22.4318430">
<ele>200.237</ele>
<time>2026-05-20T13:36:50.744Z</time>
</trkpt>
<trkpt lat="50.0009426" lon="22.4311549">
<ele>199.227</ele>
<time>2026-05-20T13:36:53.752Z</time>
</trkpt>
<trkpt lat="50.0005282" lon="22.4304992">
<ele>198.718</ele>
<time>2026-05-20T13:36:56.756Z</time>
</trkpt>
<trkpt lat="50.0000775" lon="22.4299194">
<ele>198.480</ele>
<time>2026-05-20T13:36:59.745Z</time>
</trkpt>
<trkpt lat="49.9996246" lon="22.4293479">
<ele>198.498</ele>
<time>2026-05-20T13:37:02.789Z</time>
</trkpt>
<trkpt lat="49.9992032" lon="22.4287911">
<ele>198.740</ele>
<time>2026-05-20T13:37:05.848Z</time>
</trkpt>
<trkpt lat="49.9988139" lon="22.4282851">
<ele>199.073</ele>
<time>2026-05-20T13:37:08.847Z</time>
</trkpt>
<trkpt lat="49.9984306" lon="22.4278123">
<ele>199.612</ele>
<time>2026-05-20T13:37:11.799Z</time>
</trkpt>
<trkpt lat="49.9980074" lon="22.4273970">
<ele>200.630</ele>
<time>2026-05-20T13:37:14.740Z</time>
</trkpt>
<trkpt lat="49.9975457" lon="22.4270577">
<ele>201.933</ele>
<time>2026-05-20T13:37:17.650Z</time>
</trkpt>
<trkpt lat="49.9970769" lon="22.4267236">
<ele>203.056</ele>
<time>2026-05-20T13:37:20.554Z</time>
</trkpt>
<trkpt lat="49.9966041" lon="22.4263813">
<ele>203.944</ele>
<time>2026-05-20T13:37:23.527Z</time>
</trkpt>
<trkpt lat="49.9961399" lon="22.4260511">
<ele>204.968</ele>
<time>2026-05-20T13:37:26.529Z</time>
</trkpt>
<trkpt lat="49.9956940" lon="22.4257480">
<ele>206.312</ele>
<time>2026-05-20T13:37:29.499Z</time>
</trkpt>
<trkpt lat="49.9952956" lon="22.4253663">
<ele>207.840</ele>
<time>2026-05-20T13:37:32.448Z</time>
</trkpt>
<trkpt lat="49.9949788" lon="22.4248367">
<ele>209.216</ele>
<time>2026-05-20T13:37:35.424Z</time>
</trkpt>
<trkpt lat="49.9947669" lon="22.4241807">
<ele>210.013</ele>
<time>2026-05-20T13:37:38.435Z</time>
</trkpt>
<trkpt lat="49.9946399" lon="22.4234647">
<ele>210.075</ele>
<time>2026-05-20T13:37:41.497Z</time>
</trkpt>
<trkpt lat="49.9946006" lon="22.4227569">
<ele>209.735</ele>
<time>2026-05-20T13:37:44.499Z</time>
</trkpt>
<trkpt lat="49.9946906" lon="22.4220947">
<ele>209.400</ele>
<time>2026-05-20T13:37:47.438Z</time>
</trkpt>
<trkpt lat="49.9947494" lon="22.4214503">
<ele>209.131</ele>
<time>2026-05-20T13:37:50.377Z</time>
</trkpt>
<trkpt lat="49.9946682" lon="22.4208724">
<ele>208.718</ele>
<time>2026-05-20T13:37:53.180Z</time>
</trkpt>
<trkpt lat="49.9944525" lon="22.4203303">
<ele>207.799</ele>
<time>2026-05-20T13:37:56.205Z</time>
</trkpt>
<trkpt lat="49.9940908" lon="22.4199215">
<ele>206.352</ele>
<time>2026-05-20T13:37:59.325Z</time>
</trkpt>
<trkpt lat="49.9936562" lon="22.4196931">
<ele>205.036</ele>
<time>2026-05-20T13:38:02.415Z</time>
</trkpt>
<trkpt lat="49.9932343" lon="22.4194988">
<ele>204.433</ele>
<time>2026-05-20T13:38:05.377Z</time>
</trkpt>
<trkpt lat="49.9928131" lon="22.4193099">
<ele>204.549</ele>
<time>2026-05-20T13:38:08.427Z</time>
</trkpt>
<trkpt lat="49.9924439" lon="22.4191217">
<ele>205.199</ele>
<time>2026-05-20T13:38:11.345Z</time>
</trkpt>
<trkpt lat="49.9921095" lon="22.4188967">
<ele>206.054</ele>
<time>2026-05-20T13:38:14.317Z</time>
</trkpt>
<trkpt lat="49.9918222" lon="22.4186019">
<ele>206.756</ele>
<time>2026-05-20T13:38:17.306Z</time>
</trkpt>
<trkpt lat="49.9916027" lon="22.4182106">
<ele>207.220</ele>
<time>2026-05-20T13:38:20.352Z</time>
</trkpt>
<trkpt lat="49.9914209" lon="22.4178112">
<ele>207.562</ele>
<time>2026-05-20T13:38:23.296Z</time>
</trkpt>
<trkpt lat="49.9913063" lon="22.4175376">
<ele>207.869</ele>
<time>2026-05-20T13:38:25.162Z</time>
</trkpt>
<trkpt lat="49.9911113" lon="22.4170675">
<ele>208.183</ele>
<time>2026-05-20T13:38:28.093Z</time>
</trkpt>
<trkpt lat="49.9909546" lon="22.4166878">
<ele>208.487</ele>
<time>2026-05-20T13:38:30.110Z</time>
</trkpt>
<trkpt lat="49.9907790" lon="22.4162752">
<ele>208.642</ele>
<time>2026-05-20T13:38:32.108Z</time>
</trkpt>
<trkpt lat="49.9904931" lon="22.4156279">
<ele>208.443</ele>
<time>2026-05-20T13:38:35.141Z</time>
</trkpt>
<trkpt lat="49.9901711" lon="22.4150455">
<ele>207.911</ele>
<time>2026-05-20T13:38:38.096Z</time>
</trkpt>
<trkpt lat="49.9898659" lon="22.4144649">
<ele>207.492</ele>
<time>2026-05-20T13:38:41.101Z</time>
</trkpt>
<trkpt lat="49.9895732" lon="22.4139544">
<ele>207.620</ele>
<time>2026-05-20T13:38:44.037Z</time>
</trkpt>
<trkpt lat="49.9892894" lon="22.4134673">
<ele>208.165</ele>
<time>2026-05-20T13:38:47.028Z</time>
</trkpt>
<trkpt lat="49.9889525" lon="22.4130945">
<ele>208.548</ele>
<time>2026-05-20T13:38:50.030Z</time>
</trkpt>
<trkpt lat="49.9885551" lon="22.4128446">
<ele>208.303</ele>
<time>2026-05-20T13:38:53.157Z</time>
</trkpt>
<trkpt lat="49.9881478" lon="22.4126977">
<ele>207.441</ele>
<time>2026-05-20T13:38:56.226Z</time>
</trkpt>
<trkpt lat="49.9877611" lon="22.4125615">
<ele>206.213</ele>
<time>2026-05-20T13:38:59.169Z</time>
</trkpt>
<trkpt lat="49.9873776" lon="22.4124344">
<ele>204.952</ele>
<time>2026-05-20T13:39:02.099Z</time>
</trkpt>
<trkpt lat="49.9869880" lon="22.4123423">
<ele>204.031</ele>
<time>2026-05-20T13:39:05.079Z</time>
</trkpt>
<trkpt lat="49.9866028" lon="22.4122622">
<ele>203.622</ele>
<time>2026-05-20T13:39:08.079Z</time>
</trkpt>
<trkpt lat="49.9862262" lon="22.4121466">
<ele>203.622</ele>
<time>2026-05-20T13:39:11.098Z</time>
</trkpt>
<trkpt lat="49.9858586" lon="22.4119849">
<ele>204.125</ele>
<time>2026-05-20T13:39:14.133Z</time>
</trkpt>
<trkpt lat="49.9854997" lon="22.4117990">
<ele>205.357</ele>
<time>2026-05-20T13:39:17.200Z</time>
</trkpt>
<trkpt lat="49.9851524" lon="22.4117127">
<ele>207.087</ele>
<time>2026-05-20T13:39:20.190Z</time>
</trkpt>
<trkpt lat="49.9848129" lon="22.4117771">
<ele>209.028</ele>
<time>2026-05-20T13:39:23.261Z</time>
</trkpt>
<trkpt lat="49.9844978" lon="22.4118899">
<ele>211.238</ele>
<time>2026-05-20T13:39:26.419Z</time>
</trkpt>
<trkpt lat="49.9842440" lon="22.4118488">
<ele>213.540</ele>
<time>2026-05-20T13:39:29.429Z</time>
</trkpt>
<trkpt lat="49.9840557" lon="22.4118045">
<ele>215.374</ele>
<time>2026-05-20T13:39:32.294Z</time>
</trkpt>
<trkpt lat="49.9839018" lon="22.4117660">
<ele>216.355</ele>
<time>2026-05-20T13:39:35.232Z</time>
</trkpt>
<trkpt lat="49.9837923" lon="22.4117339">
<ele>216.593</ele>
<time>2026-05-20T13:39:37.859Z</time>
</trkpt>
<trkpt lat="49.9837042" lon="22.4117048">
<ele>216.506</ele>
<time>2026-05-20T13:39:40.710Z</time>
</trkpt>
<trkpt lat="49.9836120" lon="22.4116649">
<ele>216.412</ele>
<time>2026-05-20T13:39:44.973Z</time>
</trkpt>
<trkpt lat="49.9836120" lon="22.4116649">
<ele>216.419</ele>
<time>2026-05-20T13:39:50.972Z</time>
</trkpt>
<trkpt lat="49.9836120" lon="22.4116649">
<ele>216.425</ele>
<time>2026-05-20T13:39:54.979Z</time>
</trkpt>
<trkpt lat="49.9833422" lon="22.4116330">
<ele>216.339</ele>
<time>2026-05-20T13:40:00.480Z</time>
</trkpt>
<trkpt lat="49.9830126" lon="22.4115404">
<ele>216.224</ele>
<time>2026-05-20T13:40:03.695Z</time>
</trkpt>
<trkpt lat="49.9826553" lon="22.4114165">
<ele>216.109</ele>
<time>2026-05-20T13:40:06.664Z</time>
</trkpt>
<trkpt lat="49.9822680" lon="22.4112864">
<ele>215.805</ele>
<time>2026-05-20T13:40:09.630Z</time>
</trkpt>
<trkpt lat="49.9818515" lon="22.4111564">
<ele>214.929</ele>
<time>2026-05-20T13:40:12.623Z</time>
</trkpt>
<trkpt lat="49.9814151" lon="22.4110408">
<ele>213.267</ele>
<time>2026-05-20T13:40:15.672Z</time>
</trkpt>
<trkpt lat="49.9809938" lon="22.4110442">
<ele>211.282</ele>
<time>2026-05-20T13:40:18.601Z</time>
</trkpt>
<trkpt lat="49.9805762" lon="22.4110749">
<ele>209.628</ele>
<time>2026-05-20T13:40:21.516Z</time>
</trkpt>
<trkpt lat="49.9801465" lon="22.4110931">
<ele>208.395</ele>
<time>2026-05-20T13:40:24.472Z</time>
</trkpt>
<trkpt lat="49.9797053" lon="22.4111208">
<ele>207.495</ele>
<time>2026-05-20T13:40:27.462Z</time>
</trkpt>
<trkpt lat="49.9792615" lon="22.4111078">
<ele>207.071</ele>
<time>2026-05-20T13:40:30.440Z</time>
</trkpt>
<trkpt lat="49.9788167" lon="22.4109933">
<ele>207.097</ele>
<time>2026-05-20T13:40:33.449Z</time>
</trkpt>
<trkpt lat="49.9785215" lon="22.4108316">
<ele>207.283</ele>
<time>2026-05-20T13:40:35.495Z</time>
</trkpt>
<trkpt lat="49.9780961" lon="22.4105054">
<ele>207.361</ele>
<time>2026-05-20T13:40:38.519Z</time>
</trkpt>
<trkpt lat="49.9777061" lon="22.4100786">
<ele>207.265</ele>
<time>2026-05-20T13:40:41.468Z</time>
</trkpt>
<trkpt lat="49.9774537" lon="22.4097560">
<ele>207.051</ele>
<time>2026-05-20T13:40:43.435Z</time>
</trkpt>
<trkpt lat="49.9770711" lon="22.4092455">
<ele>206.790</ele>
<time>2026-05-20T13:40:46.454Z</time>
</trkpt>
<trkpt lat="49.9766946" lon="22.4087314">
<ele>206.586</ele>
<time>2026-05-20T13:40:49.499Z</time>
</trkpt>
<trkpt lat="49.9763393" lon="22.4082359">
<ele>206.542</ele>
<time>2026-05-20T13:40:52.501Z</time>
</trkpt>
<trkpt lat="49.9759892" lon="22.4077634">
<ele>206.619</ele>
<time>2026-05-20T13:40:55.484Z</time>
</trkpt>
<trkpt lat="49.9756439" lon="22.4072804">
<ele>206.707</ele>
<time>2026-05-20T13:40:58.457Z</time>
</trkpt>
<trkpt lat="49.9752908" lon="22.4068025">
<ele>206.753</ele>
<time>2026-05-20T13:41:01.408Z</time>
</trkpt>
<trkpt lat="49.9749472" lon="22.4063510">
<ele>206.860</ele>
<time>2026-05-20T13:41:04.324Z</time>
</trkpt>
<trkpt lat="49.9746569" lon="22.4059418">
<ele>207.327</ele>
<time>2026-05-20T13:41:07.138Z</time>
</trkpt>
<trkpt lat="49.9744046" lon="22.4056059">
<ele>208.248</ele>
<time>2026-05-20T13:41:09.965Z</time>
</trkpt>
<trkpt lat="49.9742124" lon="22.4053045">
<ele>209.280</ele>
<time>2026-05-20T13:41:12.956Z</time>
</trkpt>
<trkpt lat="49.9741011" lon="22.4051002">
<ele>210.029</ele>
<time>2026-05-20T13:41:15.485Z</time>
</trkpt>
<trkpt lat="49.9739603" lon="22.4049415">
<ele>210.374</ele>
<time>2026-05-20T13:41:18.401Z</time>
</trkpt>
<trkpt lat="49.9737403" lon="22.4046529">
<ele>210.427</ele>
<time>2026-05-20T13:41:21.838Z</time>
</trkpt>
<trkpt lat="49.9734625" lon="22.4042780">
<ele>210.399</ele>
<time>2026-05-20T13:41:25.012Z</time>
</trkpt>
<trkpt lat="49.9731275" lon="22.4038058">
<ele>210.471</ele>
<time>2026-05-20T13:41:28.183Z</time>
</trkpt>
<trkpt lat="49.9727599" lon="22.4032559">
<ele>210.791</ele>
<time>2026-05-20T13:41:31.303Z</time>
</trkpt>
<trkpt lat="49.9723554" lon="22.4026851">
<ele>211.283</ele>
<time>2026-05-20T13:41:34.368Z</time>
</trkpt>
<trkpt lat="49.9719248" lon="22.4020884">
<ele>211.670</ele>
<time>2026-05-20T13:41:37.426Z</time>
</trkpt>
<trkpt lat="49.9714784" lon="22.4014858">
<ele>211.666</ele>
<time>2026-05-20T13:41:40.443Z</time>
</trkpt>
<trkpt lat="49.9710242" lon="22.4008623">
<ele>211.259</ele>
<time>2026-05-20T13:41:43.494Z</time>
</trkpt>
<trkpt lat="49.9705853" lon="22.4002603">
<ele>210.746</ele>
<time>2026-05-20T13:41:46.499Z</time>
</trkpt>
<trkpt lat="49.9701672" lon="22.3996705">
<ele>210.382</ele>
<time>2026-05-20T13:41:49.492Z</time>
</trkpt>
<trkpt lat="49.9697571" lon="22.3991056">
<ele>210.156</ele>
<time>2026-05-20T13:41:52.463Z</time>
</trkpt>
<trkpt lat="49.9693506" lon="22.3985412">
<ele>210.001</ele>
<time>2026-05-20T13:41:55.444Z</time>
</trkpt>
<trkpt lat="49.9689385" lon="22.3979888">
<ele>209.861</ele>
<time>2026-05-20T13:41:58.437Z</time>
</trkpt>
<trkpt lat="49.9685017" lon="22.3975062">
<ele>209.759</ele>
<time>2026-05-20T13:42:01.404Z</time>
</trkpt>
<trkpt lat="49.9680152" lon="22.3971466">
<ele>209.748</ele>
<time>2026-05-20T13:42:04.418Z</time>
</trkpt>
<trkpt lat="49.9675229" lon="22.3968991">
<ele>210.001</ele>
<time>2026-05-20T13:42:07.375Z</time>
</trkpt>
<trkpt lat="49.9670179" lon="22.3967997">
<ele>210.568</ele>
<time>2026-05-20T13:42:10.361Z</time>
</trkpt>
<trkpt lat="49.9665175" lon="22.3967977">
<ele>211.111</ele>
<time>2026-05-20T13:42:13.347Z</time>
</trkpt>
<trkpt lat="49.9660188" lon="22.3967932">
<ele>211.036</ele>
<time>2026-05-20T13:42:16.345Z</time>
</trkpt>
<trkpt lat="49.9655184" lon="22.3967895">
<ele>210.249</ele>
<time>2026-05-20T13:42:19.359Z</time>
</trkpt>
<trkpt lat="49.9650241" lon="22.3967803">
<ele>209.535</ele>
<time>2026-05-20T13:42:22.383Z</time>
</trkpt>
<trkpt lat="49.9645632" lon="22.3967258">
<ele>209.542</ele>
<time>2026-05-20T13:42:25.279Z</time>
</trkpt>
<trkpt lat="49.9640937" lon="22.3965726">
<ele>209.949</ele>
<time>2026-05-20T13:42:28.285Z</time>
</trkpt>
<trkpt lat="49.9636233" lon="22.3963422">
<ele>210.158</ele>
<time>2026-05-20T13:42:31.303Z</time>
</trkpt>
<trkpt lat="49.9631545" lon="22.3960435">
<ele>209.941</ele>
<time>2026-05-20T13:42:34.329Z</time>
</trkpt>
<trkpt lat="49.9628397" lon="22.3958433">
<ele>209.518</ele>
<time>2026-05-20T13:42:36.328Z</time>
</trkpt>
<trkpt lat="49.9623687" lon="22.3955382">
<ele>209.305</ele>
<time>2026-05-20T13:42:39.326Z</time>
</trkpt>
<trkpt lat="49.9619051" lon="22.3952421">
<ele>209.695</ele>
<time>2026-05-20T13:42:42.290Z</time>
</trkpt>
<trkpt lat="49.9615954" lon="22.3950462">
<ele>210.646</ele>
<time>2026-05-20T13:42:44.278Z</time>
</trkpt>
<trkpt lat="49.9612840" lon="22.3948515">
<ele>211.664</ele>
<time>2026-05-20T13:42:46.273Z</time>
</trkpt>
<trkpt lat="49.9608200" lon="22.3945463">
<ele>212.446</ele>
<time>2026-05-20T13:42:49.252Z</time>
</trkpt>
<trkpt lat="49.9603418" lon="22.3942520">
<ele>213.061</ele>
<time>2026-05-20T13:42:52.250Z</time>
</trkpt>
<trkpt lat="49.9598529" lon="22.3939390">
<ele>213.543</ele>
<time>2026-05-20T13:42:55.311Z</time>
</trkpt>
<trkpt lat="49.9593902" lon="22.3936497">
<ele>213.684</ele>
<time>2026-05-20T13:42:58.279Z</time>
</trkpt>
<trkpt lat="49.9589591" lon="22.3933750">
<ele>213.332</ele>
<time>2026-05-20T13:43:01.199Z</time>
</trkpt>
<trkpt lat="49.9585422" lon="22.3931120">
<ele>212.789</ele>
<time>2026-05-20T13:43:04.147Z</time>
</trkpt>
<trkpt lat="49.9581349" lon="22.3928455">
<ele>212.540</ele>
<time>2026-05-20T13:43:07.113Z</time>
</trkpt>
<trkpt lat="49.9577174" lon="22.3925991">
<ele>212.759</ele>
<time>2026-05-20T13:43:10.144Z</time>
</trkpt>
<trkpt lat="49.9573221" lon="22.3923451">
<ele>213.700</ele>
<time>2026-05-20T13:43:13.108Z</time>
</trkpt>
<trkpt lat="49.9569364" lon="22.3920997">
<ele>215.463</ele>
<time>2026-05-20T13:43:16.064Z</time>
</trkpt>
<trkpt lat="49.9565601" lon="22.3918143">
<ele>217.303</ele>
<time>2026-05-20T13:43:19.053Z</time>
</trkpt>
<trkpt lat="49.9562386" lon="22.3913954">
<ele>218.345</ele>
<time>2026-05-20T13:43:22.088Z</time>
</trkpt>
<trkpt lat="49.9559971" lon="22.3909302">
<ele>218.633</ele>
<time>2026-05-20T13:43:25.052Z</time>
</trkpt>
<trkpt lat="49.9558190" lon="22.3904813">
<ele>218.644</ele>
<time>2026-05-20T13:43:27.839Z</time>
</trkpt>
<trkpt lat="49.9556070" lon="22.3899805">
<ele>218.670</ele>
<time>2026-05-20T13:43:30.834Z</time>
</trkpt>
<trkpt lat="49.9553470" lon="22.3893603">
<ele>218.711</ele>
<time>2026-05-20T13:43:33.957Z</time>
</trkpt>
<trkpt lat="49.9550405" lon="22.3886711">
<ele>218.706</ele>
<time>2026-05-20T13:43:37.014Z</time>
</trkpt>
<trkpt lat="49.9547195" lon="22.3879046">
<ele>218.582</ele>
<time>2026-05-20T13:43:40.034Z</time>
</trkpt>
<trkpt lat="49.9543968" lon="22.3870615">
<ele>218.229</ele>
<time>2026-05-20T13:43:43.047Z</time>
</trkpt>
<trkpt lat="49.9540524" lon="22.3861798">
<ele>217.642</ele>
<time>2026-05-20T13:43:46.126Z</time>
</trkpt>
<trkpt lat="49.9537280" lon="22.3853814">
<ele>217.064</ele>
<time>2026-05-20T13:43:49.055Z</time>
</trkpt>
<trkpt lat="49.9534206" lon="22.3846409">
<ele>216.819</ele>
<time>2026-05-20T13:43:51.971Z</time>
</trkpt>
<trkpt lat="49.9531263" lon="22.3839207">
<ele>217.022</ele>
<time>2026-05-20T13:43:54.889Z</time>
</trkpt>
<trkpt lat="49.9528194" lon="22.3831726">
<ele>217.473</ele>
<time>2026-05-20T13:43:57.873Z</time>
</trkpt>
<trkpt lat="49.9524942" lon="22.3823783">
<ele>217.637</ele>
<time>2026-05-20T13:44:00.893Z</time>
</trkpt>
<trkpt lat="49.9521567" lon="22.3815486">
<ele>217.064</ele>
<time>2026-05-20T13:44:03.921Z</time>
</trkpt>
<trkpt lat="49.9518190" lon="22.3807223">
<ele>216.016</ele>
<time>2026-05-20T13:44:06.911Z</time>
</trkpt>
<trkpt lat="49.9514981" lon="22.3799011">
<ele>215.317</ele>
<time>2026-05-20T13:44:09.883Z</time>
</trkpt>
<trkpt lat="49.9512483" lon="22.3790333">
<ele>215.577</ele>
<time>2026-05-20T13:44:12.860Z</time>
</trkpt>
<trkpt lat="49.9510567" lon="22.3781129">
<ele>216.596</ele>
<time>2026-05-20T13:44:15.886Z</time>
</trkpt>
<trkpt lat="49.9508792" lon="22.3771893">
<ele>217.593</ele>
<time>2026-05-20T13:44:18.897Z</time>
</trkpt>
<trkpt lat="49.9507080" lon="22.3762829">
<ele>218.052</ele>
<time>2026-05-20T13:44:21.883Z</time>
</trkpt>
<trkpt lat="49.9505400" lon="22.3754101">
<ele>217.949</ele>
<time>2026-05-20T13:44:24.818Z</time>
</trkpt>
<trkpt lat="49.9503750" lon="22.3745442">
<ele>217.433</ele>
<time>2026-05-20T13:44:27.771Z</time>
</trkpt>
<trkpt lat="49.9502145" lon="22.3736813">
<ele>216.833</ele>
<time>2026-05-20T13:44:30.747Z</time>
</trkpt>
<trkpt lat="49.9500567" lon="22.3728562">
<ele>216.626</ele>
<time>2026-05-20T13:44:33.689Z</time>
</trkpt>
<trkpt lat="49.9499165" lon="22.3720754">
<ele>217.215</ele>
<time>2026-05-20T13:44:36.592Z</time>
</trkpt>
<trkpt lat="49.9497968" lon="22.3713146">
<ele>218.546</ele>
<time>2026-05-20T13:44:39.529Z</time>
</trkpt>
<trkpt lat="49.9497491" lon="22.3708063">
<ele>220.072</ele>
<time>2026-05-20T13:44:41.518Z</time>
</trkpt>
<trkpt lat="49.9497071" lon="22.3702863">
<ele>221.225</ele>
<time>2026-05-20T13:44:43.570Z</time>
</trkpt>
<trkpt lat="49.9496554" lon="22.3695157">
<ele>221.709</ele>
<time>2026-05-20T13:44:46.618Z</time>
</trkpt>
<trkpt lat="49.9496030" lon="22.3687383">
<ele>221.533</ele>
<time>2026-05-20T13:44:49.707Z</time>
</trkpt>
<trkpt lat="49.9495605" lon="22.3682077">
<ele>220.914</ele>
<time>2026-05-20T13:44:51.808Z</time>
</trkpt>
<trkpt lat="49.9494916" lon="22.3674304">
<ele>220.184</ele>
<time>2026-05-20T13:44:54.882Z</time>
</trkpt>
<trkpt lat="49.9494349" lon="22.3666810">
<ele>219.686</ele>
<time>2026-05-20T13:44:57.890Z</time>
</trkpt>
<trkpt lat="49.9493855" lon="22.3659871">
<ele>219.660</ele>
<time>2026-05-20T13:45:00.856Z</time>
</trkpt>
<trkpt lat="49.9493473" lon="22.3654051">
<ele>220.461</ele>
<time>2026-05-20T13:45:03.609Z</time>
</trkpt>
<trkpt lat="49.9492890" lon="22.3648882">
<ele>222.468</ele>
<time>2026-05-20T13:45:06.342Z</time>
</trkpt>
<trkpt lat="49.9490214" lon="22.3644958">
<ele>225.379</ele>
<time>2026-05-20T13:45:09.448Z</time>
</trkpt>
<trkpt lat="49.9486974" lon="22.3641023">
<ele>228.288</ele>
<time>2026-05-20T13:45:12.657Z</time>
</trkpt>
<trkpt lat="49.9483757" lon="22.3636647">
<ele>230.381</ele>
<time>2026-05-20T13:45:15.799Z</time>
</trkpt>
<trkpt lat="49.9480117" lon="22.3634861">
<ele>231.158</ele>
<time>2026-05-20T13:45:18.700Z</time>
</trkpt>
<trkpt lat="49.9476161" lon="22.3633615">
<ele>230.603</ele>
<time>2026-05-20T13:45:21.756Z</time>
</trkpt>
<trkpt lat="49.9472073" lon="22.3630314">
<ele>229.192</ele>
<time>2026-05-20T13:45:24.943Z</time>
</trkpt>
<trkpt lat="49.9467850" lon="22.3627119">
<ele>227.528</ele>
<time>2026-05-20T13:45:28.040Z</time>
</trkpt>
<trkpt lat="49.9464029" lon="22.3624165">
<ele>226.082</ele>
<time>2026-05-20T13:45:30.997Z</time>
</trkpt>
<trkpt lat="49.9461822" lon="22.3619811">
<ele>225.099</ele>
<time>2026-05-20T13:45:33.748Z</time>
</trkpt>
<trkpt lat="49.9459663" lon="22.3615571">
<ele>224.604</ele>
<time>2026-05-20T13:45:36.640Z</time>
</trkpt>
<trkpt lat="49.9456153" lon="22.3612824">
<ele>224.780</ele>
<time>2026-05-20T13:45:39.761Z</time>
</trkpt>
<trkpt lat="49.9451948" lon="22.3610435">
<ele>225.635</ele>
<time>2026-05-20T13:45:42.934Z</time>
</trkpt>
<trkpt lat="49.9447631" lon="22.3608341">
<ele>226.723</ele>
<time>2026-05-20T13:45:45.955Z</time>
</trkpt>
<trkpt lat="49.9443217" lon="22.3606147">
<ele>227.680</ele>
<time>2026-05-20T13:45:49.024Z</time>
</trkpt>
<trkpt lat="49.9438845" lon="22.3604183">
<ele>228.440</ele>
<time>2026-05-20T13:45:52.032Z</time>
</trkpt>
<trkpt lat="49.9434424" lon="22.3603108">
<ele>229.191</ele>
<time>2026-05-20T13:45:54.939Z</time>
</trkpt>
<trkpt lat="49.9429583" lon="22.3603713">
<ele>230.095</ele>
<time>2026-05-20T13:45:57.956Z</time>
</trkpt>
<trkpt lat="49.9424827" lon="22.3604124">
<ele>230.778</ele>
<time>2026-05-20T13:46:00.855Z</time>
</trkpt>
<trkpt lat="49.9420265" lon="22.3603757">
<ele>230.934</ele>
<time>2026-05-20T13:46:03.696Z</time>
</trkpt>
<trkpt lat="49.9415700" lon="22.3602057">
<ele>230.978</ele>
<time>2026-05-20T13:46:06.638Z</time>
</trkpt>
<trkpt lat="49.9410997" lon="22.3600382">
<ele>231.375</ele>
<time>2026-05-20T13:46:09.585Z</time>
</trkpt>
<trkpt lat="49.9406592" lon="22.3598738">
<ele>232.005</ele>
<time>2026-05-20T13:46:12.361Z</time>
</trkpt>
<trkpt lat="49.9402539" lon="22.3595711">
<ele>232.480</ele>
<time>2026-05-20T13:46:15.258Z</time>
</trkpt>
<trkpt lat="49.9398938" lon="22.3591354">
<ele>232.728</ele>
<time>2026-05-20T13:46:18.284Z</time>
</trkpt>
<trkpt lat="49.9396014" lon="22.3585853">
<ele>232.857</ele>
<time>2026-05-20T13:46:21.317Z</time>
</trkpt>
<trkpt lat="49.9394299" lon="22.3578958">
<ele>232.944</ele>
<time>2026-05-20T13:46:24.398Z</time>
</trkpt>
<trkpt lat="49.9392647" lon="22.3571838">
<ele>233.073</ele>
<time>2026-05-20T13:46:27.417Z</time>
</trkpt>
<trkpt lat="49.9390963" lon="22.3565002">
<ele>233.404</ele>
<time>2026-05-20T13:46:30.313Z</time>
</trkpt>
<trkpt lat="49.9389216" lon="22.3558665">
<ele>234.044</ele>
<time>2026-05-20T13:46:33.170Z</time>
</trkpt>
<trkpt lat="49.9386554" lon="22.3553601">
<ele>234.805</ele>
<time>2026-05-20T13:46:36.003Z</time>
</trkpt>
<trkpt lat="49.9383596" lon="22.3548441">
<ele>235.153</ele>
<time>2026-05-20T13:46:39.019Z</time>
</trkpt>
<trkpt lat="49.9380659" lon="22.3543109">
<ele>234.514</ele>
<time>2026-05-20T13:46:42.060Z</time>
</trkpt>
<trkpt lat="49.9378293" lon="22.3537685">
<ele>232.507</ele>
<time>2026-05-20T13:46:44.953Z</time>
</trkpt>
<trkpt lat="49.9377453" lon="22.3533490">
<ele>229.759</ele>
<time>2026-05-20T13:46:46.954Z</time>
</trkpt>
<trkpt lat="49.9376649" lon="22.3529302">
<ele>227.688</ele>
<time>2026-05-20T13:46:48.948Z</time>
</trkpt>
<trkpt lat="49.9375360" lon="22.3523451">
<ele>226.970</ele>
<time>2026-05-20T13:46:51.832Z</time>
</trkpt>
<trkpt lat="49.9374100" lon="22.3520561">
<ele>227.073</ele>
<time>2026-05-20T13:46:53.595Z</time>
</trkpt>
<trkpt lat="49.9370750" lon="22.3518770">
<ele>227.258</ele>
<time>2026-05-20T13:46:56.617Z</time>
</trkpt>
<trkpt lat="49.9368146" lon="22.3518310">
<ele>227.232</ele>
<time>2026-05-20T13:46:58.812Z</time>
</trkpt>
<trkpt lat="49.9364278" lon="22.3516743">
<ele>227.172</ele>
<time>2026-05-20T13:47:01.894Z</time>
</trkpt>
<trkpt lat="49.9361012" lon="22.3512395">
<ele>227.288</ele>
<time>2026-05-20T13:47:05.023Z</time>
</trkpt>
<trkpt lat="49.9357809" lon="22.3507344">
<ele>227.607</ele>
<time>2026-05-20T13:47:08.134Z</time>
</trkpt>
<trkpt lat="49.9354762" lon="22.3502325">
<ele>227.982</ele>
<time>2026-05-20T13:47:11.084Z</time>
</trkpt>
<trkpt lat="49.9352243" lon="22.3497164">
<ele>228.254</ele>
<time>2026-05-20T13:47:13.919Z</time>
</trkpt>
<trkpt lat="49.9350144" lon="22.3491126">
<ele>228.345</ele>
<time>2026-05-20T13:47:16.964Z</time>
</trkpt>
<trkpt lat="49.9348937" lon="22.3483844">
<ele>228.283</ele>
<time>2026-05-20T13:47:20.137Z</time>
</trkpt>
<trkpt lat="49.9348626" lon="22.3476336">
<ele>228.248</ele>
<time>2026-05-20T13:47:23.155Z</time>
</trkpt>
<trkpt lat="49.9348304" lon="22.3468984">
<ele>228.491</ele>
<time>2026-05-20T13:47:26.113Z</time>
</trkpt>
<trkpt lat="49.9347755" lon="22.3461960">
<ele>228.990</ele>
<time>2026-05-20T13:47:29.056Z</time>
</trkpt>
<trkpt lat="49.9346782" lon="22.3455382">
<ele>229.009</ele>
<time>2026-05-20T13:47:31.957Z</time>
</trkpt>
<trkpt lat="49.9344387" lon="22.3449095">
<ele>228.101</ele>
<time>2026-05-20T13:47:35.077Z</time>
</trkpt>
<trkpt lat="49.9341655" lon="22.3443043">
<ele>226.992</ele>
<time>2026-05-20T13:47:38.122Z</time>
</trkpt>
<trkpt lat="49.9339028" lon="22.3436874">
<ele>226.432</ele>
<time>2026-05-20T13:47:41.110Z</time>
</trkpt>
<trkpt lat="49.9336281" lon="22.3430859">
<ele>226.417</ele>
<time>2026-05-20T13:47:44.089Z</time>
</trkpt>
<trkpt lat="49.9333041" lon="22.3425488">
<ele>226.630</ele>
<time>2026-05-20T13:47:47.074Z</time>
</trkpt>
<trkpt lat="49.9329218" lon="22.3420729">
<ele>226.808</ele>
<time>2026-05-20T13:47:50.129Z</time>
</trkpt>
<trkpt lat="49.9325435" lon="22.3415785">
<ele>226.807</ele>
<time>2026-05-20T13:47:53.156Z</time>
</trkpt>
<trkpt lat="49.9321509" lon="22.3411060">
<ele>226.706</ele>
<time>2026-05-20T13:47:56.166Z</time>
</trkpt>
<trkpt lat="49.9317593" lon="22.3406174">
<ele>226.593</ele>
<time>2026-05-20T13:47:59.191Z</time>
</trkpt>
<trkpt lat="49.9313709" lon="22.3401618">
<ele>226.544</ele>
<time>2026-05-20T13:48:02.140Z</time>
</trkpt>
<trkpt lat="49.9309358" lon="22.3398395">
<ele>226.788</ele>
<time>2026-05-20T13:48:05.116Z</time>
</trkpt>
<trkpt lat="49.9304819" lon="22.3395375">
<ele>227.456</ele>
<time>2026-05-20T13:48:08.154Z</time>
</trkpt>
<trkpt lat="49.9300180" lon="22.3392436">
<ele>228.207</ele>
<time>2026-05-20T13:48:11.172Z</time>
</trkpt>
<trkpt lat="49.9295435" lon="22.3389374">
<ele>228.737</ele>
<time>2026-05-20T13:48:14.207Z</time>
</trkpt>
<trkpt lat="49.9290642" lon="22.3386280">
<ele>228.873</ele>
<time>2026-05-20T13:48:17.225Z</time>
</trkpt>
<trkpt lat="49.9286058" lon="22.3383467">
<ele>228.632</ele>
<time>2026-05-20T13:48:20.152Z</time>
</trkpt>
<trkpt lat="49.9282088" lon="22.3380817">
<ele>228.248</ele>
<time>2026-05-20T13:48:22.915Z</time>
</trkpt>
<trkpt lat="49.9279249" lon="22.3376610">
<ele>227.790</ele>
<time>2026-05-20T13:48:25.701Z</time>
</trkpt>
<trkpt lat="49.9277448" lon="22.3370807">
<ele>227.205</ele>
<time>2026-05-20T13:48:28.776Z</time>
</trkpt>
<trkpt lat="49.9274558" lon="22.3366112">
<ele>226.856</ele>
<time>2026-05-20T13:48:31.837Z</time>
</trkpt>
<trkpt lat="49.9270835" lon="22.3361896">
<ele>227.136</ele>
<time>2026-05-20T13:48:35.035Z</time>
</trkpt>
<trkpt lat="49.9267121" lon="22.3357593">
<ele>227.827</ele>
<time>2026-05-20T13:48:38.095Z</time>
</trkpt>
<trkpt lat="49.9263515" lon="22.3353823">
<ele>228.517</ele>
<time>2026-05-20T13:48:41.010Z</time>
</trkpt>
<trkpt lat="49.9259518" lon="22.3351841">
<ele>229.135</ele>
<time>2026-05-20T13:48:43.948Z</time>
</trkpt>
<trkpt lat="49.9255297" lon="22.3350923">
<ele>230.044</ele>
<time>2026-05-20T13:48:46.978Z</time>
</trkpt>
<trkpt lat="49.9251041" lon="22.3348045">
<ele>231.310</ele>
<time>2026-05-20T13:48:50.126Z</time>
</trkpt>
<trkpt lat="49.9246676" lon="22.3344381">
<ele>232.238</ele>
<time>2026-05-20T13:48:53.258Z</time>
</trkpt>
<trkpt lat="49.9243648" lon="22.3342034">
<ele>232.319</ele>
<time>2026-05-20T13:48:55.305Z</time>
</trkpt>
<trkpt lat="49.9239256" lon="22.3338756">
<ele>231.626</ele>
<time>2026-05-20T13:48:58.257Z</time>
</trkpt>
<trkpt lat="49.9236445" lon="22.3337093">
<ele>230.291</ele>
<time>2026-05-20T13:49:00.149Z</time>
</trkpt>
<trkpt lat="49.9232022" lon="22.3336509">
<ele>228.851</ele>
<time>2026-05-20T13:49:03.082Z</time>
</trkpt>
<trkpt lat="49.9227944" lon="22.3335619">
<ele>228.322</ele>
<time>2026-05-20T13:49:05.949Z</time>
</trkpt>
<trkpt lat="49.9225220" lon="22.3331879">
<ele>229.620</ele>
<time>2026-05-20T13:49:08.742Z</time>
</trkpt>
<trkpt lat="49.9223876" lon="22.3326427">
<ele>232.597</ele>
<time>2026-05-20T13:49:11.832Z</time>
</trkpt>
<trkpt lat="49.9222282" lon="22.3320825">
<ele>236.115</ele>
<time>2026-05-20T13:49:14.965Z</time>
</trkpt>
<trkpt lat="49.9221119" lon="22.3314150">
<ele>239.083</ele>
<time>2026-05-20T13:49:18.167Z</time>
</trkpt>
<trkpt lat="49.9220709" lon="22.3306262">
<ele>240.805</ele>
<time>2026-05-20T13:49:21.406Z</time>
</trkpt>
<trkpt lat="49.9221154" lon="22.3297973">
<ele>240.553</ele>
<time>2026-05-20T13:49:24.520Z</time>
</trkpt>
<trkpt lat="49.9221571" lon="22.3289930">
<ele>238.166</ele>
<time>2026-05-20T13:49:27.494Z</time>
</trkpt>
<trkpt lat="49.9221106" lon="22.3282252">
<ele>234.977</ele>
<time>2026-05-20T13:49:30.414Z</time>
</trkpt>
<trkpt lat="49.9219973" lon="22.3274571">
<ele>232.858</ele>
<time>2026-05-20T13:49:33.436Z</time>
</trkpt>
<trkpt lat="49.9218842" lon="22.3266569">
<ele>232.323</ele>
<time>2026-05-20T13:49:36.508Z</time>
</trkpt>
<trkpt lat="49.9217771" lon="22.3258506">
<ele>232.729</ele>
<time>2026-05-20T13:49:39.517Z</time>
</trkpt>
<trkpt lat="49.9216573" lon="22.3250295">
<ele>233.410</ele>
<time>2026-05-20T13:49:42.544Z</time>
</trkpt>
<trkpt lat="49.9215423" lon="22.3242338">
<ele>234.059</ele>
<time>2026-05-20T13:49:45.497Z</time>
</trkpt>
<trkpt lat="49.9214459" lon="22.3234894">
<ele>234.586</ele>
<time>2026-05-20T13:49:48.370Z</time>
</trkpt>
<trkpt lat="49.9213557" lon="22.3228031">
<ele>234.879</ele>
<time>2026-05-20T13:49:51.205Z</time>
</trkpt>
<trkpt lat="49.9212018" lon="22.3221532">
<ele>235.113</ele>
<time>2026-05-20T13:49:54.168Z</time>
</trkpt>
<trkpt lat="49.9209192" lon="22.3215239">
<ele>235.557</ele>
<time>2026-05-20T13:49:57.375Z</time>
</trkpt>
<trkpt lat="49.9206309" lon="22.3208643">
<ele>236.254</ele>
<time>2026-05-20T13:50:00.498Z</time>
</trkpt>
<trkpt lat="49.9203268" lon="22.3202013">
<ele>237.264</ele>
<time>2026-05-20T13:50:03.575Z</time>
</trkpt>
<trkpt lat="49.9200426" lon="22.3195796">
<ele>238.830</ele>
<time>2026-05-20T13:50:06.516Z</time>
</trkpt>
<trkpt lat="49.9198679" lon="22.3189699">
<ele>240.606</ele>
<time>2026-05-20T13:50:09.303Z</time>
</trkpt>
<trkpt lat="49.9199464" lon="22.3183258">
<ele>241.953</ele>
<time>2026-05-20T13:50:12.283Z</time>
</trkpt>
<trkpt lat="49.9200505" lon="22.3176523">
<ele>242.677</ele>
<time>2026-05-20T13:50:15.388Z</time>
</trkpt>
<trkpt lat="49.9201258" lon="22.3169308">
<ele>242.996</ele>
<time>2026-05-20T13:50:18.456Z</time>
</trkpt>
<trkpt lat="49.9201757" lon="22.3161989">
<ele>243.106</ele>
<time>2026-05-20T13:50:21.438Z</time>
</trkpt>
<trkpt lat="49.9202562" lon="22.3154561">
<ele>242.902</ele>
<time>2026-05-20T13:50:24.440Z</time>
</trkpt>
<trkpt lat="49.9204444" lon="22.3147555">
<ele>242.129</ele>
<time>2026-05-20T13:50:27.433Z</time>
</trkpt>
<trkpt lat="49.9206680" lon="22.3140716">
<ele>241.091</ele>
<time>2026-05-20T13:50:30.442Z</time>
</trkpt>
<trkpt lat="49.9209406" lon="22.3134287">
<ele>240.207</ele>
<time>2026-05-20T13:50:33.442Z</time>
</trkpt>
<trkpt lat="49.9212679" lon="22.3128556">
<ele>239.514</ele>
<time>2026-05-20T13:50:36.419Z</time>
</trkpt>
<trkpt lat="49.9215903" lon="22.3122865">
<ele>239.361</ele>
<time>2026-05-20T13:50:39.381Z</time>
</trkpt>
<trkpt lat="49.9219216" lon="22.3117604">
<ele>239.980</ele>
<time>2026-05-20T13:50:42.315Z</time>
</trkpt>
<trkpt lat="49.9222286" lon="22.3112394">
<ele>240.699</ele>
<time>2026-05-20T13:50:45.236Z</time>
</trkpt>
<trkpt lat="49.9225021" lon="22.3107330">
<ele>240.914</ele>
<time>2026-05-20T13:50:48.163Z</time>
</trkpt>
<trkpt lat="49.9226468" lon="22.3101643">
<ele>240.878</ele>
<time>2026-05-20T13:50:51.112Z</time>
</trkpt>
<trkpt lat="49.9226322" lon="22.3095233">
<ele>240.963</ele>
<time>2026-05-20T13:50:54.227Z</time>
</trkpt>
<trkpt lat="49.9225632" lon="22.3088564">
<ele>241.343</ele>
<time>2026-05-20T13:50:57.301Z</time>
</trkpt>
<trkpt lat="49.9225284" lon="22.3084002">
<ele>241.981</ele>
<time>2026-05-20T13:50:59.274Z</time>
</trkpt>
<trkpt lat="49.9224749" lon="22.3079183">
<ele>242.342</ele>
<time>2026-05-20T13:51:01.295Z</time>
</trkpt>
<trkpt lat="49.9223949" lon="22.3072093">
<ele>241.974</ele>
<time>2026-05-20T13:51:04.235Z</time>
</trkpt>
<trkpt lat="49.9223055" lon="22.3065347">
<ele>241.234</ele>
<time>2026-05-20T13:51:07.132Z</time>
</trkpt>
<trkpt lat="49.9221858" lon="22.3061340">
<ele>240.682</ele>
<time>2026-05-20T13:51:09.052Z</time>
</trkpt>
<trkpt lat="49.9220017" lon="22.3058105">
<ele>240.481</ele>
<time>2026-05-20T13:51:10.959Z</time>
</trkpt>
<trkpt lat="49.9217610" lon="22.3055695">
<ele>240.585</ele>
<time>2026-05-20T13:51:12.932Z</time>
</trkpt>
<trkpt lat="49.9213240" lon="22.3051921">
<ele>240.951</ele>
<time>2026-05-20T13:51:16.211Z</time>
</trkpt>
<trkpt lat="49.9208765" lon="22.3047963">
<ele>241.446</ele>
<time>2026-05-20T13:51:19.377Z</time>
</trkpt>
<trkpt lat="49.9204273" lon="22.3044114">
<ele>241.823</ele>
<time>2026-05-20T13:51:22.450Z</time>
</trkpt>
<trkpt lat="49.9199722" lon="22.3040585">
<ele>241.968</ele>
<time>2026-05-20T13:51:25.495Z</time>
</trkpt>
<trkpt lat="49.9194732" lon="22.3038220">
<ele>241.967</ele>
<time>2026-05-20T13:51:28.607Z</time>
</trkpt>
<trkpt lat="49.9189422" lon="22.3036356">
<ele>242.035</ele>
<time>2026-05-20T13:51:31.758Z</time>
</trkpt>
<trkpt lat="49.9184001" lon="22.3034539">
<ele>242.338</ele>
<time>2026-05-20T13:51:34.856Z</time>
</trkpt>
<trkpt lat="49.9178559" lon="22.3032835">
<ele>242.812</ele>
<time>2026-05-20T13:51:37.903Z</time>
</trkpt>
<trkpt lat="49.9173250" lon="22.3031099">
<ele>243.447</ele>
<time>2026-05-20T13:51:40.949Z</time>
</trkpt>
<trkpt lat="49.9168697" lon="22.3028922">
<ele>244.333</ele>
<time>2026-05-20T13:51:43.870Z</time>
</trkpt>
<trkpt lat="49.9165341" lon="22.3024990">
<ele>245.280</ele>
<time>2026-05-20T13:51:46.747Z</time>
</trkpt>
<trkpt lat="49.9163007" lon="22.3019523">
<ele>245.957</ele>
<time>2026-05-20T13:51:49.779Z</time>
</trkpt>
<trkpt lat="49.9160912" lon="22.3013760">
<ele>246.593</ele>
<time>2026-05-20T13:51:52.842Z</time>
</trkpt>
<trkpt lat="49.9158456" lon="22.3008506">
<ele>247.769</ele>
<time>2026-05-20T13:51:55.868Z</time>
</trkpt>
<trkpt lat="49.9154804" lon="22.3004274">
<ele>249.358</ele>
<time>2026-05-20T13:51:59.077Z</time>
</trkpt>
<trkpt lat="49.9150903" lon="22.3000060">
<ele>250.747</ele>
<time>2026-05-20T13:52:02.214Z</time>
</trkpt>
<trkpt lat="49.9146780" lon="22.2995940">
<ele>251.695</ele>
<time>2026-05-20T13:52:05.270Z</time>
</trkpt>
<trkpt lat="49.9142571" lon="22.2991536">
<ele>252.008</ele>
<time>2026-05-20T13:52:08.320Z</time>
</trkpt>
<trkpt lat="49.9138339" lon="22.2987108">
<ele>251.408</ele>
<time>2026-05-20T13:52:11.392Z</time>
</trkpt>
<trkpt lat="49.9134368" lon="22.2983225">
<ele>250.050</ele>
<time>2026-05-20T13:52:14.386Z</time>
</trkpt>
<trkpt lat="49.9130268" lon="22.2981394">
<ele>248.466</ele>
<time>2026-05-20T13:52:17.358Z</time>
</trkpt>
<trkpt lat="49.9126294" lon="22.2982261">
<ele>247.094</ele>
<time>2026-05-20T13:52:20.288Z</time>
</trkpt>
<trkpt lat="49.9122280" lon="22.2984084">
<ele>246.161</ele>
<time>2026-05-20T13:52:23.278Z</time>
</trkpt>
<trkpt lat="49.9118127" lon="22.2986032">
<ele>245.813</ele>
<time>2026-05-20T13:52:26.289Z</time>
</trkpt>
<trkpt lat="49.9114103" lon="22.2988073">
<ele>246.052</ele>
<time>2026-05-20T13:52:29.303Z</time>
</trkpt>
<trkpt lat="49.9110780" lon="22.2990973">
<ele>246.590</ele>
<time>2026-05-20T13:52:32.168Z</time>
</trkpt>
<trkpt lat="49.9108463" lon="22.2995897">
<ele>247.027</ele>
<time>2026-05-20T13:52:35.155Z</time>
</trkpt>
<trkpt lat="49.9107035" lon="22.3001951">
<ele>247.235</ele>
<time>2026-05-20T13:52:38.215Z</time>
</trkpt>
<trkpt lat="49.9107364" lon="22.3008334">
<ele>247.330</ele>
<time>2026-05-20T13:52:41.181Z</time>
</trkpt>
<trkpt lat="49.9108309" lon="22.3014739">
<ele>247.461</ele>
<time>2026-05-20T13:52:44.162Z</time>
</trkpt>
<trkpt lat="49.9109262" lon="22.3021375">
<ele>247.684</ele>
<time>2026-05-20T13:52:47.188Z</time>
</trkpt>
<trkpt lat="49.9110300" lon="22.3028098">
<ele>247.801</ele>
<time>2026-05-20T13:52:50.306Z</time>
</trkpt>
<trkpt lat="49.9110954" lon="22.3034655">
<ele>247.594</ele>
<time>2026-05-20T13:52:53.500Z</time>
</trkpt>
<trkpt lat="49.9109789" lon="22.3040259">
<ele>247.203</ele>
<time>2026-05-20T13:52:56.466Z</time>
</trkpt>
<trkpt lat="49.9106595" lon="22.3043926">
<ele>246.942</ele>
<time>2026-05-20T13:52:59.455Z</time>
</trkpt>
<trkpt lat="49.9102626" lon="22.3046949">
<ele>247.121</ele>
<time>2026-05-20T13:53:02.493Z</time>
</trkpt>
<trkpt lat="49.9097917" lon="22.3047796">
<ele>247.797</ele>
<time>2026-05-20T13:53:05.513Z</time>
</trkpt>
<trkpt lat="49.9094637" lon="22.3048356">
<ele>248.801</ele>
<time>2026-05-20T13:53:07.521Z</time>
</trkpt>
<trkpt lat="49.9091319" lon="22.3049008">
<ele>249.853</ele>
<time>2026-05-20T13:53:09.548Z</time>
</trkpt>
<trkpt lat="49.9086525" lon="22.3050773">
<ele>250.602</ele>
<time>2026-05-20T13:53:12.531Z</time>
</trkpt>
<trkpt lat="49.9081923" lon="22.3053918">
<ele>250.883</ele>
<time>2026-05-20T13:53:15.542Z</time>
</trkpt>
<trkpt lat="49.9077437" lon="22.3057689">
<ele>250.963</ele>
<time>2026-05-20T13:53:18.539Z</time>
</trkpt>
<trkpt lat="49.9074579" lon="22.3060839">
<ele>251.177</ele>
<time>2026-05-20T13:53:20.538Z</time>
</trkpt>
<trkpt lat="49.9070247" lon="22.3065692">
<ele>251.644</ele>
<time>2026-05-20T13:53:23.552Z</time>
</trkpt>
<trkpt lat="49.9065992" lon="22.3070614">
<ele>252.235</ele>
<time>2026-05-20T13:53:26.537Z</time>
</trkpt>
<trkpt lat="49.9061655" lon="22.3075283">
<ele>252.811</ele>
<time>2026-05-20T13:53:29.582Z</time>
</trkpt>
<trkpt lat="49.9057277" lon="22.3078528">
<ele>253.266</ele>
<time>2026-05-20T13:53:32.523Z</time>
</trkpt>
<trkpt lat="49.9052498" lon="22.3078527">
<ele>253.478</ele>
<time>2026-05-20T13:53:35.458Z</time>
</trkpt>
<trkpt lat="49.9047480" lon="22.3078074">
<ele>253.455</ele>
<time>2026-05-20T13:53:38.434Z</time>
</trkpt>
<trkpt lat="49.9042412" lon="22.3076467">
<ele>253.357</ele>
<time>2026-05-20T13:53:41.371Z</time>
</trkpt>
<trkpt lat="49.9037341" lon="22.3073486">
<ele>253.358</ele>
<time>2026-05-20T13:53:44.377Z</time>
</trkpt>
<trkpt lat="49.9032222" lon="22.3070626">
<ele>253.606</ele>
<time>2026-05-20T13:53:47.424Z</time>
</trkpt>
<trkpt lat="49.9027555" lon="22.3067514">
<ele>254.254</ele>
<time>2026-05-20T13:53:50.400Z</time>
</trkpt>
<trkpt lat="49.9023752" lon="22.3062879">
<ele>255.266</ele>
<time>2026-05-20T13:53:53.324Z</time>
</trkpt>
<trkpt lat="49.9020266" lon="22.3057253">
<ele>256.331</ele>
<time>2026-05-20T13:53:56.366Z</time>
</trkpt>
<trkpt lat="49.9016768" lon="22.3051679">
<ele>257.148</ele>
<time>2026-05-20T13:53:59.374Z</time>
</trkpt>
<trkpt lat="49.9013229" lon="22.3046021">
<ele>257.690</ele>
<time>2026-05-20T13:54:02.391Z</time>
</trkpt>
<trkpt lat="49.9010181" lon="22.3039653">
<ele>258.218</ele>
<time>2026-05-20T13:54:05.403Z</time>
</trkpt>
<trkpt lat="49.9008243" lon="22.3032521">
<ele>258.890</ele>
<time>2026-05-20T13:54:08.366Z</time>
</trkpt>
<trkpt lat="49.9006232" lon="22.3025478">
<ele>259.566</ele>
<time>2026-05-20T13:54:11.339Z</time>
</trkpt>
<trkpt lat="49.9004176" lon="22.3018328">
<ele>260.124</ele>
<time>2026-05-20T13:54:14.358Z</time>
</trkpt>
<trkpt lat="49.9002090" lon="22.3011203">
<ele>260.521</ele>
<time>2026-05-20T13:54:17.379Z</time>
</trkpt>
<trkpt lat="49.9000079" lon="22.3004299">
<ele>260.720</ele>
<time>2026-05-20T13:54:20.321Z</time>
</trkpt>
<trkpt lat="49.8998033" lon="22.2997317">
<ele>261.145</ele>
<time>2026-05-20T13:54:23.286Z</time>
</trkpt>
<trkpt lat="49.8995951" lon="22.2990149">
<ele>262.119</ele>
<time>2026-05-20T13:54:26.283Z</time>
</trkpt>
<trkpt lat="49.8993881" lon="22.2982936">
<ele>263.119</ele>
<time>2026-05-20T13:54:29.286Z</time>
</trkpt>
<trkpt lat="49.8991827" lon="22.2976013">
<ele>263.703</ele>
<time>2026-05-20T13:54:32.256Z</time>
</trkpt>
<trkpt lat="49.8989940" lon="22.2969254">
<ele>264.196</ele>
<time>2026-05-20T13:54:35.246Z</time>
</trkpt>
<trkpt lat="49.8988037" lon="22.2962763">
<ele>264.761</ele>
<time>2026-05-20T13:54:38.240Z</time>
</trkpt>
<trkpt lat="49.8986179" lon="22.2956503">
<ele>265.343</ele>
<time>2026-05-20T13:54:41.249Z</time>
</trkpt>
<trkpt lat="49.8983786" lon="22.2951249">
<ele>266.226</ele>
<time>2026-05-20T13:54:44.216Z</time>
</trkpt>
<trkpt lat="49.8980224" lon="22.2948095">
<ele>267.432</ele>
<time>2026-05-20T13:54:47.203Z</time>
</trkpt>
<trkpt lat="49.8975955" lon="22.2946101">
<ele>268.319</ele>
<time>2026-05-20T13:54:50.269Z</time>
</trkpt>
<trkpt lat="49.8971253" lon="22.2944517">
<ele>268.529</ele>
<time>2026-05-20T13:54:53.324Z</time>
</trkpt>
<trkpt lat="49.8966314" lon="22.2942791">
<ele>268.545</ele>
<time>2026-05-20T13:54:56.348Z</time>
</trkpt>
<trkpt lat="49.8961148" lon="22.2941061">
<ele>268.926</ele>
<time>2026-05-20T13:54:59.394Z</time>
</trkpt>
<trkpt lat="49.8955960" lon="22.2939395">
<ele>269.624</ele>
<time>2026-05-20T13:55:02.459Z</time>
</trkpt>
<trkpt lat="49.8951137" lon="22.2937565">
<ele>270.234</ele>
<time>2026-05-20T13:55:05.522Z</time>
</trkpt>
<trkpt lat="49.8946794" lon="22.2937816">
<ele>270.551</ele>
<time>2026-05-20T13:55:08.546Z</time>
</trkpt>
<trkpt lat="49.8943102" lon="22.2939216">
<ele>271.012</ele>
<time>2026-05-20T13:55:11.495Z</time>
</trkpt>
<trkpt lat="49.8940764" lon="22.2938768">
<ele>272.197</ele>
<time>2026-05-20T13:55:13.495Z</time>
</trkpt>
<trkpt lat="49.8938387" lon="22.2935142">
<ele>273.736</ele>
<time>2026-05-20T13:55:16.369Z</time>
</trkpt>
<trkpt lat="49.8937264" lon="22.2931798">
<ele>274.741</ele>
<time>2026-05-20T13:55:18.286Z</time>
</trkpt>
<trkpt lat="49.8935359" lon="22.2926080">
<ele>275.013</ele>
<time>2026-05-20T13:55:21.296Z</time>
</trkpt>
<trkpt lat="49.8933308" lon="22.2919944">
<ele>274.979</ele>
<time>2026-05-20T13:55:24.335Z</time>
</trkpt>
<trkpt lat="49.8931985" lon="22.2915861">
<ele>275.099</ele>
<time>2026-05-20T13:55:26.398Z</time>
</trkpt>
<trkpt lat="49.8929560" lon="22.2910815">
<ele>275.429</ele>
<time>2026-05-20T13:55:29.336Z</time>
</trkpt>
<trkpt lat="49.8926223" lon="22.2907012">
<ele>275.626</ele>
<time>2026-05-20T13:55:32.337Z</time>
</trkpt>
<trkpt lat="49.8922601" lon="22.2903478">
<ele>275.488</ele>
<time>2026-05-20T13:55:35.299Z</time>
</trkpt>
<trkpt lat="49.8918848" lon="22.2899938">
<ele>275.441</ele>
<time>2026-05-20T13:55:38.225Z</time>
</trkpt>
<trkpt lat="49.8915103" lon="22.2896338">
<ele>276.155</ele>
<time>2026-05-20T13:55:41.146Z</time>
</trkpt>
<trkpt lat="49.8911365" lon="22.2892701">
<ele>277.767</ele>
<time>2026-05-20T13:55:44.138Z</time>
</trkpt>
<trkpt lat="49.8907885" lon="22.2888468">
<ele>279.873</ele>
<time>2026-05-20T13:55:47.198Z</time>
</trkpt>
<trkpt lat="49.8905299" lon="22.2882838">
<ele>281.993</ele>
<time>2026-05-20T13:55:50.286Z</time>
</trkpt>
<trkpt lat="49.8903084" lon="22.2876890">
<ele>284.010</ele>
<time>2026-05-20T13:55:53.368Z</time>
</trkpt>
<trkpt lat="49.8900784" lon="22.2871225">
<ele>286.132</ele>
<time>2026-05-20T13:55:56.450Z</time>
</trkpt>
<trkpt lat="49.8897830" lon="22.2866626">
<ele>288.609</ele>
<time>2026-05-20T13:55:59.542Z</time>
</trkpt>
<trkpt lat="49.8894611" lon="22.2863255">
<ele>291.439</ele>
<time>2026-05-20T13:56:02.572Z</time>
</trkpt>
<trkpt lat="49.8891962" lon="22.2859252">
<ele>294.378</ele>
<time>2026-05-20T13:56:05.646Z</time>
</trkpt>
<trkpt lat="49.8889499" lon="22.2854897">
<ele>297.069</ele>
<time>2026-05-20T13:56:08.785Z</time>
</trkpt>
<trkpt lat="49.8886969" lon="22.2850511">
<ele>299.061</ele>
<time>2026-05-20T13:56:11.847Z</time>
</trkpt>
<trkpt lat="49.8884418" lon="22.2846005">
<ele>300.007</ele>
<time>2026-05-20T13:56:14.818Z</time>
</trkpt>
<trkpt lat="49.8882335" lon="22.2840543">
<ele>300.135</ele>
<time>2026-05-20T13:56:17.816Z</time>
</trkpt>
<trkpt lat="49.8881137" lon="22.2834095">
<ele>299.870</ele>
<time>2026-05-20T13:56:20.781Z</time>
</trkpt>
<trkpt lat="49.8879958" lon="22.2827135">
<ele>299.469</ele>
<time>2026-05-20T13:56:23.715Z</time>
</trkpt>
<trkpt lat="49.8878650" lon="22.2819773">
<ele>299.023</ele>
<time>2026-05-20T13:56:26.664Z</time>
</trkpt>
<trkpt lat="49.8877300" lon="22.2812384">
<ele>298.396</ele>
<time>2026-05-20T13:56:29.679Z</time>
</trkpt>
<trkpt lat="49.8876343" lon="22.2805693">
<ele>297.480</ele>
<time>2026-05-20T13:56:32.641Z</time>
</trkpt>
<trkpt lat="49.8876962" lon="22.2799839">
<ele>296.510</ele>
<time>2026-05-20T13:56:35.410Z</time>
</trkpt>
<trkpt lat="49.8878595" lon="22.2793740">
<ele>295.827</ele>
<time>2026-05-20T13:56:38.408Z</time>
</trkpt>
<trkpt lat="49.8880340" lon="22.2786907">
<ele>295.676</ele>
<time>2026-05-20T13:56:41.459Z</time>
</trkpt>
<trkpt lat="49.8882084" lon="22.2779724">
<ele>296.058</ele>
<time>2026-05-20T13:56:44.465Z</time>
</trkpt>
<trkpt lat="49.8883821" lon="22.2772396">
<ele>296.622</ele>
<time>2026-05-20T13:56:47.472Z</time>
</trkpt>
<trkpt lat="49.8885633" lon="22.2765153">
<ele>296.941</ele>
<time>2026-05-20T13:56:50.446Z</time>
</trkpt>
<trkpt lat="49.8887495" lon="22.2757516">
<ele>296.688</ele>
<time>2026-05-20T13:56:53.511Z</time>
</trkpt>
<trkpt lat="49.8889241" lon="22.2749644">
<ele>295.676</ele>
<time>2026-05-20T13:56:56.563Z</time>
</trkpt>
<trkpt lat="49.8891078" lon="22.2741902">
<ele>294.184</ele>
<time>2026-05-20T13:56:59.561Z</time>
</trkpt>
<trkpt lat="49.8892886" lon="22.2734257">
<ele>292.828</ele>
<time>2026-05-20T13:57:02.536Z</time>
</trkpt>
<trkpt lat="49.8894696" lon="22.2726729">
<ele>292.022</ele>
<time>2026-05-20T13:57:05.508Z</time>
</trkpt>
<trkpt lat="49.8896472" lon="22.2719333">
<ele>291.779</ele>
<time>2026-05-20T13:57:08.481Z</time>
</trkpt>
<trkpt lat="49.8898131" lon="22.2711986">
<ele>291.966</ele>
<time>2026-05-20T13:57:11.520Z</time>
</trkpt>
<trkpt lat="49.8899449" lon="22.2704868">
<ele>292.471</ele>
<time>2026-05-20T13:57:14.565Z</time>
</trkpt>
<trkpt lat="49.8900245" lon="22.2697676">
<ele>293.253</ele>
<time>2026-05-20T13:57:17.718Z</time>
</trkpt>
<trkpt lat="49.8900628" lon="22.2693526">
<ele>294.288</ele>
<time>2026-05-20T13:57:19.943Z</time>
</trkpt>
<trkpt lat="49.8900909" lon="22.2689486">
<ele>295.329</ele>
<time>2026-05-20T13:57:23.056Z</time>
</trkpt>
<trkpt lat="49.8900773" lon="22.2687806">
<ele>296.170</ele>
<time>2026-05-20T13:57:25.222Z</time>
</trkpt>
<trkpt lat="49.8900235" lon="22.2686046">
<ele>296.847</ele>
<time>2026-05-20T13:57:28.351Z</time>
</trkpt>
<trkpt lat="49.8899275" lon="22.2682883">
<ele>297.230</ele>
<time>2026-05-20T13:57:31.814Z</time>
</trkpt>
<trkpt lat="49.8896992" lon="22.2678234">
<ele>297.220</ele>
<time>2026-05-20T13:57:35.292Z</time>
</trkpt>
<trkpt lat="49.8894074" lon="22.2672967">
<ele>297.244</ele>
<time>2026-05-20T13:57:38.470Z</time>
</trkpt>
<trkpt lat="49.8891262" lon="22.2667213">
<ele>297.876</ele>
<time>2026-05-20T13:57:41.464Z</time>
</trkpt>
<trkpt lat="49.8888151" lon="22.2661572">
<ele>299.383</ele>
<time>2026-05-20T13:57:44.447Z</time>
</trkpt>
<trkpt lat="49.8884984" lon="22.2655679">
<ele>301.679</ele>
<time>2026-05-20T13:57:47.533Z</time>
</trkpt>
<trkpt lat="49.8881957" lon="22.2650248">
<ele>304.195</ele>
<time>2026-05-20T13:57:50.610Z</time>
</trkpt>
<trkpt lat="49.8878533" lon="22.2646722">
<ele>306.386</ele>
<time>2026-05-20T13:57:53.530Z</time>
</trkpt>
<trkpt lat="49.8874785" lon="22.2643489">
<ele>308.356</ele>
<time>2026-05-20T13:57:56.557Z</time>
</trkpt>
<trkpt lat="49.8871712" lon="22.2638991">
<ele>310.368</ele>
<time>2026-05-20T13:57:59.487Z</time>
</trkpt>
<trkpt lat="49.8870227" lon="22.2632959">
<ele>312.462</ele>
<time>2026-05-20T13:58:02.410Z</time>
</trkpt>
<trkpt lat="49.8869873" lon="22.2626464">
<ele>314.762</ele>
<time>2026-05-20T13:58:05.393Z</time>
</trkpt>
<trkpt lat="49.8869565" lon="22.2619783">
<ele>317.357</ele>
<time>2026-05-20T13:58:08.403Z</time>
</trkpt>
<trkpt lat="49.8868688" lon="22.2612790">
<ele>320.163</ele>
<time>2026-05-20T13:58:11.447Z</time>
</trkpt>
<trkpt lat="49.8867685" lon="22.2605701">
<ele>323.186</ele>
<time>2026-05-20T13:58:14.404Z</time>
</trkpt>
<trkpt lat="49.8866709" lon="22.2598596">
<ele>326.488</ele>
<time>2026-05-20T13:58:17.312Z</time>
</trkpt>
<trkpt lat="49.8865356" lon="22.2591574">
<ele>329.945</ele>
<time>2026-05-20T13:58:20.280Z</time>
</trkpt>
<trkpt lat="49.8863661" lon="22.2585000">
<ele>333.450</ele>
<time>2026-05-20T13:58:23.326Z</time>
</trkpt>
<trkpt lat="49.8861967" lon="22.2579621">
<ele>337.037</ele>
<time>2026-05-20T13:58:26.205Z</time>
</trkpt>
<trkpt lat="49.8859290" lon="22.2576121">
<ele>340.733</ele>
<time>2026-05-20T13:58:29.027Z</time>
</trkpt>
<trkpt lat="49.8855909" lon="22.2573227">
<ele>344.595</ele>
<time>2026-05-20T13:58:32.067Z</time>
</trkpt>
<trkpt lat="49.8852144" lon="22.2570157">
<ele>348.502</ele>
<time>2026-05-20T13:58:35.201Z</time>
</trkpt>
<trkpt lat="49.8848588" lon="22.2566551">
<ele>352.174</ele>
<time>2026-05-20T13:58:38.263Z</time>
</trkpt>
<trkpt lat="49.8845844" lon="22.2562100">
<ele>355.579</ele>
<time>2026-05-20T13:58:41.215Z</time>
</trkpt>
<trkpt lat="49.8844024" lon="22.2556994">
<ele>359.006</ele>
<time>2026-05-20T13:58:44.209Z</time>
</trkpt>
<trkpt lat="49.8843837" lon="22.2551910">
<ele>362.689</ele>
<time>2026-05-20T13:58:47.023Z</time>
</trkpt>
<trkpt lat="49.8844317" lon="22.2546724">
<ele>366.636</ele>
<time>2026-05-20T13:58:50.009Z</time>
</trkpt>
<trkpt lat="49.8844077" lon="22.2541246">
<ele>370.473</ele>
<time>2026-05-20T13:58:53.017Z</time>
</trkpt>
<trkpt lat="49.8843323" lon="22.2534904">
<ele>374.043</ele>
<time>2026-05-20T13:58:56.211Z</time>
</trkpt>
<trkpt lat="49.8842220" lon="22.2527695">
<ele>377.187</ele>
<time>2026-05-20T13:58:59.454Z</time>
</trkpt>
<trkpt lat="49.8840987" lon="22.2520394">
<ele>378.968</ele>
<time>2026-05-20T13:59:02.514Z</time>
</trkpt>
<trkpt lat="49.8839231" lon="22.2513163">
<ele>377.985</ele>
<time>2026-05-20T13:59:05.576Z</time>
</trkpt>
<trkpt lat="49.8837402" lon="22.2506076">
<ele>374.604</ele>
<time>2026-05-20T13:59:08.663Z</time>
</trkpt>
<trkpt lat="49.8835660" lon="22.2499528">
<ele>371.165</ele>
<time>2026-05-20T13:59:11.695Z</time>
</trkpt>
<trkpt lat="49.8834750" lon="22.2493233">
<ele>369.339</ele>
<time>2026-05-20T13:59:14.633Z</time>
</trkpt>
<trkpt lat="49.8835543" lon="22.2487035">
<ele>368.356</ele>
<time>2026-05-20T13:59:17.603Z</time>
</trkpt>
<trkpt lat="49.8836679" lon="22.2480881">
<ele>366.913</ele>
<time>2026-05-20T13:59:20.687Z</time>
</trkpt>
<trkpt lat="49.8837637" lon="22.2475343">
<ele>364.859</ele>
<time>2026-05-20T13:59:23.608Z</time>
</trkpt>
<trkpt lat="49.8838232" lon="22.2471901">
<ele>362.884</ele>
<time>2026-05-20T13:59:25.559Z</time>
</trkpt>
<trkpt lat="49.8838904" lon="22.2468557">
<ele>361.408</ele>
<time>2026-05-20T13:59:27.506Z</time>
</trkpt>
<trkpt lat="49.8839463" lon="22.2464943">
<ele>360.495</ele>
<time>2026-05-20T13:59:29.531Z</time>
</trkpt>
<trkpt lat="49.8840412" lon="22.2459499">
<ele>360.009</ele>
<time>2026-05-20T13:59:32.545Z</time>
</trkpt>
<trkpt lat="49.8841065" lon="22.2455811">
<ele>359.753</ele>
<time>2026-05-20T13:59:34.530Z</time>
</trkpt>
<trkpt lat="49.8842046" lon="22.2450129">
<ele>359.594</ele>
<time>2026-05-20T13:59:37.613Z</time>
</trkpt>
<trkpt lat="49.8842745" lon="22.2444935">
<ele>359.420</ele>
<time>2026-05-20T13:59:40.537Z</time>
</trkpt>
<trkpt lat="49.8842535" lon="22.2439909">
<ele>359.073</ele>
<time>2026-05-20T13:59:43.481Z</time>
</trkpt>
<trkpt lat="49.8841203" lon="22.2435292">
<ele>358.563</ele>
<time>2026-05-20T13:59:46.579Z</time>
</trkpt>
<trkpt lat="49.8839699" lon="22.2431340">
<ele>357.981</ele>
<time>2026-05-20T13:59:49.392Z</time>
</trkpt>
<trkpt lat="49.8838364" lon="22.2426481">
<ele>357.332</ele>
<time>2026-05-20T13:59:52.393Z</time>
</trkpt>
<trkpt lat="49.8837774" lon="22.2420571">
<ele>356.714</ele>
<time>2026-05-20T13:59:55.490Z</time>
</trkpt>
<trkpt lat="49.8838712" lon="22.2414520">
<ele>356.294</ele>
<time>2026-05-20T13:59:58.541Z</time>
</trkpt>
<trkpt lat="49.8840927" lon="22.2409103">
<ele>355.612</ele>
<time>2026-05-20T14:00:01.607Z</time>
</trkpt>
<trkpt lat="49.8843319" lon="22.2404235">
<ele>353.930</ele>
<time>2026-05-20T14:00:04.568Z</time>
</trkpt>
<trkpt lat="49.8845637" lon="22.2399632">
<ele>351.411</ele>
<time>2026-05-20T14:00:07.502Z</time>
</trkpt>
<trkpt lat="49.8847983" lon="22.2395302">
<ele>348.621</ele>
<time>2026-05-20T14:00:10.459Z</time>
</trkpt>
<trkpt lat="49.8850437" lon="22.2391349">
<ele>345.760</ele>
<time>2026-05-20T14:00:13.457Z</time>
</trkpt>
<trkpt lat="49.8852820" lon="22.2387542">
<ele>343.300</ele>
<time>2026-05-20T14:00:16.624Z</time>
</trkpt>
<trkpt lat="49.8854860" lon="22.2384493">
<ele>341.757</ele>
<time>2026-05-20T14:00:19.730Z</time>
</trkpt>
<trkpt lat="49.8855182" lon="22.2380967">
<ele>340.654</ele>
<time>2026-05-20T14:00:22.783Z</time>
</trkpt>
<trkpt lat="49.8853881" lon="22.2378537">
<ele>339.285</ele>
<time>2026-05-20T14:00:25.616Z</time>
</trkpt>
<trkpt lat="49.8851423" lon="22.2378520">
<ele>337.564</ele>
<time>2026-05-20T14:00:28.578Z</time>
</trkpt>
<trkpt lat="49.8848687" lon="22.2380640">
<ele>335.528</ele>
<time>2026-05-20T14:00:31.572Z</time>
</trkpt>
<trkpt lat="49.8845476" lon="22.2383285">
<ele>333.140</ele>
<time>2026-05-20T14:00:34.639Z</time>
</trkpt>
<trkpt lat="49.8842163" lon="22.2386128">
<ele>330.686</ele>
<time>2026-05-20T14:00:37.668Z</time>
</trkpt>
<trkpt lat="49.8838931" lon="22.2388931">
<ele>328.276</ele>
<time>2026-05-20T14:00:40.634Z</time>
</trkpt>
<trkpt lat="49.8835736" lon="22.2391681">
<ele>325.666</ele>
<time>2026-05-20T14:00:43.608Z</time>
</trkpt>
<trkpt lat="49.8832671" lon="22.2394447">
<ele>322.857</ele>
<time>2026-05-20T14:00:46.559Z</time>
</trkpt>
<trkpt lat="49.8829584" lon="22.2397160">
<ele>320.165</ele>
<time>2026-05-20T14:00:49.522Z</time>
</trkpt>
<trkpt lat="49.8826404" lon="22.2400157">
<ele>317.784</ele>
<time>2026-05-20T14:00:52.579Z</time>
</trkpt>
<trkpt lat="49.8823331" lon="22.2403217">
<ele>315.449</ele>
<time>2026-05-20T14:00:55.579Z</time>
</trkpt>
<trkpt lat="49.8820399" lon="22.2406324">
<ele>312.723</ele>
<time>2026-05-20T14:00:58.504Z</time>
</trkpt>
<trkpt lat="49.8817258" lon="22.2409610">
<ele>310.011</ele>
<time>2026-05-20T14:01:01.552Z</time>
</trkpt>
<trkpt lat="49.8813992" lon="22.2412757">
<ele>308.253</ele>
<time>2026-05-20T14:01:04.591Z</time>
</trkpt>
<trkpt lat="49.8811098" lon="22.2416430">
<ele>307.300</ele>
<time>2026-05-20T14:01:07.591Z</time>
</trkpt>
<trkpt lat="49.8808420" lon="22.2420162">
<ele>306.449</ele>
<time>2026-05-20T14:01:10.746Z</time>
</trkpt>
<trkpt lat="49.8806366" lon="22.2422933">
<ele>305.471</ele>
<time>2026-05-20T14:01:13.951Z</time>
</trkpt>
<trkpt lat="49.8805511" lon="22.2424122">
<ele>303.880</ele>
<time>2026-05-20T14:01:16.136Z</time>
</trkpt>
<trkpt lat="49.8804757" lon="22.2425087">
<ele>301.574</ele>
<time>2026-05-20T14:01:18.826Z</time>
</trkpt>
<trkpt lat="49.8803892" lon="22.2426124">
<ele>299.578</ele>
<time>2026-05-20T14:01:23.729Z</time>
</trkpt>
<trkpt lat="49.8803076" lon="22.2426983">
<ele>298.557</ele>
<time>2026-05-20T14:01:28.969Z</time>
</trkpt>
<trkpt lat="49.8803076" lon="22.2426983">
<ele>298.212</ele>
<time>2026-05-20T14:01:35.969Z</time>
</trkpt>
<trkpt lat="49.8803076" lon="22.2426983">
<ele>298.161</ele>
<time>2026-05-20T14:01:36.069Z</time>
</trkpt>
<trkpt lat="49.8801881" lon="22.2427990">
<ele>298.138</ele>
<time>2026-05-20T14:01:53.368Z</time>
</trkpt>
<trkpt lat="49.8801007" lon="22.2429032">
<ele>298.044</ele>
<time>2026-05-20T14:01:57.886Z</time>
</trkpt>
<trkpt lat="49.8800233" lon="22.2429955">
<ele>297.880</ele>
<time>2026-05-20T14:02:00.826Z</time>
</trkpt>
<trkpt lat="49.8799121" lon="22.2430903">
<ele>297.633</ele>
<time>2026-05-20T14:02:03.930Z</time>
</trkpt>
<trkpt lat="49.8797778" lon="22.2432072">
<ele>297.319</ele>
<time>2026-05-20T14:02:07.226Z</time>
</trkpt>
<trkpt lat="49.8796406" lon="22.2433266">
<ele>297.018</ele>
<time>2026-05-20T14:02:10.550Z</time>
</trkpt>
<trkpt lat="49.8795309" lon="22.2434180">
<ele>296.728</ele>
<time>2026-05-20T14:02:13.240Z</time>
</trkpt>
<trkpt lat="49.8794220" lon="22.2434978">
<ele>296.424</ele>
<time>2026-05-20T14:02:15.789Z</time>
</trkpt>
<trkpt lat="49.8792946" lon="22.2436113">
<ele>296.182</ele>
<time>2026-05-20T14:02:18.644Z</time>
</trkpt>
<trkpt lat="49.8791355" lon="22.2437605">
<ele>296.127</ele>
<time>2026-05-20T14:02:21.742Z</time>
</trkpt>
<trkpt lat="49.8789532" lon="22.2439327">
<ele>296.265</ele>
<time>2026-05-20T14:02:24.739Z</time>
</trkpt>
<trkpt lat="49.8787456" lon="22.2441229">
<ele>296.590</ele>
<time>2026-05-20T14:02:27.879Z</time>
</trkpt>
<trkpt lat="49.8785529" lon="22.2442998">
<ele>297.114</ele>
<time>2026-05-20T14:02:30.761Z</time>
</trkpt>
<trkpt lat="49.8783544" lon="22.2444842">
<ele>297.604</ele>
<time>2026-05-20T14:02:33.596Z</time>
</trkpt>
<trkpt lat="49.8781470" lon="22.2446661">
<ele>297.747</ele>
<time>2026-05-20T14:02:36.284Z</time>
</trkpt>
<trkpt lat="49.8778996" lon="22.2448561">
<ele>297.478</ele>
<time>2026-05-20T14:02:39.152Z</time>
</trkpt>
<trkpt lat="49.8776142" lon="22.2450021">
<ele>296.866</ele>
<time>2026-05-20T14:02:42.271Z</time>
</trkpt>
<trkpt lat="49.8773340" lon="22.2450821">
<ele>295.941</ele>
<time>2026-05-20T14:02:45.754Z</time>
</trkpt>
<trkpt lat="49.8771004" lon="22.2451288">
<ele>294.730</ele>
<time>2026-05-20T14:02:49.927Z</time>
</trkpt>
<trkpt lat="49.8769421" lon="22.2451528">
<ele>293.242</ele>
<time>2026-05-20T14:02:53.731Z</time>
</trkpt>
<trkpt lat="49.8768257" lon="22.2451815">
<ele>291.750</ele>
<time>2026-05-20T14:02:56.589Z</time>
</trkpt>
<trkpt lat="49.8767102" lon="22.2452387">
<ele>290.797</ele>
<time>2026-05-20T14:02:59.482Z</time>
</trkpt>
<trkpt lat="49.8765826" lon="22.2452693">
<ele>290.596</ele>
<time>2026-05-20T14:03:02.436Z</time>
</trkpt>
<trkpt lat="49.8764625" lon="22.2452938">
<ele>290.803</ele>
<time>2026-05-20T14:03:04.998Z</time>
</trkpt>
<trkpt lat="49.8763264" lon="22.2453138">
<ele>291.078</ele>
<time>2026-05-20T14:03:07.633Z</time>
</trkpt>
<trkpt lat="49.8761809" lon="22.2453401">
<ele>291.295</ele>
<time>2026-05-20T14:03:10.113Z</time>
</trkpt>
<trkpt lat="49.8760151" lon="22.2453724">
<ele>291.503</ele>
<time>2026-05-20T14:03:12.573Z</time>
</trkpt>
<trkpt lat="49.8758074" lon="22.2454119">
<ele>291.829</ele>
<time>2026-05-20T14:03:15.241Z</time>
</trkpt>
<trkpt lat="49.8755726" lon="22.2454259">
<ele>292.396</ele>
<time>2026-05-20T14:03:17.973Z</time>
</trkpt>
<trkpt lat="49.8753241" lon="22.2454645">
<ele>293.215</ele>
<time>2026-05-20T14:03:20.876Z</time>
</trkpt>
<trkpt lat="49.8750888" lon="22.2455213">
<ele>294.260</ele>
<time>2026-05-20T14:03:23.836Z</time>
</trkpt>
<trkpt lat="49.8748689" lon="22.2455598">
<ele>295.468</ele>
<time>2026-05-20T14:03:26.706Z</time>
</trkpt>
<trkpt lat="49.8746420" lon="22.2456067">
<ele>296.545</ele>
<time>2026-05-20T14:03:29.716Z</time>
</trkpt>
<trkpt lat="49.8744176" lon="22.2456514">
<ele>297.205</ele>
<time>2026-05-20T14:03:32.735Z</time>
</trkpt>
<trkpt lat="49.8742003" lon="22.2456973">
<ele>297.511</ele>
<time>2026-05-20T14:03:35.619Z</time>
</trkpt>
<trkpt lat="49.8740494" lon="22.2457251">
<ele>297.660</ele>
<time>2026-05-20T14:03:37.570Z</time>
</trkpt>
<trkpt lat="49.8738961" lon="22.2457487">
<ele>297.786</ele>
<time>2026-05-20T14:03:39.530Z</time>
</trkpt>
<trkpt lat="49.8736596" lon="22.2457927">
<ele>297.961</ele>
<time>2026-05-20T14:03:42.602Z</time>
</trkpt>
<trkpt lat="49.8734308" lon="22.2458346">
<ele>298.212</ele>
<time>2026-05-20T14:03:45.616Z</time>
</trkpt>
<trkpt lat="49.8732000" lon="22.2458812">
<ele>298.529</ele>
<time>2026-05-20T14:03:48.636Z</time>
</trkpt>
<trkpt lat="49.8729658" lon="22.2459200">
<ele>298.798</ele>
<time>2026-05-20T14:03:51.609Z</time>
</trkpt>
<trkpt lat="49.8727272" lon="22.2459579">
<ele>298.854</ele>
<time>2026-05-20T14:03:54.503Z</time>
</trkpt>
<trkpt lat="49.8724838" lon="22.2459959">
<ele>298.600</ele>
<time>2026-05-20T14:03:57.124Z</time>
</trkpt>
<trkpt lat="49.8721685" lon="22.2460640">
<ele>298.110</ele>
<time>2026-05-20T14:04:00.203Z</time>
</trkpt>
<trkpt lat="49.8718556" lon="22.2461182">
<ele>297.447</ele>
<time>2026-05-20T14:04:03.339Z</time>
</trkpt>
<trkpt lat="49.8716034" lon="22.2461296">
<ele>296.528</ele>
<time>2026-05-20T14:04:05.987Z</time>
</trkpt>
<trkpt lat="49.8713009" lon="22.2461171">
<ele>295.166</ele>
<time>2026-05-20T14:04:09.046Z</time>
</trkpt>
<trkpt lat="49.8710021" lon="22.2460107">
<ele>293.517</ele>
<time>2026-05-20T14:04:12.045Z</time>
</trkpt>
<trkpt lat="49.8707155" lon="22.2458554">
<ele>291.814</ele>
<time>2026-05-20T14:04:15.025Z</time>
</trkpt>
<trkpt lat="49.8704401" lon="22.2456819">
<ele>289.901</ele>
<time>2026-05-20T14:04:18.079Z</time>
</trkpt>
<trkpt lat="49.8701829" lon="22.2455261">
<ele>287.782</ele>
<time>2026-05-20T14:04:21.579Z</time>
</trkpt>
<trkpt lat="49.8700248" lon="22.2454268">
<ele>285.695</ele>
<time>2026-05-20T14:04:25.086Z</time>
</trkpt>
<trkpt lat="49.8699373" lon="22.2453480">
<ele>283.577</ele>
<time>2026-05-20T14:04:28.304Z</time>
</trkpt>
<trkpt lat="49.8698377" lon="22.2452926">
<ele>281.656</ele>
<time>2026-05-20T14:04:32.751Z</time>
</trkpt>
<trkpt lat="49.8697422" lon="22.2452393">
<ele>280.296</ele>
<time>2026-05-20T14:04:38.477Z</time>
</trkpt>
<trkpt lat="49.8696561" lon="22.2451899">
<ele>279.395</ele>
<time>2026-05-20T14:04:42.076Z</time>
</trkpt>
<trkpt lat="49.8695214" lon="22.2451413">
<ele>278.714</ele>
<time>2026-05-20T14:04:45.332Z</time>
</trkpt>
<trkpt lat="49.8693551" lon="22.2450453">
<ele>278.228</ele>
<time>2026-05-20T14:04:48.397Z</time>
</trkpt>
<trkpt lat="49.8691799" lon="22.2449313">
<ele>277.962</ele>
<time>2026-05-20T14:04:51.654Z</time>
</trkpt>
<trkpt lat="49.8690269" lon="22.2448707">
<ele>277.873</ele>
<time>2026-05-20T14:04:54.821Z</time>
</trkpt>
<trkpt lat="49.8688995" lon="22.2448091">
<ele>277.940</ele>
<time>2026-05-20T14:04:57.545Z</time>
</trkpt>
<trkpt lat="49.8687504" lon="22.2447478">
<ele>278.136</ele>
<time>2026-05-20T14:05:00.312Z</time>
</trkpt>
<trkpt lat="49.8685633" lon="22.2446902">
<ele>278.324</ele>
<time>2026-05-20T14:05:03.409Z</time>
</trkpt>
<trkpt lat="49.8683803" lon="22.2446245">
<ele>278.401</ele>
<time>2026-05-20T14:05:06.069Z</time>
</trkpt>
<trkpt lat="49.8681286" lon="22.2446766">
<ele>278.638</ele>
<time>2026-05-20T14:05:09.072Z</time>
</trkpt>
<trkpt lat="49.8678403" lon="22.2448043">
<ele>279.306</ele>
<time>2026-05-20T14:05:12.282Z</time>
</trkpt>
<trkpt lat="49.8675987" lon="22.2449737">
<ele>280.246</ele>
<time>2026-05-20T14:05:15.119Z</time>
</trkpt>
<trkpt lat="49.8673563" lon="22.2451911">
<ele>281.254</ele>
<time>2026-05-20T14:05:18.020Z</time>
</trkpt>
<trkpt lat="49.8670945" lon="22.2454309">
<ele>282.343</ele>
<time>2026-05-20T14:05:21.007Z</time>
</trkpt>
<trkpt lat="49.8668257" lon="22.2456775">
<ele>283.314</ele>
<time>2026-05-20T14:05:23.962Z</time>
</trkpt>
<trkpt lat="49.8665434" lon="22.2459234">
<ele>283.830</ele>
<time>2026-05-20T14:05:26.963Z</time>
</trkpt>
<trkpt lat="49.8662708" lon="22.2461820">
<ele>283.594</ele>
<time>2026-05-20T14:05:29.884Z</time>
</trkpt>
<trkpt lat="49.8659871" lon="22.2464404">
<ele>282.577</ele>
<time>2026-05-20T14:05:32.901Z</time>
</trkpt>
<trkpt lat="49.8657228" lon="22.2466898">
<ele>281.310</ele>
<time>2026-05-20T14:05:35.849Z</time>
</trkpt>
<trkpt lat="49.8654705" lon="22.2469191">
<ele>280.630</ele>
<time>2026-05-20T14:05:38.719Z</time>
</trkpt>
<trkpt lat="49.8651871" lon="22.2471268">
<ele>280.761</ele>
<time>2026-05-20T14:05:41.701Z</time>
</trkpt>
<trkpt lat="49.8649646" lon="22.2472473">
<ele>281.102</ele>
<time>2026-05-20T14:05:43.717Z</time>
</trkpt>
<trkpt lat="49.8647120" lon="22.2473184">
<ele>281.128</ele>
<time>2026-05-20T14:05:45.768Z</time>
</trkpt>
<trkpt lat="49.8643248" lon="22.2473098">
<ele>281.002</ele>
<time>2026-05-20T14:05:48.793Z</time>
</trkpt>
<trkpt lat="49.8640674" lon="22.2472537">
<ele>281.027</ele>
<time>2026-05-20T14:05:50.756Z</time>
</trkpt>
<trkpt lat="49.8638006" lon="22.2471848">
<ele>281.425</ele>
<time>2026-05-20T14:05:52.744Z</time>
</trkpt>
<trkpt lat="49.8635269" lon="22.2471224">
<ele>282.191</ele>
<time>2026-05-20T14:05:54.782Z</time>
</trkpt>
<trkpt lat="49.8631336" lon="22.2471003">
<ele>282.961</ele>
<time>2026-05-20T14:05:57.776Z</time>
</trkpt>
<trkpt lat="49.8627762" lon="22.2471810">
<ele>283.513</ele>
<time>2026-05-20T14:06:00.633Z</time>
</trkpt>
<trkpt lat="49.8624185" lon="22.2473531">
<ele>283.904</ele>
<time>2026-05-20T14:06:03.620Z</time>
</trkpt>
<trkpt lat="49.8620668" lon="22.2475446">
<ele>283.938</ele>
<time>2026-05-20T14:06:06.589Z</time>
</trkpt>
<trkpt lat="49.8617134" lon="22.2477073">
<ele>283.401</ele>
<time>2026-05-20T14:06:09.571Z</time>
</trkpt>
<trkpt lat="49.8613816" lon="22.2478706">
<ele>282.311</ele>
<time>2026-05-20T14:06:12.461Z</time>
</trkpt>
<trkpt lat="49.8610476" lon="22.2480360">
<ele>280.761</ele>
<time>2026-05-20T14:06:15.414Z</time>
</trkpt>
<trkpt lat="49.8607140" lon="22.2482030">
<ele>278.825</ele>
<time>2026-05-20T14:06:18.406Z</time>
</trkpt>
<trkpt lat="49.8603922" lon="22.2483670">
<ele>276.813</ele>
<time>2026-05-20T14:06:21.495Z</time>
</trkpt>
<trkpt lat="49.8601287" lon="22.2484984">
<ele>274.990</ele>
<time>2026-05-20T14:06:24.458Z</time>
</trkpt>
<trkpt lat="49.8599185" lon="22.2486005">
<ele>273.238</ele>
<time>2026-05-20T14:06:27.533Z</time>
</trkpt>
<trkpt lat="49.8597840" lon="22.2486593">
<ele>271.515</ele>
<time>2026-05-20T14:06:30.300Z</time>
</trkpt>
<trkpt lat="49.8596931" lon="22.2486968">
<ele>270.198</ele>
<time>2026-05-20T14:06:33.008Z</time>
</trkpt>
<trkpt lat="49.8596011" lon="22.2487503">
<ele>269.518</ele>
<time>2026-05-20T14:06:36.753Z</time>
</trkpt>
<trkpt lat="49.8595061" lon="22.2488255">
<ele>269.306</ele>
<time>2026-05-20T14:06:41.163Z</time>
</trkpt>
<trkpt lat="49.8594114" lon="22.2488301">
<ele>269.247</ele>
<time>2026-05-20T14:06:44.925Z</time>
</trkpt>
<trkpt lat="49.8594114" lon="22.2488301">
<ele>269.153</ele>
<time>2026-05-20T14:06:48.925Z</time>
</trkpt>
<trkpt lat="49.8594114" lon="22.2488301">
<ele>269.016</ele>
<time>2026-05-20T14:09:05.681Z</time>
</trkpt>
<trkpt lat="49.8592141" lon="22.2489530">
<ele>268.898</ele>
<time>2026-05-20T14:09:11.553Z</time>
</trkpt>
<trkpt lat="49.8589970" lon="22.2490741">
<ele>268.753</ele>
<time>2026-05-20T14:09:14.639Z</time>
</trkpt>
<trkpt lat="49.8587410" lon="22.2492037">
<ele>268.422</ele>
<time>2026-05-20T14:09:17.734Z</time>
</trkpt>
<trkpt lat="49.8584761" lon="22.2493346">
<ele>267.834</ele>
<time>2026-05-20T14:09:20.652Z</time>
</trkpt>
<trkpt lat="49.8581697" lon="22.2494940">
<ele>267.172</ele>
<time>2026-05-20T14:09:23.786Z</time>
</trkpt>
<trkpt lat="49.8578695" lon="22.2496482">
<ele>266.706</ele>
<time>2026-05-20T14:09:26.771Z</time>
</trkpt>
<trkpt lat="49.8575718" lon="22.2498026">
<ele>266.844</ele>
<time>2026-05-20T14:09:29.722Z</time>
</trkpt>
<trkpt lat="49.8572619" lon="22.2499464">
<ele>267.801</ele>
<time>2026-05-20T14:09:32.774Z</time>
</trkpt>
<trkpt lat="49.8569643" lon="22.2500547">
<ele>269.037</ele>
<time>2026-05-20T14:09:35.712Z</time>
</trkpt>
<trkpt lat="49.8566573" lon="22.2500938">
<ele>269.750</ele>
<time>2026-05-20T14:09:38.631Z</time>
</trkpt>
<trkpt lat="49.8563197" lon="22.2500295">
<ele>269.795</ele>
<time>2026-05-20T14:09:41.579Z</time>
</trkpt>
<trkpt lat="49.8559458" lon="22.2498144">
<ele>269.362</ele>
<time>2026-05-20T14:09:44.624Z</time>
</trkpt>
<trkpt lat="49.8555366" lon="22.2495586">
<ele>268.672</ele>
<time>2026-05-20T14:09:47.665Z</time>
</trkpt>
<trkpt lat="49.8551011" lon="22.2492904">
<ele>267.615</ele>
<time>2026-05-20T14:09:50.701Z</time>
</trkpt>
<trkpt lat="49.8546588" lon="22.2490220">
<ele>265.791</ele>
<time>2026-05-20T14:09:53.711Z</time>
</trkpt>
<trkpt lat="49.8543778" lon="22.2488399">
<ele>263.390</ele>
<time>2026-05-20T14:09:55.665Z</time>
</trkpt>
<trkpt lat="49.8539491" lon="22.2485882">
<ele>261.343</ele>
<time>2026-05-20T14:09:58.591Z</time>
</trkpt>
<trkpt lat="49.8535020" lon="22.2483138">
<ele>260.228</ele>
<time>2026-05-20T14:10:01.608Z</time>
</trkpt>
<trkpt lat="49.8530548" lon="22.2480420">
<ele>259.975</ele>
<time>2026-05-20T14:10:04.581Z</time>
</trkpt>
<trkpt lat="49.8526094" lon="22.2477614">
<ele>260.219</ele>
<time>2026-05-20T14:10:07.536Z</time>
</trkpt>
<trkpt lat="49.8521555" lon="22.2474849">
<ele>260.696</ele>
<time>2026-05-20T14:10:10.514Z</time>
</trkpt>
<trkpt lat="49.8517039" lon="22.2472077">
<ele>261.301</ele>
<time>2026-05-20T14:10:13.529Z</time>
</trkpt>
<trkpt lat="49.8512858" lon="22.2469466">
<ele>261.916</ele>
<time>2026-05-20T14:10:16.664Z</time>
</trkpt>
<trkpt lat="49.8509952" lon="22.2467759">
<ele>262.434</ele>
<time>2026-05-20T14:10:19.284Z</time>
</trkpt>
<trkpt lat="49.8507266" lon="22.2465820">
<ele>262.851</ele>
<time>2026-05-20T14:10:22.048Z</time>
</trkpt>
<trkpt lat="49.8503925" lon="22.2463801">
<ele>263.440</ele>
<time>2026-05-20T14:10:25.268Z</time>
</trkpt>
<trkpt lat="49.8500798" lon="22.2461912">
<ele>264.636</ele>
<time>2026-05-20T14:10:28.304Z</time>
</trkpt>
<trkpt lat="49.8498137" lon="22.2460110">
<ele>266.217</ele>
<time>2026-05-20T14:10:31.417Z</time>
</trkpt>
<trkpt lat="49.8496352" lon="22.2459044">
<ele>266.947</ele>
<time>2026-05-20T14:10:34.581Z</time>
</trkpt>
<trkpt lat="49.8495410" lon="22.2458559">
<ele>266.149</ele>
<time>2026-05-20T14:10:36.921Z</time>
</trkpt>
<trkpt lat="49.8495410" lon="22.2458559">
<ele>264.699</ele>
<time>2026-05-20T14:10:41.921Z</time>
</trkpt>
<trkpt lat="49.8495410" lon="22.2458559">
<ele>263.822</ele>
<time>2026-05-20T14:11:47.885Z</time>
</trkpt>
<trkpt lat="49.8493575" lon="22.2457474">
<ele>263.772</ele>
<time>2026-05-20T14:11:59.304Z</time>
</trkpt>
<trkpt lat="49.8492682" lon="22.2456792">
<ele>263.790</ele>
<time>2026-05-20T14:12:01.563Z</time>
</trkpt>
<trkpt lat="49.8491647" lon="22.2456196">
<ele>263.207</ele>
<time>2026-05-20T14:12:03.469Z</time>
</trkpt>
<trkpt lat="49.8490496" lon="22.2455224">
<ele>262.299</ele>
<time>2026-05-20T14:12:05.490Z</time>
</trkpt>
<trkpt lat="49.8488701" lon="22.2454214">
<ele>261.611</ele>
<time>2026-05-20T14:12:08.245Z</time>
</trkpt>
<trkpt lat="49.8486665" lon="22.2453105">
<ele>261.329</ele>
<time>2026-05-20T14:12:11.134Z</time>
</trkpt>
<trkpt lat="49.8484477" lon="22.2451794">
<ele>261.467</ele>
<time>2026-05-20T14:12:13.865Z</time>
</trkpt>
<trkpt lat="49.8481738" lon="22.2450065">
<ele>261.849</ele>
<time>2026-05-20T14:12:16.722Z</time>
</trkpt>
<trkpt lat="49.8478159" lon="22.2448089">
<ele>262.326</ele>
<time>2026-05-20T14:12:19.869Z</time>
</trkpt>
<trkpt lat="49.8474406" lon="22.2445745">
<ele>263.065</ele>
<time>2026-05-20T14:12:23.172Z</time>
</trkpt>
<trkpt lat="49.8471221" lon="22.2444165">
<ele>264.234</ele>
<time>2026-05-20T14:12:26.338Z</time>
</trkpt>
<trkpt lat="49.8468715" lon="22.2442517">
<ele>265.545</ele>
<time>2026-05-20T14:12:29.276Z</time>
</trkpt>
<trkpt lat="49.8466230" lon="22.2441008">
<ele>266.768</ele>
<time>2026-05-20T14:12:32.141Z</time>
</trkpt>
<trkpt lat="49.8463495" lon="22.2439626">
<ele>268.176</ele>
<time>2026-05-20T14:12:35.036Z</time>
</trkpt>
<trkpt lat="49.8460491" lon="22.2438103">
<ele>270.002</ele>
<time>2026-05-20T14:12:37.892Z</time>
</trkpt>
<trkpt lat="49.8456809" lon="22.2437113">
<ele>271.852</ele>
<time>2026-05-20T14:12:40.826Z</time>
</trkpt>
<trkpt lat="49.8452521" lon="22.2436798">
<ele>273.097</ele>
<time>2026-05-20T14:12:43.768Z</time>
</trkpt>
<trkpt lat="49.8447672" lon="22.2436508">
<ele>273.551</ele>
<time>2026-05-20T14:12:46.740Z</time>
</trkpt>
<trkpt lat="49.8442334" lon="22.2436377">
<ele>273.417</ele>
<time>2026-05-20T14:12:49.801Z</time>
</trkpt>
<trkpt lat="49.8436932" lon="22.2436269">
<ele>272.642</ele>
<time>2026-05-20T14:12:52.897Z</time>
</trkpt>
<trkpt lat="49.8431907" lon="22.2435968">
<ele>271.103</ele>
<time>2026-05-20T14:12:55.921Z</time>
</trkpt>
<trkpt lat="49.8427237" lon="22.2436057">
<ele>269.218</ele>
<time>2026-05-20T14:12:58.928Z</time>
</trkpt>
<trkpt lat="49.8422908" lon="22.2435972">
<ele>267.699</ele>
<time>2026-05-20T14:13:01.918Z</time>
</trkpt>
<trkpt lat="49.8418904" lon="22.2435340">
<ele>266.606</ele>
<time>2026-05-20T14:13:04.803Z</time>
</trkpt>
<trkpt lat="49.8414660" lon="22.2435416">
<ele>265.519</ele>
<time>2026-05-20T14:13:07.765Z</time>
</trkpt>
<trkpt lat="49.8410056" lon="22.2435434">
<ele>264.277</ele>
<time>2026-05-20T14:13:10.739Z</time>
</trkpt>
<trkpt lat="49.8404902" lon="22.2435276">
<ele>263.054</ele>
<time>2026-05-20T14:13:13.787Z</time>
</trkpt>
<trkpt lat="49.8399436" lon="22.2435239">
<ele>261.946</ele>
<time>2026-05-20T14:13:16.821Z</time>
</trkpt>
<trkpt lat="49.8393838" lon="22.2435141">
<ele>260.804</ele>
<time>2026-05-20T14:13:19.833Z</time>
</trkpt>
<trkpt lat="49.8388191" lon="22.2434983">
<ele>259.575</ele>
<time>2026-05-20T14:13:22.896Z</time>
</trkpt>
<trkpt lat="49.8382962" lon="22.2434808">
<ele>258.578</ele>
<time>2026-05-20T14:13:25.891Z</time>
</trkpt>
<trkpt lat="49.8378078" lon="22.2434793">
<ele>257.927</ele>
<time>2026-05-20T14:13:29.008Z</time>
</trkpt>
<trkpt lat="49.8374257" lon="22.2434601">
<ele>257.208</ele>
<time>2026-05-20T14:13:31.753Z</time>
</trkpt>
<trkpt lat="49.8370268" lon="22.2434405">
<ele>256.116</ele>
<time>2026-05-20T14:13:34.769Z</time>
</trkpt>
<trkpt lat="49.8366352" lon="22.2433860">
<ele>254.824</ele>
<time>2026-05-20T14:13:37.814Z</time>
</trkpt>
<trkpt lat="49.8362766" lon="22.2432315">
<ele>253.683</ele>
<time>2026-05-20T14:13:40.842Z</time>
</trkpt>
<trkpt lat="49.8359593" lon="22.2430089">
<ele>252.691</ele>
<time>2026-05-20T14:13:44.099Z</time>
</trkpt>
<trkpt lat="49.8356932" lon="22.2428830">
<ele>251.509</ele>
<time>2026-05-20T14:13:47.937Z</time>
</trkpt>
<trkpt lat="49.8355877" lon="22.2428158">
<ele>249.920</ele>
<time>2026-05-20T14:13:50.056Z</time>
</trkpt>
<trkpt lat="49.8354439" lon="22.2426286">
<ele>248.304</ele>
<time>2026-05-20T14:13:52.799Z</time>
</trkpt>
<trkpt lat="49.8352569" lon="22.2423474">
<ele>247.263</ele>
<time>2026-05-20T14:13:55.730Z</time>
</trkpt>
<trkpt lat="49.8350102" lon="22.2420333">
<ele>246.889</ele>
<time>2026-05-20T14:13:58.654Z</time>
</trkpt>
<trkpt lat="49.8347888" lon="22.2415530">
<ele>246.807</ele>
<time>2026-05-20T14:14:01.602Z</time>
</trkpt>
<trkpt lat="49.8346392" lon="22.2408982">
<ele>247.081</ele>
<time>2026-05-20T14:14:04.654Z</time>
</trkpt>
<trkpt lat="49.8345246" lon="22.2404413">
<ele>248.106</ele>
<time>2026-05-20T14:14:06.684Z</time>
</trkpt>
<trkpt lat="49.8344199" lon="22.2400052">
<ele>249.683</ele>
<time>2026-05-20T14:14:08.696Z</time>
</trkpt>
<trkpt lat="49.8342608" lon="22.2393811">
<ele>251.234</ele>
<time>2026-05-20T14:14:11.737Z</time>
</trkpt>
<trkpt lat="49.8341601" lon="22.2389869">
<ele>252.442</ele>
<time>2026-05-20T14:14:13.712Z</time>
</trkpt>
<trkpt lat="49.8340224" lon="22.2383555">
<ele>253.138</ele>
<time>2026-05-20T14:14:16.757Z</time>
</trkpt>
<trkpt lat="49.8339558" lon="22.2379011">
<ele>253.333</ele>
<time>2026-05-20T14:14:18.815Z</time>
</trkpt>
<trkpt lat="49.8339548" lon="22.2372047">
<ele>253.307</ele>
<time>2026-05-20T14:14:21.773Z</time>
</trkpt>
<trkpt lat="49.8339639" lon="22.2364587">
<ele>253.270</ele>
<time>2026-05-20T14:14:24.745Z</time>
</trkpt>
<trkpt lat="49.8339751" lon="22.2356877">
<ele>253.388</ele>
<time>2026-05-20T14:14:27.665Z</time>
</trkpt>
<trkpt lat="49.8339739" lon="22.2348978">
<ele>253.792</ele>
<time>2026-05-20T14:14:30.585Z</time>
</trkpt>
<trkpt lat="49.8339804" lon="22.2340903">
<ele>254.559</ele>
<time>2026-05-20T14:14:33.537Z</time>
</trkpt>
<trkpt lat="49.8339877" lon="22.2332574">
<ele>255.619</ele>
<time>2026-05-20T14:14:36.532Z</time>
</trkpt>
<trkpt lat="49.8339977" lon="22.2323968">
<ele>256.625</ele>
<time>2026-05-20T14:14:39.563Z</time>
</trkpt>
<trkpt lat="49.8340067" lon="22.2315216">
<ele>257.250</ele>
<time>2026-05-20T14:14:42.596Z</time>
</trkpt>
<trkpt lat="49.8340130" lon="22.2306402">
<ele>257.512</ele>
<time>2026-05-20T14:14:45.624Z</time>
</trkpt>
<trkpt lat="49.8340247" lon="22.2297600">
<ele>257.564</ele>
<time>2026-05-20T14:14:48.656Z</time>
</trkpt>
<trkpt lat="49.8340289" lon="22.2288940">
<ele>257.585</ele>
<time>2026-05-20T14:14:51.677Z</time>
</trkpt>
<trkpt lat="49.8340571" lon="22.2280395">
<ele>257.769</ele>
<time>2026-05-20T14:14:54.710Z</time>
</trkpt>
<trkpt lat="49.8340683" lon="22.2271970">
<ele>258.110</ele>
<time>2026-05-20T14:14:57.774Z</time>
</trkpt>
<trkpt lat="49.8340754" lon="22.2263830">
<ele>258.591</ele>
<time>2026-05-20T14:15:00.907Z</time>
</trkpt>
<trkpt lat="49.8340934" lon="22.2256623">
<ele>259.211</ele>
<time>2026-05-20T14:15:03.900Z</time>
</trkpt>
<trkpt lat="49.8340888" lon="22.2249777">
<ele>259.501</ele>
<time>2026-05-20T14:15:06.810Z</time>
</trkpt>
<trkpt lat="49.8340133" lon="22.2242768">
<ele>258.907</ele>
<time>2026-05-20T14:15:09.717Z</time>
</trkpt>
<trkpt lat="49.8338856" lon="22.2235404">
<ele>257.752</ele>
<time>2026-05-20T14:15:12.672Z</time>
</trkpt>
<trkpt lat="49.8337319" lon="22.2227591">
<ele>256.850</ele>
<time>2026-05-20T14:15:15.716Z</time>
</trkpt>
<trkpt lat="49.8335776" lon="22.2219673">
<ele>256.775</ele>
<time>2026-05-20T14:15:18.734Z</time>
</trkpt>
<trkpt lat="49.8334199" lon="22.2211725">
<ele>257.872</ele>
<time>2026-05-20T14:15:21.755Z</time>
</trkpt>
<trkpt lat="49.8332740" lon="22.2203948">
<ele>259.920</ele>
<time>2026-05-20T14:15:24.706Z</time>
</trkpt>
<trkpt lat="49.8331191" lon="22.2196013">
<ele>262.381</ele>
<time>2026-05-20T14:15:27.729Z</time>
</trkpt>
<trkpt lat="49.8329572" lon="22.2188121">
<ele>264.978</ele>
<time>2026-05-20T14:15:30.758Z</time>
</trkpt>
<trkpt lat="49.8328111" lon="22.2180307">
<ele>267.411</ele>
<time>2026-05-20T14:15:33.776Z</time>
</trkpt>
<trkpt lat="49.8326683" lon="22.2172651">
<ele>269.700</ele>
<time>2026-05-20T14:15:36.786Z</time>
</trkpt>
<trkpt lat="49.8325242" lon="22.2165020">
<ele>272.391</ele>
<time>2026-05-20T14:15:39.842Z</time>
</trkpt>
<trkpt lat="49.8323809" lon="22.2157660">
<ele>275.643</ele>
<time>2026-05-20T14:15:42.828Z</time>
</trkpt>
<trkpt lat="49.8322401" lon="22.2150197">
<ele>279.346</ele>
<time>2026-05-20T14:15:45.817Z</time>
</trkpt>
<trkpt lat="49.8320930" lon="22.2142598">
<ele>283.095</ele>
<time>2026-05-20T14:15:48.809Z</time>
</trkpt>
<trkpt lat="49.8318822" lon="22.2135239">
<ele>286.212</ele>
<time>2026-05-20T14:15:51.792Z</time>
</trkpt>
<trkpt lat="49.8316030" lon="22.2128217">
<ele>288.487</ele>
<time>2026-05-20T14:15:54.802Z</time>
</trkpt>
<trkpt lat="49.8313163" lon="22.2121233">
<ele>290.190</ele>
<time>2026-05-20T14:15:57.788Z</time>
</trkpt>
<trkpt lat="49.8310253" lon="22.2114193">
<ele>291.737</ele>
<time>2026-05-20T14:16:00.766Z</time>
</trkpt>
<trkpt lat="49.8307355" lon="22.2107024">
<ele>293.517</ele>
<time>2026-05-20T14:16:03.720Z</time>
</trkpt>
<trkpt lat="49.8304422" lon="22.2099562">
<ele>295.371</ele>
<time>2026-05-20T14:16:06.704Z</time>
</trkpt>
<trkpt lat="49.8301371" lon="22.2091987">
<ele>296.873</ele>
<time>2026-05-20T14:16:09.710Z</time>
</trkpt>
<trkpt lat="49.8298166" lon="22.2084342">
<ele>298.094</ele>
<time>2026-05-20T14:16:12.774Z</time>
</trkpt>
<trkpt lat="49.8295217" lon="22.2076797">
<ele>299.567</ele>
<time>2026-05-20T14:16:15.760Z</time>
</trkpt>
<trkpt lat="49.8293215" lon="22.2071748">
<ele>301.843</ele>
<time>2026-05-20T14:16:17.759Z</time>
</trkpt>
<trkpt lat="49.8290156" lon="22.2064230">
<ele>304.860</ele>
<time>2026-05-20T14:16:20.738Z</time>
</trkpt>
<trkpt lat="49.8288112" lon="22.2059179">
<ele>308.013</ele>
<time>2026-05-20T14:16:22.737Z</time>
</trkpt>
<trkpt lat="49.8285096" lon="22.2051687">
<ele>310.814</ele>
<time>2026-05-20T14:16:25.767Z</time>
</trkpt>
<trkpt lat="49.8282209" lon="22.2044580">
<ele>313.438</ele>
<time>2026-05-20T14:16:28.785Z</time>
</trkpt>
<trkpt lat="49.8279482" lon="22.2037768">
<ele>316.388</ele>
<time>2026-05-20T14:16:31.760Z</time>
</trkpt>
<trkpt lat="49.8276712" lon="22.2031039">
<ele>319.680</ele>
<time>2026-05-20T14:16:34.756Z</time>
</trkpt>
<trkpt lat="49.8274134" lon="22.2024264">
<ele>322.749</ele>
<time>2026-05-20T14:16:37.824Z</time>
</trkpt>
<trkpt lat="49.8272492" lon="22.2017650">
<ele>325.530</ele>
<time>2026-05-20T14:16:40.806Z</time>
</trkpt>
<trkpt lat="49.8272228" lon="22.2011030">
<ele>328.494</ele>
<time>2026-05-20T14:16:43.721Z</time>
</trkpt>
<trkpt lat="49.8272232" lon="22.2004111">
<ele>331.685</ele>
<time>2026-05-20T14:16:46.719Z</time>
</trkpt>
<trkpt lat="49.8272245" lon="22.1996733">
<ele>334.690</ele>
<time>2026-05-20T14:16:49.740Z</time>
</trkpt>
<trkpt lat="49.8272282" lon="22.1988865">
<ele>337.401</ele>
<time>2026-05-20T14:16:52.706Z</time>
</trkpt>
<trkpt lat="49.8272209" lon="22.1980141">
<ele>339.755</ele>
<time>2026-05-20T14:16:55.738Z</time>
</trkpt>
<trkpt lat="49.8272147" lon="22.1971071">
<ele>341.376</ele>
<time>2026-05-20T14:16:58.750Z</time>
</trkpt>
<trkpt lat="49.8272135" lon="22.1961993">
<ele>342.411</ele>
<time>2026-05-20T14:17:01.730Z</time>
</trkpt>
<trkpt lat="49.8272137" lon="22.1952820">
<ele>343.704</ele>
<time>2026-05-20T14:17:04.724Z</time>
</trkpt>
<trkpt lat="49.8272123" lon="22.1943544">
<ele>345.612</ele>
<time>2026-05-20T14:17:07.718Z</time>
</trkpt>
<trkpt lat="49.8272078" lon="22.1934121">
<ele>347.645</ele>
<time>2026-05-20T14:17:10.697Z</time>
</trkpt>
<trkpt lat="49.8271992" lon="22.1924484">
<ele>349.159</ele>
<time>2026-05-20T14:17:13.672Z</time>
</trkpt>
<trkpt lat="49.8271954" lon="22.1914624">
<ele>349.975</ele>
<time>2026-05-20T14:17:16.688Z</time>
</trkpt>
<trkpt lat="49.8271943" lon="22.1904958">
<ele>350.361</ele>
<time>2026-05-20T14:17:19.691Z</time>
</trkpt>
<trkpt lat="49.8271926" lon="22.1895438">
<ele>350.828</ele>
<time>2026-05-20T14:17:22.733Z</time>
</trkpt>
<trkpt lat="49.8271856" lon="22.1886251">
<ele>351.813</ele>
<time>2026-05-20T14:17:25.745Z</time>
</trkpt>
<trkpt lat="49.8271763" lon="22.1877175">
<ele>353.592</ele>
<time>2026-05-20T14:17:28.767Z</time>
</trkpt>
<trkpt lat="49.8271694" lon="22.1868259">
<ele>356.175</ele>
<time>2026-05-20T14:17:31.753Z</time>
</trkpt>
<trkpt lat="49.8271721" lon="22.1859317">
<ele>359.331</ele>
<time>2026-05-20T14:17:34.745Z</time>
</trkpt>
<trkpt lat="49.8271714" lon="22.1850299">
<ele>362.740</ele>
<time>2026-05-20T14:17:37.769Z</time>
</trkpt>
<trkpt lat="49.8271665" lon="22.1841441">
<ele>366.106</ele>
<time>2026-05-20T14:17:40.769Z</time>
</trkpt>
<trkpt lat="49.8271610" lon="22.1832603">
<ele>369.183</ele>
<time>2026-05-20T14:17:43.790Z</time>
</trkpt>
<trkpt lat="49.8271539" lon="22.1823923">
<ele>372.112</ele>
<time>2026-05-20T14:17:46.786Z</time>
</trkpt>
<trkpt lat="49.8271437" lon="22.1815212">
<ele>375.087</ele>
<time>2026-05-20T14:17:49.833Z</time>
</trkpt>
<trkpt lat="49.8271320" lon="22.1806729">
<ele>377.917</ele>
<time>2026-05-20T14:17:52.884Z</time>
</trkpt>
<trkpt lat="49.8271680" lon="22.1798689">
<ele>380.357</ele>
<time>2026-05-20T14:17:55.869Z</time>
</trkpt>
<trkpt lat="49.8273277" lon="22.1791034">
<ele>382.261</ele>
<time>2026-05-20T14:17:58.861Z</time>
</trkpt>
<trkpt lat="49.8275240" lon="22.1783420">
<ele>383.642</ele>
<time>2026-05-20T14:18:01.837Z</time>
</trkpt>
<trkpt lat="49.8277286" lon="22.1775398">
<ele>384.712</ele>
<time>2026-05-20T14:18:04.864Z</time>
</trkpt>
<trkpt lat="49.8279377" lon="22.1767188">
<ele>385.562</ele>
<time>2026-05-20T14:18:07.887Z</time>
</trkpt>
<trkpt lat="49.8281515" lon="22.1758989">
<ele>386.246</ele>
<time>2026-05-20T14:18:10.901Z</time>
</trkpt>
<trkpt lat="49.8283517" lon="22.1750878">
<ele>387.179</ele>
<time>2026-05-20T14:18:13.887Z</time>
</trkpt>
<trkpt lat="49.8285526" lon="22.1742914">
<ele>388.764</ele>
<time>2026-05-20T14:18:16.859Z</time>
</trkpt>
<trkpt lat="49.8286843" lon="22.1737639">
<ele>391.004</ele>
<time>2026-05-20T14:18:18.846Z</time>
</trkpt>
<trkpt lat="49.8288216" lon="22.1732437">
<ele>393.410</ele>
<time>2026-05-20T14:18:20.838Z</time>
</trkpt>
<trkpt lat="49.8290622" lon="22.1724940">
<ele>395.569</ele>
<time>2026-05-20T14:18:23.809Z</time>
</trkpt>
<trkpt lat="49.8292465" lon="22.1720067">
<ele>397.560</ele>
<time>2026-05-20T14:18:25.802Z</time>
</trkpt>
<trkpt lat="49.8294421" lon="22.1715243">
<ele>399.456</ele>
<time>2026-05-20T14:18:27.786Z</time>
</trkpt>
<trkpt lat="49.8296378" lon="22.1710289">
<ele>400.985</ele>
<time>2026-05-20T14:18:29.783Z</time>
</trkpt>
<trkpt lat="49.8298351" lon="22.1705305">
<ele>402.051</ele>
<time>2026-05-20T14:18:31.780Z</time>
</trkpt>
<trkpt lat="49.8301389" lon="22.1697881">
<ele>402.903</ele>
<time>2026-05-20T14:18:34.827Z</time>
</trkpt>
<trkpt lat="49.8304283" lon="22.1690748">
<ele>403.726</ele>
<time>2026-05-20T14:18:37.864Z</time>
</trkpt>
<trkpt lat="49.8306652" lon="22.1683753">
<ele>404.400</ele>
<time>2026-05-20T14:18:40.784Z</time>
</trkpt>
<trkpt lat="49.8307981" lon="22.1676069">
<ele>404.763</ele>
<time>2026-05-20T14:18:43.714Z</time>
</trkpt>
<trkpt lat="49.8308474" lon="22.1668031">
<ele>404.892</ele>
<time>2026-05-20T14:18:46.681Z</time>
</trkpt>
<trkpt lat="49.8308894" lon="22.1660011">
<ele>405.201</ele>
<time>2026-05-20T14:18:49.701Z</time>
</trkpt>
<trkpt lat="49.8309386" lon="22.1652282">
<ele>406.392</ele>
<time>2026-05-20T14:18:52.729Z</time>
</trkpt>
<trkpt lat="49.8310184" lon="22.1644911">
<ele>409.047</ele>
<time>2026-05-20T14:18:55.693Z</time>
</trkpt>
<trkpt lat="49.8311207" lon="22.1637595">
<ele>412.937</ele>
<time>2026-05-20T14:18:58.599Z</time>
</trkpt>
<trkpt lat="49.8312356" lon="22.1630035">
<ele>417.039</ele>
<time>2026-05-20T14:19:01.475Z</time>
</trkpt>
<trkpt lat="49.8313628" lon="22.1621812">
<ele>420.154</ele>
<time>2026-05-20T14:19:04.426Z</time>
</trkpt>
<trkpt lat="49.8314902" lon="22.1612929">
<ele>421.539</ele>
<time>2026-05-20T14:19:07.428Z</time>
</trkpt>
<trkpt lat="49.8316321" lon="22.1603661">
<ele>421.315</ele>
<time>2026-05-20T14:19:10.456Z</time>
</trkpt>
<trkpt lat="49.8317790" lon="22.1594224">
<ele>420.243</ele>
<time>2026-05-20T14:19:13.481Z</time>
</trkpt>
<trkpt lat="49.8319221" lon="22.1584699">
<ele>419.079</ele>
<time>2026-05-20T14:19:16.504Z</time>
</trkpt>
<trkpt lat="49.8320675" lon="22.1575191">
<ele>418.148</ele>
<time>2026-05-20T14:19:19.558Z</time>
</trkpt>
<trkpt lat="49.8322038" lon="22.1566037">
<ele>417.477</ele>
<time>2026-05-20T14:19:22.581Z</time>
</trkpt>
<trkpt lat="49.8323370" lon="22.1557173">
<ele>417.103</ele>
<time>2026-05-20T14:19:25.597Z</time>
</trkpt>
<trkpt lat="49.8325085" lon="22.1548643">
<ele>417.006</ele>
<time>2026-05-20T14:19:28.560Z</time>
</trkpt>
<trkpt lat="49.8327802" lon="22.1540280">
<ele>417.008</ele>
<time>2026-05-20T14:19:31.564Z</time>
</trkpt>
<trkpt lat="49.8330818" lon="22.1531698">
<ele>416.557</ele>
<time>2026-05-20T14:19:34.633Z</time>
</trkpt>
<trkpt lat="49.8333717" lon="22.1523468">
<ele>414.946</ele>
<time>2026-05-20T14:19:37.633Z</time>
</trkpt>
<trkpt lat="49.8336492" lon="22.1515476">
<ele>412.255</ele>
<time>2026-05-20T14:19:40.641Z</time>
</trkpt>
<trkpt lat="49.8339200" lon="22.1507799">
<ele>409.243</ele>
<time>2026-05-20T14:19:43.630Z</time>
</trkpt>
<trkpt lat="49.8341828" lon="22.1500174">
<ele>406.543</ele>
<time>2026-05-20T14:19:46.636Z</time>
</trkpt>
<trkpt lat="49.8343582" lon="22.1495196">
<ele>404.528</ele>
<time>2026-05-20T14:19:48.622Z</time>
</trkpt>
<trkpt lat="49.8345325" lon="22.1490120">
<ele>403.299</ele>
<time>2026-05-20T14:19:50.636Z</time>
</trkpt>
<trkpt lat="49.8347089" lon="22.1485080">
<ele>402.445</ele>
<time>2026-05-20T14:19:52.688Z</time>
</trkpt>
<trkpt lat="49.8348730" lon="22.1480313">
<ele>401.393</ele>
<time>2026-05-20T14:19:54.698Z</time>
</trkpt>
<trkpt lat="49.8350383" lon="22.1475704">
<ele>400.081</ele>
<time>2026-05-20T14:19:56.712Z</time>
</trkpt>
<trkpt lat="49.8351991" lon="22.1471064">
<ele>398.815</ele>
<time>2026-05-20T14:19:58.758Z</time>
</trkpt>
<trkpt lat="49.8353565" lon="22.1466527">
<ele>397.837</ele>
<time>2026-05-20T14:20:00.778Z</time>
</trkpt>
<trkpt lat="49.8355137" lon="22.1462005">
<ele>397.338</ele>
<time>2026-05-20T14:20:02.781Z</time>
</trkpt>
<trkpt lat="49.8356699" lon="22.1457456">
<ele>397.281</ele>
<time>2026-05-20T14:20:04.770Z</time>
</trkpt>
<trkpt lat="49.8358207" lon="22.1452864">
<ele>397.403</ele>
<time>2026-05-20T14:20:06.752Z</time>
</trkpt>
<trkpt lat="49.8359753" lon="22.1448378">
<ele>397.510</ele>
<time>2026-05-20T14:20:08.724Z</time>
</trkpt>
<trkpt lat="49.8361290" lon="22.1443975">
<ele>397.590</ele>
<time>2026-05-20T14:20:10.696Z</time>
</trkpt>
<trkpt lat="49.8362753" lon="22.1439509">
<ele>397.845</ele>
<time>2026-05-20T14:20:12.701Z</time>
</trkpt>
<trkpt lat="49.8364272" lon="22.1435129">
<ele>398.394</ele>
<time>2026-05-20T14:20:14.725Z</time>
</trkpt>
<trkpt lat="49.8365736" lon="22.1430853">
<ele>399.144</ele>
<time>2026-05-20T14:20:16.734Z</time>
</trkpt>
<trkpt lat="49.8367197" lon="22.1426640">
<ele>399.921</ele>
<time>2026-05-20T14:20:18.738Z</time>
</trkpt>
<trkpt lat="49.8368659" lon="22.1422352">
<ele>400.597</ele>
<time>2026-05-20T14:20:20.756Z</time>
</trkpt>
<trkpt lat="49.8370136" lon="22.1417994">
<ele>401.169</ele>
<time>2026-05-20T14:20:22.763Z</time>
</trkpt>
<trkpt lat="49.8371647" lon="22.1413554">
<ele>401.804</ele>
<time>2026-05-20T14:20:24.752Z</time>
</trkpt>
<trkpt lat="49.8373206" lon="22.1409006">
<ele>402.666</ele>
<time>2026-05-20T14:20:26.751Z</time>
</trkpt>
<trkpt lat="49.8375567" lon="22.1402290">
<ele>403.712</ele>
<time>2026-05-20T14:20:29.821Z</time>
</trkpt>
<trkpt lat="49.8377603" lon="22.1396229">
<ele>404.641</ele>
<time>2026-05-20T14:20:32.891Z</time>
</trkpt>
<trkpt lat="49.8379252" lon="22.1391031">
<ele>405.222</ele>
<time>2026-05-20T14:20:35.854Z</time>
</trkpt>
<trkpt lat="49.8379699" lon="22.1387481">
<ele>405.433</ele>
<time>2026-05-20T14:20:37.738Z</time>
</trkpt>
<trkpt lat="49.8378762" lon="22.1381633">
<ele>405.347</ele>
<time>2026-05-20T14:20:40.651Z</time>
</trkpt>
<trkpt lat="49.8377382" lon="22.1375056">
<ele>405.003</ele>
<time>2026-05-20T14:20:43.679Z</time>
</trkpt>
<trkpt lat="49.8375720" lon="22.1368289">
<ele>404.217</ele>
<time>2026-05-20T14:20:46.646Z</time>
</trkpt>
<trkpt lat="49.8372898" lon="22.1361984">
<ele>402.925</ele>
<time>2026-05-20T14:20:49.625Z</time>
</trkpt>
<trkpt lat="49.8369536" lon="22.1355682">
<ele>401.616</ele>
<time>2026-05-20T14:20:52.670Z</time>
</trkpt>
<trkpt lat="49.8366111" lon="22.1349505">
<ele>401.016</ele>
<time>2026-05-20T14:20:55.667Z</time>
</trkpt>
<trkpt lat="49.8362730" lon="22.1343275">
<ele>401.676</ele>
<time>2026-05-20T14:20:58.689Z</time>
</trkpt>
<trkpt lat="49.8359400" lon="22.1337117">
<ele>403.672</ele>
<time>2026-05-20T14:21:01.733Z</time>
</trkpt>
<trkpt lat="49.8356300" lon="22.1331137">
<ele>406.720</ele>
<time>2026-05-20T14:21:04.748Z</time>
</trkpt>
<trkpt lat="49.8353203" lon="22.1325614">
<ele>410.588</ele>
<time>2026-05-20T14:21:07.775Z</time>
</trkpt>
<trkpt lat="49.8350362" lon="22.1320424">
<ele>414.976</ele>
<time>2026-05-20T14:21:10.721Z</time>
</trkpt>
<trkpt lat="49.8347574" lon="22.1315228">
<ele>419.451</ele>
<time>2026-05-20T14:21:13.676Z</time>
</trkpt>
<trkpt lat="49.8344383" lon="22.1309990">
<ele>423.233</ele>
<time>2026-05-20T14:21:16.751Z</time>
</trkpt>
<trkpt lat="49.8340475" lon="22.1305747">
<ele>425.069</ele>
<time>2026-05-20T14:21:19.811Z</time>
</trkpt>
<trkpt lat="49.8336460" lon="22.1301631">
<ele>424.264</ele>
<time>2026-05-20T14:21:22.892Z</time>
</trkpt>
<trkpt lat="49.8332604" lon="22.1297529">
<ele>421.271</ele>
<time>2026-05-20T14:21:26.049Z</time>
</trkpt>
<trkpt lat="49.8329812" lon="22.1292764">
<ele>416.946</ele>
<time>2026-05-20T14:21:28.961Z</time>
</trkpt>
<trkpt lat="49.8328919" lon="22.1286018">
<ele>412.229</ele>
<time>2026-05-20T14:21:31.937Z</time>
</trkpt>
<trkpt lat="49.8328627" lon="22.1278421">
<ele>408.399</ele>
<time>2026-05-20T14:21:34.928Z</time>
</trkpt>
<trkpt lat="49.8328199" lon="22.1270122">
<ele>406.431</ele>
<time>2026-05-20T14:21:37.930Z</time>
</trkpt>
<trkpt lat="49.8327666" lon="22.1261400">
<ele>406.062</ele>
<time>2026-05-20T14:21:40.916Z</time>
</trkpt>
<trkpt lat="49.8327226" lon="22.1252336">
<ele>406.358</ele>
<time>2026-05-20T14:21:43.913Z</time>
</trkpt>
<trkpt lat="49.8326770" lon="22.1243070">
<ele>406.741</ele>
<time>2026-05-20T14:21:46.919Z</time>
</trkpt>
<trkpt lat="49.8326273" lon="22.1233726">
<ele>407.077</ele>
<time>2026-05-20T14:21:49.935Z</time>
</trkpt>
<trkpt lat="49.8325757" lon="22.1224436">
<ele>407.674</ele>
<time>2026-05-20T14:21:52.952Z</time>
</trkpt>
<trkpt lat="49.8325220" lon="22.1215240">
<ele>409.102</ele>
<time>2026-05-20T14:21:55.973Z</time>
</trkpt>
<trkpt lat="49.8324730" lon="22.1206216">
<ele>411.481</ele>
<time>2026-05-20T14:21:58.966Z</time>
</trkpt>
<trkpt lat="49.8324200" lon="22.1197191">
<ele>414.262</ele>
<time>2026-05-20T14:22:01.973Z</time>
</trkpt>
<trkpt lat="49.8323663" lon="22.1188225">
<ele>416.948</ele>
<time>2026-05-20T14:22:04.948Z</time>
</trkpt>
<trkpt lat="49.8323133" lon="22.1179171">
<ele>419.450</ele>
<time>2026-05-20T14:22:07.911Z</time>
</trkpt>
<trkpt lat="49.8322605" lon="22.1169951">
<ele>421.659</ele>
<time>2026-05-20T14:22:10.898Z</time>
</trkpt>
<trkpt lat="49.8322149" lon="22.1160718">
<ele>423.182</ele>
<time>2026-05-20T14:22:13.924Z</time>
</trkpt>
<trkpt lat="49.8321608" lon="22.1151868">
<ele>423.842</ele>
<time>2026-05-20T14:22:16.985Z</time>
</trkpt>
<trkpt lat="49.8321168" lon="22.1143810">
<ele>424.043</ele>
<time>2026-05-20T14:22:19.910Z</time>
</trkpt>
<trkpt lat="49.8320687" lon="22.1135626">
<ele>424.274</ele>
<time>2026-05-20T14:22:22.892Z</time>
</trkpt>
<trkpt lat="49.8320191" lon="22.1127269">
<ele>424.747</ele>
<time>2026-05-20T14:22:25.884Z</time>
</trkpt>
<trkpt lat="49.8319689" lon="22.1118807">
<ele>425.399</ele>
<time>2026-05-20T14:22:28.881Z</time>
</trkpt>
<trkpt lat="49.8319367" lon="22.1113152">
<ele>425.969</ele>
<time>2026-05-20T14:22:30.887Z</time>
</trkpt>
<trkpt lat="49.8318917" lon="22.1104725">
<ele>426.260</ele>
<time>2026-05-20T14:22:33.914Z</time>
</trkpt>
<trkpt lat="49.8318493" lon="22.1096539">
<ele>426.311</ele>
<time>2026-05-20T14:22:36.903Z</time>
</trkpt>
<trkpt lat="49.8318039" lon="22.1088401">
<ele>426.062</ele>
<time>2026-05-20T14:22:39.879Z</time>
</trkpt>
<trkpt lat="49.8317694" lon="22.1082907">
<ele>425.384</ele>
<time>2026-05-20T14:22:41.836Z</time>
</trkpt>
<trkpt lat="49.8317229" lon="22.1074296">
<ele>424.367</ele>
<time>2026-05-20T14:22:44.854Z</time>
</trkpt>
<trkpt lat="49.8316707" lon="22.1065570">
<ele>423.057</ele>
<time>2026-05-20T14:22:47.893Z</time>
</trkpt>
<trkpt lat="49.8316250" lon="22.1056964">
<ele>421.214</ele>
<time>2026-05-20T14:22:50.929Z</time>
</trkpt>
<trkpt lat="49.8315796" lon="22.1048523">
<ele>418.895</ele>
<time>2026-05-20T14:22:53.944Z</time>
</trkpt>
<trkpt lat="49.8315311" lon="22.1040085">
<ele>416.556</ele>
<time>2026-05-20T14:22:56.931Z</time>
</trkpt>
<trkpt lat="49.8314765" lon="22.1031438">
<ele>414.477</ele>
<time>2026-05-20T14:22:59.928Z</time>
</trkpt>
<trkpt lat="49.8314257" lon="22.1022717">
<ele>412.336</ele>
<time>2026-05-20T14:23:02.911Z</time>
</trkpt>
<trkpt lat="49.8313740" lon="22.1013929">
<ele>409.435</ele>
<time>2026-05-20T14:23:05.945Z</time>
</trkpt>
<trkpt lat="49.8313233" lon="22.1005324">
<ele>406.105</ele>
<time>2026-05-20T14:23:09.027Z</time>
</trkpt>
<trkpt lat="49.8313309" lon="22.0997223">
<ele>403.727</ele>
<time>2026-05-20T14:23:12.097Z</time>
</trkpt>
<trkpt lat="49.8312966" lon="22.0989742">
<ele>402.900</ele>
<time>2026-05-20T14:23:15.052Z</time>
</trkpt>
<trkpt lat="49.8311631" lon="22.0982446">
<ele>403.164</ele>
<time>2026-05-20T14:23:18.070Z</time>
</trkpt>
<trkpt lat="49.8310392" lon="22.0975332">
<ele>403.967</ele>
<time>2026-05-20T14:23:21.052Z</time>
</trkpt>
<trkpt lat="49.8309210" lon="22.0968523">
<ele>405.144</ele>
<time>2026-05-20T14:23:23.999Z</time>
</trkpt>
<trkpt lat="49.8308033" lon="22.0961916">
<ele>406.970</ele>
<time>2026-05-20T14:23:26.973Z</time>
</trkpt>
<trkpt lat="49.8306867" lon="22.0955337">
<ele>409.574</ele>
<time>2026-05-20T14:23:30.016Z</time>
</trkpt>
<trkpt lat="49.8305702" lon="22.0948768">
<ele>412.574</ele>
<time>2026-05-20T14:23:33.090Z</time>
</trkpt>
<trkpt lat="49.8304560" lon="22.0942234">
<ele>415.768</ele>
<time>2026-05-20T14:23:36.194Z</time>
</trkpt>
<trkpt lat="49.8303367" lon="22.0935910">
<ele>419.098</ele>
<time>2026-05-20T14:23:39.361Z</time>
</trkpt>
<trkpt lat="49.8302280" lon="22.0930084">
<ele>422.162</ele>
<time>2026-05-20T14:23:42.479Z</time>
</trkpt>
<trkpt lat="49.8301264" lon="22.0924676">
<ele>424.753</ele>
<time>2026-05-20T14:23:45.468Z</time>
</trkpt>
<trkpt lat="49.8300357" lon="22.0919128">
<ele>427.103</ele>
<time>2026-05-20T14:23:48.424Z</time>
</trkpt>
<trkpt lat="49.8299268" lon="22.0913298">
<ele>429.459</ele>
<time>2026-05-20T14:23:51.391Z</time>
</trkpt>
<trkpt lat="49.8298141" lon="22.0907209">
<ele>432.054</ele>
<time>2026-05-20T14:23:54.305Z</time>
</trkpt>
<trkpt lat="49.8296894" lon="22.0900844">
<ele>435.033</ele>
<time>2026-05-20T14:23:57.256Z</time>
</trkpt>
<trkpt lat="49.8295729" lon="22.0894367">
<ele>438.331</ele>
<time>2026-05-20T14:24:00.210Z</time>
</trkpt>
<trkpt lat="49.8294615" lon="22.0887925">
<ele>441.598</ele>
<time>2026-05-20T14:24:03.131Z</time>
</trkpt>
<trkpt lat="49.8293474" lon="22.0881513">
<ele>444.376</ele>
<time>2026-05-20T14:24:06.055Z</time>
</trkpt>
<trkpt lat="49.8292288" lon="22.0875323">
<ele>446.552</ele>
<time>2026-05-20T14:24:08.945Z</time>
</trkpt>
<trkpt lat="49.8290908" lon="22.0869317">
<ele>448.355</ele>
<time>2026-05-20T14:24:11.790Z</time>
</trkpt>
<trkpt lat="49.8288510" lon="22.0863617">
<ele>449.906</ele>
<time>2026-05-20T14:24:14.746Z</time>
</trkpt>
<trkpt lat="49.8285592" lon="22.0858222">
<ele>451.005</ele>
<time>2026-05-20T14:24:17.712Z</time>
</trkpt>
<trkpt lat="49.8282593" lon="22.0852676">
<ele>451.291</ele>
<time>2026-05-20T14:24:20.656Z</time>
</trkpt>
<trkpt lat="49.8279415" lon="22.0846914">
<ele>450.588</ele>
<time>2026-05-20T14:24:23.657Z</time>
</trkpt>
<trkpt lat="49.8276193" lon="22.0841151">
<ele>449.029</ele>
<time>2026-05-20T14:24:26.675Z</time>
</trkpt>
<trkpt lat="49.8273115" lon="22.0835357">
<ele>446.676</ele>
<time>2026-05-20T14:24:29.684Z</time>
</trkpt>
<trkpt lat="49.8271141" lon="22.0828581">
<ele>443.417</ele>
<time>2026-05-20T14:24:32.659Z</time>
</trkpt>
<trkpt lat="49.8269902" lon="22.0821066">
<ele>439.484</ele>
<time>2026-05-20T14:24:35.677Z</time>
</trkpt>
<trkpt lat="49.8268994" lon="22.0815754">
<ele>435.461</ele>
<time>2026-05-20T14:24:37.682Z</time>
</trkpt>
<trkpt lat="49.8267488" lon="22.0807355">
<ele>432.126</ele>
<time>2026-05-20T14:24:40.757Z</time>
</trkpt>
<trkpt lat="49.8266557" lon="22.0801619">
<ele>429.648</ele>
<time>2026-05-20T14:24:42.747Z</time>
</trkpt>
<trkpt lat="49.8265579" lon="22.0795554">
<ele>427.608</ele>
<time>2026-05-20T14:24:44.777Z</time>
</trkpt>
<trkpt lat="49.8263954" lon="22.0786414">
<ele>425.693</ele>
<time>2026-05-20T14:24:47.808Z</time>
</trkpt>
<trkpt lat="49.8262898" lon="22.0780326">
<ele>423.987</ele>
<time>2026-05-20T14:24:49.792Z</time>
</trkpt>
<trkpt lat="49.8261245" lon="22.0771044">
<ele>422.769</ele>
<time>2026-05-20T14:24:52.843Z</time>
</trkpt>
<trkpt lat="49.8259742" lon="22.0762075">
<ele>422.179</ele>
<time>2026-05-20T14:24:55.905Z</time>
</trkpt>
<trkpt lat="49.8258365" lon="22.0753770">
<ele>421.950</ele>
<time>2026-05-20T14:24:58.940Z</time>
</trkpt>
<trkpt lat="49.8256791" lon="22.0746034">
<ele>421.999</ele>
<time>2026-05-20T14:25:02.002Z</time>
</trkpt>
<trkpt lat="49.8254160" lon="22.0739501">
<ele>422.534</ele>
<time>2026-05-20T14:25:05.022Z</time>
</trkpt>
<trkpt lat="49.8250813" lon="22.0733846">
<ele>424.047</ele>
<time>2026-05-20T14:25:08.050Z</time>
</trkpt>
<trkpt lat="49.8247453" lon="22.0728147">
<ele>426.780</ele>
<time>2026-05-20T14:25:11.147Z</time>
</trkpt>
<trkpt lat="49.8244875" lon="22.0722074">
<ele>430.381</ele>
<time>2026-05-20T14:25:14.154Z</time>
</trkpt>
<trkpt lat="49.8243980" lon="22.0715136">
<ele>433.800</ele>
<time>2026-05-20T14:25:16.952Z</time>
</trkpt>
<trkpt lat="49.8243036" lon="22.0707042">
<ele>435.821</ele>
<time>2026-05-20T14:25:19.902Z</time>
</trkpt>
<trkpt lat="49.8241910" lon="22.0698162">
<ele>435.795</ele>
<time>2026-05-20T14:25:22.892Z</time>
</trkpt>
<trkpt lat="49.8240788" lon="22.0688813">
<ele>433.577</ele>
<time>2026-05-20T14:25:25.916Z</time>
</trkpt>
<trkpt lat="49.8239673" lon="22.0679401">
<ele>429.653</ele>
<time>2026-05-20T14:25:28.940Z</time>
</trkpt>
<trkpt lat="49.8238618" lon="22.0670065">
<ele>425.297</ele>
<time>2026-05-20T14:25:31.985Z</time>
</trkpt>
<trkpt lat="49.8237487" lon="22.0661064">
<ele>421.453</ele>
<time>2026-05-20T14:25:35.053Z</time>
</trkpt>
<trkpt lat="49.8236409" lon="22.0652610">
<ele>418.450</ele>
<time>2026-05-20T14:25:38.094Z</time>
</trkpt>
<trkpt lat="49.8235441" lon="22.0644591">
<ele>416.567</ele>
<time>2026-05-20T14:25:41.110Z</time>
</trkpt>
<trkpt lat="49.8234482" lon="22.0636882">
<ele>416.085</ele>
<time>2026-05-20T14:25:44.118Z</time>
</trkpt>
<trkpt lat="49.8233543" lon="22.0629319">
<ele>417.108</ele>
<time>2026-05-20T14:25:47.298Z</time>
</trkpt>
<trkpt lat="49.8232601" lon="22.0622615">
<ele>419.253</ele>
<time>2026-05-20T14:25:50.780Z</time>
</trkpt>
<trkpt lat="49.8232002" lon="22.0617886">
<ele>421.474</ele>
<time>2026-05-20T14:25:54.248Z</time>
</trkpt>
<trkpt lat="49.8231624" lon="22.0614432">
<ele>422.575</ele>
<time>2026-05-20T14:25:57.082Z</time>
</trkpt>
<trkpt lat="49.8231063" lon="22.0610733">
<ele>422.103</ele>
<time>2026-05-20T14:26:00.124Z</time>
</trkpt>
<trkpt lat="49.8230765" lon="22.0607159">
<ele>420.767</ele>
<time>2026-05-20T14:26:02.983Z</time>
</trkpt>
<trkpt lat="49.8230281" lon="22.0603461">
<ele>419.583</ele>
<time>2026-05-20T14:26:05.667Z</time>
</trkpt>
<trkpt lat="49.8229769" lon="22.0599140">
<ele>418.933</ele>
<time>2026-05-20T14:26:08.441Z</time>
</trkpt>
<trkpt lat="49.8229166" lon="22.0594257">
<ele>418.707</ele>
<time>2026-05-20T14:26:11.380Z</time>
</trkpt>
<trkpt lat="49.8228510" lon="22.0589235">
<ele>418.746</ele>
<time>2026-05-20T14:26:14.369Z</time>
</trkpt>
<trkpt lat="49.8228000" lon="22.0584280">
<ele>418.875</ele>
<time>2026-05-20T14:26:17.254Z</time>
</trkpt>
<trkpt lat="49.8227336" lon="22.0579061">
<ele>418.992</ele>
<time>2026-05-20T14:26:20.160Z</time>
</trkpt>
<trkpt lat="49.8226590" lon="22.0573389">
<ele>419.078</ele>
<time>2026-05-20T14:26:23.109Z</time>
</trkpt>
<trkpt lat="49.8225804" lon="22.0567199">
<ele>419.073</ele>
<time>2026-05-20T14:26:26.211Z</time>
</trkpt>
<trkpt lat="49.8225065" lon="22.0561151">
<ele>418.765</ele>
<time>2026-05-20T14:26:29.314Z</time>
</trkpt>
<trkpt lat="49.8224394" lon="22.0555498">
<ele>417.830</ele>
<time>2026-05-20T14:26:32.406Z</time>
</trkpt>
<trkpt lat="49.8223696" lon="22.0550329">
<ele>416.306</ele>
<time>2026-05-20T14:26:35.491Z</time>
</trkpt>
<trkpt lat="49.8222232" lon="22.0546047">
<ele>414.846</ele>
<time>2026-05-20T14:26:38.408Z</time>
</trkpt>
<trkpt lat="49.8219317" lon="22.0543277">
<ele>414.053</ele>
<time>2026-05-20T14:26:41.350Z</time>
</trkpt>
<trkpt lat="49.8216947" lon="22.0541897">
<ele>414.097</ele>
<time>2026-05-20T14:26:43.334Z</time>
</trkpt>
<trkpt lat="49.8214492" lon="22.0540237">
<ele>414.885</ele>
<time>2026-05-20T14:26:45.365Z</time>
</trkpt>
<trkpt lat="49.8210805" lon="22.0538041">
<ele>415.930</ele>
<time>2026-05-20T14:26:48.285Z</time>
</trkpt>
<trkpt lat="49.8206968" lon="22.0535477">
<ele>416.480</ele>
<time>2026-05-20T14:26:51.319Z</time>
</trkpt>
<trkpt lat="49.8204456" lon="22.0533882">
<ele>416.041</ele>
<time>2026-05-20T14:26:53.260Z</time>
</trkpt>
<trkpt lat="49.8200658" lon="22.0531297">
<ele>414.636</ele>
<time>2026-05-20T14:26:56.218Z</time>
</trkpt>
<trkpt lat="49.8196884" lon="22.0528793">
<ele>412.515</ele>
<time>2026-05-20T14:26:59.370Z</time>
</trkpt>
<trkpt lat="49.8193691" lon="22.0526695">
<ele>409.822</ele>
<time>2026-05-20T14:27:02.280Z</time>
</trkpt>
<trkpt lat="49.8190466" lon="22.0524567">
<ele>406.675</ele>
<time>2026-05-20T14:27:05.133Z</time>
</trkpt>
<trkpt lat="49.8186832" lon="22.0522237">
<ele>403.319</ele>
<time>2026-05-20T14:27:08.115Z</time>
</trkpt>
<trkpt lat="49.8182985" lon="22.0519827">
<ele>400.180</ele>
<time>2026-05-20T14:27:11.169Z</time>
</trkpt>
<trkpt lat="49.8179222" lon="22.0517475">
<ele>397.578</ele>
<time>2026-05-20T14:27:14.351Z</time>
</trkpt>
<trkpt lat="49.8176068" lon="22.0515451">
<ele>395.478</ele>
<time>2026-05-20T14:27:17.322Z</time>
</trkpt>
<trkpt lat="49.8173005" lon="22.0513502">
<ele>393.747</ele>
<time>2026-05-20T14:27:20.194Z</time>
</trkpt>
<trkpt lat="49.8169643" lon="22.0511394">
<ele>392.252</ele>
<time>2026-05-20T14:27:23.111Z</time>
</trkpt>
<trkpt lat="49.8165989" lon="22.0509022">
<ele>390.763</ele>
<time>2026-05-20T14:27:26.153Z</time>
</trkpt>
<trkpt lat="49.8162396" lon="22.0506648">
<ele>389.015</ele>
<time>2026-05-20T14:27:29.359Z</time>
</trkpt>
<trkpt lat="49.8159396" lon="22.0504653">
<ele>386.764</ele>
<time>2026-05-20T14:27:32.479Z</time>
</trkpt>
<trkpt lat="49.8156706" lon="22.0502914">
<ele>384.015</ele>
<time>2026-05-20T14:27:35.509Z</time>
</trkpt>
<trkpt lat="49.8154039" lon="22.0501170">
<ele>381.118</ele>
<time>2026-05-20T14:27:38.779Z</time>
</trkpt>
<trkpt lat="49.8151777" lon="22.0499742">
<ele>378.460</ele>
<time>2026-05-20T14:27:41.853Z</time>
</trkpt>
<trkpt lat="49.8149651" lon="22.0498355">
<ele>376.169</ele>
<time>2026-05-20T14:27:44.814Z</time>
</trkpt>
<trkpt lat="49.8147485" lon="22.0496929">
<ele>374.209</ele>
<time>2026-05-20T14:27:47.852Z</time>
</trkpt>
<trkpt lat="49.8145499" lon="22.0495125">
<ele>372.404</ele>
<time>2026-05-20T14:27:51.002Z</time>
</trkpt>
<trkpt lat="49.8144367" lon="22.0492349">
<ele>370.330</ele>
<time>2026-05-20T14:27:54.126Z</time>
</trkpt>
<trkpt lat="49.8144230" lon="22.0489184">
<ele>367.817</ele>
<time>2026-05-20T14:27:57.726Z</time>
</trkpt>
<trkpt lat="49.8144524" lon="22.0486590">
<ele>365.331</ele>
<time>2026-05-20T14:28:01.713Z</time>
</trkpt>
<trkpt lat="49.8145014" lon="22.0484741">
<ele>363.278</ele>
<time>2026-05-20T14:28:06.385Z</time>
</trkpt>
<trkpt lat="49.8145414" lon="22.0483335">
<ele>361.595</ele>
<time>2026-05-20T14:28:10.359Z</time>
</trkpt>
<trkpt lat="49.8145819" lon="22.0481887">
<ele>360.163</ele>
<time>2026-05-20T14:28:13.586Z</time>
</trkpt>
<trkpt lat="49.8146492" lon="22.0479960">
<ele>358.947</ele>
<time>2026-05-20T14:28:15.547Z</time>
</trkpt>
<trkpt lat="49.8147641" lon="22.0474993">
<ele>357.862</ele>
<time>2026-05-20T14:28:18.628Z</time>
</trkpt>
<trkpt lat="49.8148357" lon="22.0467690">
<ele>356.644</ele>
<time>2026-05-20T14:28:21.709Z</time>
</trkpt>
<trkpt lat="49.8148323" lon="22.0459153">
<ele>354.868</ele>
<time>2026-05-20T14:28:24.862Z</time>
</trkpt>
<trkpt lat="49.8148226" lon="22.0450965">
<ele>352.568</ele>
<time>2026-05-20T14:28:27.984Z</time>
</trkpt>
<trkpt lat="49.8148185" lon="22.0443674">
<ele>350.541</ele>
<time>2026-05-20T14:28:31.044Z</time>
</trkpt>
<trkpt lat="49.8147731" lon="22.0437021">
<ele>349.686</ele>
<time>2026-05-20T14:28:34.053Z</time>
</trkpt>
<trkpt lat="49.8145922" lon="22.0431158">
<ele>350.297</ele>
<time>2026-05-20T14:28:37.034Z</time>
</trkpt>
<trkpt lat="49.8143220" lon="22.0426105">
<ele>351.971</ele>
<time>2026-05-20T14:28:40.052Z</time>
</trkpt>
<trkpt lat="49.8140195" lon="22.0421516">
<ele>354.235</ele>
<time>2026-05-20T14:28:43.047Z</time>
</trkpt>
<trkpt lat="49.8136818" lon="22.0417185">
<ele>356.785</ele>
<time>2026-05-20T14:28:46.081Z</time>
</trkpt>
<trkpt lat="49.8133045" lon="22.0413383">
<ele>359.149</ele>
<time>2026-05-20T14:28:49.069Z</time>
</trkpt>
<trkpt lat="49.8128747" lon="22.0410330">
<ele>360.781</ele>
<time>2026-05-20T14:28:52.025Z</time>
</trkpt>
<trkpt lat="49.8124025" lon="22.0407580">
<ele>361.251</ele>
<time>2026-05-20T14:28:55.043Z</time>
</trkpt>
<trkpt lat="49.8119179" lon="22.0405434">
<ele>360.395</ele>
<time>2026-05-20T14:28:58.037Z</time>
</trkpt>
<trkpt lat="49.8115952" lon="22.0404347">
<ele>358.841</ele>
<time>2026-05-20T14:29:00.073Z</time>
</trkpt>
<trkpt lat="49.8112862" lon="22.0403368">
<ele>357.625</ele>
<time>2026-05-20T14:29:02.115Z</time>
</trkpt>
<trkpt lat="49.8108376" lon="22.0401979">
<ele>357.458</ele>
<time>2026-05-20T14:29:05.223Z</time>
</trkpt>
<trkpt lat="49.8104200" lon="22.0400419">
<ele>358.718</ele>
<time>2026-05-20T14:29:08.348Z</time>
</trkpt>
<trkpt lat="49.8100639" lon="22.0397706">
<ele>361.416</ele>
<time>2026-05-20T14:29:11.402Z</time>
</trkpt>
<trkpt lat="49.8097816" lon="22.0393764">
<ele>365.090</ele>
<time>2026-05-20T14:29:14.445Z</time>
</trkpt>
<trkpt lat="49.8096238" lon="22.0388562">
<ele>369.298</ele>
<time>2026-05-20T14:29:17.452Z</time>
</trkpt>
<trkpt lat="49.8096039" lon="22.0382715">
<ele>373.864</ele>
<time>2026-05-20T14:29:20.458Z</time>
</trkpt>
<trkpt lat="49.8096210" lon="22.0376744">
<ele>378.490</ele>
<time>2026-05-20T14:29:23.445Z</time>
</trkpt>
<trkpt lat="49.8096367" lon="22.0370563">
<ele>382.626</ele>
<time>2026-05-20T14:29:26.444Z</time>
</trkpt>
<trkpt lat="49.8096546" lon="22.0364211">
<ele>385.960</ele>
<time>2026-05-20T14:29:29.452Z</time>
</trkpt>
<trkpt lat="49.8096682" lon="22.0357758">
<ele>388.742</ele>
<time>2026-05-20T14:29:32.453Z</time>
</trkpt>
<trkpt lat="49.8096834" lon="22.0351303">
<ele>391.415</ele>
<time>2026-05-20T14:29:35.484Z</time>
</trkpt>
<trkpt lat="49.8096987" lon="22.0345042">
<ele>394.277</ele>
<time>2026-05-20T14:29:38.526Z</time>
</trkpt>
<trkpt lat="49.8097120" lon="22.0338969">
<ele>397.458</ele>
<time>2026-05-20T14:29:41.562Z</time>
</trkpt>
<trkpt lat="49.8097252" lon="22.0333030">
<ele>400.894</ele>
<time>2026-05-20T14:29:44.553Z</time>
</trkpt>
<trkpt lat="49.8097410" lon="22.0327077">
<ele>404.396</ele>
<time>2026-05-20T14:29:47.504Z</time>
</trkpt>
<trkpt lat="49.8097613" lon="22.0321016">
<ele>407.800</ele>
<time>2026-05-20T14:29:50.438Z</time>
</trkpt>
<trkpt lat="49.8097509" lon="22.0314747">
<ele>410.978</ele>
<time>2026-05-20T14:29:53.388Z</time>
</trkpt>
<trkpt lat="49.8096633" lon="22.0308543">
<ele>413.923</ele>
<time>2026-05-20T14:29:56.301Z</time>
</trkpt>
<trkpt lat="49.8095386" lon="22.0302447">
<ele>417.005</ele>
<time>2026-05-20T14:29:59.177Z</time>
</trkpt>
<trkpt lat="49.8094200" lon="22.0296331">
<ele>420.701</ele>
<time>2026-05-20T14:30:01.987Z</time>
</trkpt>
<trkpt lat="49.8092980" lon="22.0289915">
<ele>424.761</ele>
<time>2026-05-20T14:30:04.861Z</time>
</trkpt>
<trkpt lat="49.8091623" lon="22.0283172">
<ele>428.254</ele>
<time>2026-05-20T14:30:07.826Z</time>
</trkpt>
<trkpt lat="49.8090165" lon="22.0276141">
<ele>430.815</ele>
<time>2026-05-20T14:30:10.870Z</time>
</trkpt>
<trkpt lat="49.8088733" lon="22.0269048">
<ele>432.786</ele>
<time>2026-05-20T14:30:13.924Z</time>
</trkpt>
<trkpt lat="49.8087307" lon="22.0262139">
<ele>434.609</ele>
<time>2026-05-20T14:30:16.946Z</time>
</trkpt>
<trkpt lat="49.8085908" lon="22.0255431">
<ele>436.719</ele>
<time>2026-05-20T14:30:19.930Z</time>
</trkpt>
<trkpt lat="49.8084374" lon="22.0248910">
<ele>439.303</ele>
<time>2026-05-20T14:30:22.929Z</time>
</trkpt>
<trkpt lat="49.8083094" lon="22.0242463">
<ele>442.275</ele>
<time>2026-05-20T14:30:26.044Z</time>
</trkpt>
<trkpt lat="49.8082837" lon="22.0236633">
<ele>445.741</ele>
<time>2026-05-20T14:30:28.973Z</time>
</trkpt>
<trkpt lat="49.8083745" lon="22.0230727">
<ele>449.899</ele>
<time>2026-05-20T14:30:32.016Z</time>
</trkpt>
<trkpt lat="49.8084754" lon="22.0224601">
<ele>454.082</ele>
<time>2026-05-20T14:30:35.084Z</time>
</trkpt>
<trkpt lat="49.8085629" lon="22.0218435">
<ele>457.272</ele>
<time>2026-05-20T14:30:38.092Z</time>
</trkpt>
<trkpt lat="49.8085677" lon="22.0212032">
<ele>459.199</ele>
<time>2026-05-20T14:30:40.993Z</time>
</trkpt>
<trkpt lat="49.8084962" lon="22.0205095">
<ele>459.825</ele>
<time>2026-05-20T14:30:43.909Z</time>
</trkpt>
<trkpt lat="49.8083973" lon="22.0197330">
<ele>459.058</ele>
<time>2026-05-20T14:30:46.942Z</time>
</trkpt>
<trkpt lat="49.8082879" lon="22.0189292">
<ele>457.266</ele>
<time>2026-05-20T14:30:49.979Z</time>
</trkpt>
<trkpt lat="49.8082319" lon="22.0181307">
<ele>454.733</ele>
<time>2026-05-20T14:30:52.965Z</time>
</trkpt>
<trkpt lat="49.8082952" lon="22.0176180">
<ele>451.798</ele>
<time>2026-05-20T14:30:54.922Z</time>
</trkpt>
<trkpt lat="49.8084243" lon="22.0171155">
<ele>449.335</ele>
<time>2026-05-20T14:30:56.914Z</time>
</trkpt>
<trkpt lat="49.8085312" lon="22.0165984">
<ele>448.077</ele>
<time>2026-05-20T14:30:58.891Z</time>
</trkpt>
<trkpt lat="49.8086899" lon="22.0158127">
<ele>447.878</ele>
<time>2026-05-20T14:31:01.885Z</time>
</trkpt>
<trkpt lat="49.8087923" lon="22.0152847">
<ele>448.093</ele>
<time>2026-05-20T14:31:03.880Z</time>
</trkpt>
<trkpt lat="49.8089466" lon="22.0144862">
<ele>448.236</ele>
<time>2026-05-20T14:31:06.871Z</time>
</trkpt>
<trkpt lat="49.8090499" lon="22.0139445">
<ele>448.175</ele>
<time>2026-05-20T14:31:08.853Z</time>
</trkpt>
<trkpt lat="49.8092060" lon="22.0131191">
<ele>447.944</ele>
<time>2026-05-20T14:31:11.833Z</time>
</trkpt>
<trkpt lat="49.8093702" lon="22.0122856">
<ele>447.437</ele>
<time>2026-05-20T14:31:14.821Z</time>
</trkpt>
<trkpt lat="49.8095304" lon="22.0114498">
<ele>446.525</ele>
<time>2026-05-20T14:31:17.785Z</time>
</trkpt>
<trkpt lat="49.8096950" lon="22.0105966">
<ele>445.437</ele>
<time>2026-05-20T14:31:20.782Z</time>
</trkpt>
<trkpt lat="49.8098652" lon="22.0097305">
<ele>444.401</ele>
<time>2026-05-20T14:31:23.818Z</time>
</trkpt>
<trkpt lat="49.8100318" lon="22.0088846">
<ele>443.244</ele>
<time>2026-05-20T14:31:26.801Z</time>
</trkpt>
<trkpt lat="49.8101915" lon="22.0080366">
<ele>441.955</ele>
<time>2026-05-20T14:31:29.785Z</time>
</trkpt>
<trkpt lat="49.8103574" lon="22.0071908">
<ele>440.547</ele>
<time>2026-05-20T14:31:32.740Z</time>
</trkpt>
<trkpt lat="49.8105255" lon="22.0063134">
<ele>438.525</ele>
<time>2026-05-20T14:31:35.760Z</time>
</trkpt>
<trkpt lat="49.8106935" lon="22.0054297">
<ele>435.683</ele>
<time>2026-05-20T14:31:38.821Z</time>
</trkpt>
<trkpt lat="49.8108596" lon="22.0045839">
<ele>432.911</ele>
<time>2026-05-20T14:31:41.888Z</time>
</trkpt>
<trkpt lat="49.8110140" lon="22.0038055">
<ele>431.517</ele>
<time>2026-05-20T14:31:44.901Z</time>
</trkpt>
<trkpt lat="49.8111484" lon="22.0030780">
<ele>432.146</ele>
<time>2026-05-20T14:31:47.884Z</time>
</trkpt>
<trkpt lat="49.8112758" lon="22.0023920">
<ele>434.328</ele>
<time>2026-05-20T14:31:50.821Z</time>
</trkpt>
<trkpt lat="49.8114052" lon="22.0017187">
<ele>436.871</ele>
<time>2026-05-20T14:31:53.755Z</time>
</trkpt>
<trkpt lat="49.8116438" lon="22.0011071">
<ele>438.723</ele>
<time>2026-05-20T14:31:56.700Z</time>
</trkpt>
<trkpt lat="49.8119521" lon="22.0005180">
<ele>439.727</ele>
<time>2026-05-20T14:31:59.693Z</time>
</trkpt>
<trkpt lat="49.8122636" lon="21.9999058">
<ele>440.295</ele>
<time>2026-05-20T14:32:02.647Z</time>
</trkpt>
<trkpt lat="49.8125778" lon="21.9992993">
<ele>440.805</ele>
<time>2026-05-20T14:32:05.578Z</time>
</trkpt>
<trkpt lat="49.8128808" lon="21.9986968">
<ele>441.781</ele>
<time>2026-05-20T14:32:08.489Z</time>
</trkpt>
<trkpt lat="49.8131993" lon="21.9980968">
<ele>443.574</ele>
<time>2026-05-20T14:32:11.434Z</time>
</trkpt>
<trkpt lat="49.8135271" lon="21.9974728">
<ele>445.560</ele>
<time>2026-05-20T14:32:14.419Z</time>
</trkpt>
<trkpt lat="49.8138594" lon="21.9968269">
<ele>446.644</ele>
<time>2026-05-20T14:32:17.456Z</time>
</trkpt>
<trkpt lat="49.8141853" lon="21.9961956">
<ele>446.387</ele>
<time>2026-05-20T14:32:20.467Z</time>
</trkpt>
<trkpt lat="49.8145088" lon="21.9955704">
<ele>445.294</ele>
<time>2026-05-20T14:32:23.533Z</time>
</trkpt>
<trkpt lat="49.8147848" lon="21.9949567">
<ele>444.048</ele>
<time>2026-05-20T14:32:26.466Z</time>
</trkpt>
<trkpt lat="49.8149216" lon="21.9942403">
<ele>442.913</ele>
<time>2026-05-20T14:32:29.400Z</time>
</trkpt>
<trkpt lat="49.8150331" lon="21.9934914">
<ele>442.044</ele>
<time>2026-05-20T14:32:32.395Z</time>
</trkpt>
<trkpt lat="49.8151501" lon="21.9927356">
<ele>441.686</ele>
<time>2026-05-20T14:32:35.454Z</time>
</trkpt>
<trkpt lat="49.8152597" lon="21.9919861">
<ele>441.836</ele>
<time>2026-05-20T14:32:38.551Z</time>
</trkpt>
<trkpt lat="49.8153554" lon="21.9912433">
<ele>442.234</ele>
<time>2026-05-20T14:32:41.638Z</time>
</trkpt>
<trkpt lat="49.8154599" lon="21.9905034">
<ele>442.593</ele>
<time>2026-05-20T14:32:44.681Z</time>
</trkpt>
<trkpt lat="49.8155756" lon="21.9897595">
<ele>442.740</ele>
<time>2026-05-20T14:32:47.697Z</time>
</trkpt>
<trkpt lat="49.8156972" lon="21.9890166">
<ele>442.582</ele>
<time>2026-05-20T14:32:50.717Z</time>
</trkpt>
<trkpt lat="49.8157434" lon="21.9882809">
<ele>442.179</ele>
<time>2026-05-20T14:32:53.655Z</time>
</trkpt>
<trkpt lat="49.8157654" lon="21.9875254">
<ele>441.692</ele>
<time>2026-05-20T14:32:56.703Z</time>
</trkpt>
<trkpt lat="49.8157748" lon="21.9867992">
<ele>441.162</ele>
<time>2026-05-20T14:32:59.764Z</time>
</trkpt>
<trkpt lat="49.8157294" lon="21.9863573">
<ele>440.490</ele>
<time>2026-05-20T14:33:01.731Z</time>
</trkpt>
<trkpt lat="49.8155270" lon="21.9857455">
<ele>439.401</ele>
<time>2026-05-20T14:33:04.619Z</time>
</trkpt>
<trkpt lat="49.8152606" lon="21.9850919">
<ele>437.603</ele>
<time>2026-05-20T14:33:07.595Z</time>
</trkpt>
<trkpt lat="49.8149761" lon="21.9843981">
<ele>435.342</ele>
<time>2026-05-20T14:33:10.560Z</time>
</trkpt>
<trkpt lat="49.8147849" lon="21.9839234">
<ele>433.221</ele>
<time>2026-05-20T14:33:12.506Z</time>
</trkpt>
<trkpt lat="49.8144898" lon="21.9831949">
<ele>431.627</ele>
<time>2026-05-20T14:33:15.488Z</time>
</trkpt>
<trkpt lat="49.8141961" lon="21.9824710">
<ele>430.562</ele>
<time>2026-05-20T14:33:18.533Z</time>
</trkpt>
<trkpt lat="49.8139374" lon="21.9817759">
<ele>429.718</ele>
<time>2026-05-20T14:33:21.523Z</time>
</trkpt>
<trkpt lat="49.8137630" lon="21.9810396">
<ele>428.535</ele>
<time>2026-05-20T14:33:24.527Z</time>
</trkpt>
<trkpt lat="49.8136462" lon="21.9802813">
<ele>426.856</ele>
<time>2026-05-20T14:33:27.564Z</time>
</trkpt>
<trkpt lat="49.8135251" lon="21.9795575">
<ele>425.086</ele>
<time>2026-05-20T14:33:30.471Z</time>
</trkpt>
<trkpt lat="49.8133204" lon="21.9788241">
<ele>423.331</ele>
<time>2026-05-20T14:33:33.476Z</time>
</trkpt>
<trkpt lat="49.8130323" lon="21.9781254">
<ele>421.255</ele>
<time>2026-05-20T14:33:36.515Z</time>
</trkpt>
<trkpt lat="49.8127488" lon="21.9774419">
<ele>418.929</ele>
<time>2026-05-20T14:33:39.488Z</time>
</trkpt>
<trkpt lat="49.8124602" lon="21.9767659">
<ele>416.601</ele>
<time>2026-05-20T14:33:42.443Z</time>
</trkpt>
<trkpt lat="49.8121709" lon="21.9760865">
<ele>414.248</ele>
<time>2026-05-20T14:33:45.429Z</time>
</trkpt>
<trkpt lat="49.8118814" lon="21.9754509">
<ele>411.750</ele>
<time>2026-05-20T14:33:48.398Z</time>
</trkpt>
<trkpt lat="49.8115712" lon="21.9749144">
<ele>409.155</ele>
<time>2026-05-20T14:33:51.309Z</time>
</trkpt>
<trkpt lat="49.8112756" lon="21.9743903">
<ele>406.831</ele>
<time>2026-05-20T14:33:54.217Z</time>
</trkpt>
<trkpt lat="49.8110465" lon="21.9737722">
<ele>405.042</ele>
<time>2026-05-20T14:33:57.185Z</time>
</trkpt>
<trkpt lat="49.8107740" lon="21.9731535">
<ele>403.557</ele>
<time>2026-05-20T14:34:00.195Z</time>
</trkpt>
<trkpt lat="49.8104571" lon="21.9725260">
<ele>402.146</ele>
<time>2026-05-20T14:34:03.236Z</time>
</trkpt>
<trkpt lat="49.8101304" lon="21.9718654">
<ele>400.843</ele>
<time>2026-05-20T14:34:06.274Z</time>
</trkpt>
<trkpt lat="49.8097849" lon="21.9712007">
<ele>399.426</ele>
<time>2026-05-20T14:34:09.299Z</time>
</trkpt>
<trkpt lat="49.8094437" lon="21.9705123">
<ele>397.579</ele>
<time>2026-05-20T14:34:12.330Z</time>
</trkpt>
<trkpt lat="49.8091024" lon="21.9698301">
<ele>395.509</ele>
<time>2026-05-20T14:34:15.357Z</time>
</trkpt>
<trkpt lat="49.8087630" lon="21.9691805">
<ele>393.440</ele>
<time>2026-05-20T14:34:18.335Z</time>
</trkpt>
<trkpt lat="49.8084327" lon="21.9685226">
<ele>390.826</ele>
<time>2026-05-20T14:34:21.409Z</time>
</trkpt>
<trkpt lat="49.8081438" lon="21.9679280">
<ele>387.384</ele>
<time>2026-05-20T14:34:24.386Z</time>
</trkpt>
<trkpt lat="49.8078557" lon="21.9674311">
<ele>383.777</ele>
<time>2026-05-20T14:34:27.284Z</time>
</trkpt>
<trkpt lat="49.8074859" lon="21.9670841">
<ele>380.960</ele>
<time>2026-05-20T14:34:30.242Z</time>
</trkpt>
<trkpt lat="49.8070694" lon="21.9668245">
<ele>379.600</ele>
<time>2026-05-20T14:34:33.275Z</time>
</trkpt>
<trkpt lat="49.8066503" lon="21.9665783">
<ele>380.155</ele>
<time>2026-05-20T14:34:36.353Z</time>
</trkpt>
<trkpt lat="49.8062570" lon="21.9663367">
<ele>382.862</ele>
<time>2026-05-20T14:34:39.461Z</time>
</trkpt>
<trkpt lat="49.8059310" lon="21.9660458">
<ele>387.404</ele>
<time>2026-05-20T14:34:42.535Z</time>
</trkpt>
<trkpt lat="49.8057894" lon="21.9655909">
<ele>392.571</ele>
<time>2026-05-20T14:34:45.365Z</time>
</trkpt>
<trkpt lat="49.8058506" lon="21.9650600">
<ele>396.921</ele>
<time>2026-05-20T14:34:48.300Z</time>
</trkpt>
<trkpt lat="49.8060128" lon="21.9645325">
<ele>399.775</ele>
<time>2026-05-20T14:34:51.295Z</time>
</trkpt>
<trkpt lat="49.8061984" lon="21.9639976">
<ele>401.284</ele>
<time>2026-05-20T14:34:54.333Z</time>
</trkpt>
<trkpt lat="49.8063218" lon="21.9634285">
<ele>401.714</ele>
<time>2026-05-20T14:34:57.272Z</time>
</trkpt>
<trkpt lat="49.8063157" lon="21.9627625">
<ele>401.272</ele>
<time>2026-05-20T14:35:00.323Z</time>
</trkpt>
<trkpt lat="49.8062022" lon="21.9620732">
<ele>400.388</ele>
<time>2026-05-20T14:35:03.314Z</time>
</trkpt>
<trkpt lat="49.8060832" lon="21.9615977">
<ele>399.653</ele>
<time>2026-05-20T14:35:05.279Z</time>
</trkpt>
<trkpt lat="49.8059560" lon="21.9610958">
<ele>399.224</ele>
<time>2026-05-20T14:35:07.237Z</time>
</trkpt>
<trkpt lat="49.8057559" lon="21.9603395">
<ele>398.773</ele>
<time>2026-05-20T14:35:10.119Z</time>
</trkpt>
<trkpt lat="49.8055830" lon="21.9598622">
<ele>397.901</ele>
<time>2026-05-20T14:35:12.014Z</time>
</trkpt>
<trkpt lat="49.8052691" lon="21.9591697">
<ele>396.385</ele>
<time>2026-05-20T14:35:14.945Z</time>
</trkpt>
<trkpt lat="49.8050479" lon="21.9587248">
<ele>394.317</ele>
<time>2026-05-20T14:35:16.947Z</time>
</trkpt>
<trkpt lat="49.8047487" lon="21.9581004">
<ele>392.185</ele>
<time>2026-05-20T14:35:19.845Z</time>
</trkpt>
<trkpt lat="49.8045127" lon="21.9574740">
<ele>390.438</ele>
<time>2026-05-20T14:35:22.688Z</time>
</trkpt>
<trkpt lat="49.8043816" lon="21.9567370">
<ele>389.142</ele>
<time>2026-05-20T14:35:25.670Z</time>
</trkpt>
<trkpt lat="49.8042767" lon="21.9559474">
<ele>388.220</ele>
<time>2026-05-20T14:35:28.669Z</time>
</trkpt>
<trkpt lat="49.8041781" lon="21.9551860">
<ele>387.685</ele>
<time>2026-05-20T14:35:31.560Z</time>
</trkpt>
<trkpt lat="49.8040629" lon="21.9544913">
<ele>387.421</ele>
<time>2026-05-20T14:35:34.367Z</time>
</trkpt>
<trkpt lat="49.8038437" lon="21.9537958">
<ele>387.024</ele>
<time>2026-05-20T14:35:37.375Z</time>
</trkpt>
<trkpt lat="49.8035630" lon="21.9530551">
<ele>385.679</ele>
<time>2026-05-20T14:35:40.519Z</time>
</trkpt>
<trkpt lat="49.8032840" lon="21.9523210">
<ele>382.609</ele>
<time>2026-05-20T14:35:43.639Z</time>
</trkpt>
<trkpt lat="49.8030292" lon="21.9516633">
<ele>377.834</ele>
<time>2026-05-20T14:35:46.629Z</time>
</trkpt>
<trkpt lat="49.8027121" lon="21.9511003">
<ele>372.135</ele>
<time>2026-05-20T14:35:49.633Z</time>
</trkpt>
<trkpt lat="49.8022582" lon="21.9506751">
<ele>366.561</ele>
<time>2026-05-20T14:35:52.800Z</time>
</trkpt>
<trkpt lat="49.8018035" lon="21.9502673">
<ele>361.659</ele>
<time>2026-05-20T14:35:55.855Z</time>
</trkpt>
<trkpt lat="49.8013679" lon="21.9498738">
<ele>357.238</ele>
<time>2026-05-20T14:35:58.856Z</time>
</trkpt>
<trkpt lat="49.8009626" lon="21.9494824">
<ele>353.018</ele>
<time>2026-05-20T14:36:01.872Z</time>
</trkpt>
<trkpt lat="49.8005942" lon="21.9491721">
<ele>348.712</ele>
<time>2026-05-20T14:36:04.771Z</time>
</trkpt>
<trkpt lat="49.8002188" lon="21.9489946">
<ele>344.151</ele>
<time>2026-05-20T14:36:07.774Z</time>
</trkpt>
<trkpt lat="49.7998748" lon="21.9490638">
<ele>339.965</ele>
<time>2026-05-20T14:36:10.708Z</time>
</trkpt>
<trkpt lat="49.7996248" lon="21.9493853">
<ele>336.830</ele>
<time>2026-05-20T14:36:13.604Z</time>
</trkpt>
<trkpt lat="49.7993923" lon="21.9498793">
<ele>334.709</ele>
<time>2026-05-20T14:36:16.938Z</time>
</trkpt>
<trkpt lat="49.7991183" lon="21.9501630">
<ele>333.176</ele>
<time>2026-05-20T14:36:19.673Z</time>
</trkpt>
<trkpt lat="49.7987315" lon="21.9501661">
<ele>331.360</ele>
<time>2026-05-20T14:36:22.751Z</time>
</trkpt>
<trkpt lat="49.7983106" lon="21.9500134">
<ele>328.689</ele>
<time>2026-05-20T14:36:25.890Z</time>
</trkpt>
<trkpt lat="49.7979611" lon="21.9496716">
<ele>325.389</ele>
<time>2026-05-20T14:36:28.914Z</time>
</trkpt>
<trkpt lat="49.7976900" lon="21.9493135">
<ele>321.841</ele>
<time>2026-05-20T14:36:31.909Z</time>
</trkpt>
<trkpt lat="49.7974525" lon="21.9493223">
<ele>317.936</ele>
<time>2026-05-20T14:36:34.416Z</time>
</trkpt>
<trkpt lat="49.7973652" lon="21.9496503">
<ele>313.436</ele>
<time>2026-05-20T14:36:37.420Z</time>
</trkpt>
<trkpt lat="49.7974674" lon="21.9500809">
<ele>309.163</ele>
<time>2026-05-20T14:36:40.685Z</time>
</trkpt>
<trkpt lat="49.7976676" lon="21.9506135">
<ele>306.312</ele>
<time>2026-05-20T14:36:44.211Z</time>
</trkpt>
<trkpt lat="49.7977681" lon="21.9509926">
<ele>304.826</ele>
<time>2026-05-20T14:36:46.906Z</time>
</trkpt>
<trkpt lat="49.7976822" lon="21.9512463">
<ele>303.270</ele>
<time>2026-05-20T14:36:49.427Z</time>
</trkpt>
<trkpt lat="49.7974628" lon="21.9512524">
<ele>300.335</ele>
<time>2026-05-20T14:36:52.630Z</time>
</trkpt>
<trkpt lat="49.7971279" lon="21.9509902">
<ele>296.743</ele>
<time>2026-05-20T14:36:56.142Z</time>
</trkpt>
<trkpt lat="49.7966853" lon="21.9506226">
<ele>293.878</ele>
<time>2026-05-20T14:36:59.394Z</time>
</trkpt>
<trkpt lat="49.7961984" lon="21.9502396">
<ele>290.858</ele>
<time>2026-05-20T14:37:02.512Z</time>
</trkpt>
<trkpt lat="49.7957512" lon="21.9498607">
<ele>286.607</ele>
<time>2026-05-20T14:37:05.431Z</time>
</trkpt>
<trkpt lat="49.7953070" lon="21.9494841">
<ele>281.473</ele>
<time>2026-05-20T14:37:08.436Z</time>
</trkpt>
<trkpt lat="49.7948813" lon="21.9491272">
<ele>275.892</ele>
<time>2026-05-20T14:37:11.471Z</time>
</trkpt>
<trkpt lat="49.7946399" lon="21.9489265">
<ele>270.228</ele>
<time>2026-05-20T14:37:13.478Z</time>
</trkpt>
<trkpt lat="49.7943462" lon="21.9486774">
<ele>265.107</ele>
<time>2026-05-20T14:37:16.350Z</time>
</trkpt>
<trkpt lat="49.7942535" lon="21.9485146">
<ele>260.721</ele>
<time>2026-05-20T14:37:18.057Z</time>
</trkpt>
<trkpt lat="49.7942388" lon="21.9482451">
<ele>257.308</ele>
<time>2026-05-20T14:37:20.631Z</time>
</trkpt>
<trkpt lat="49.7942106" lon="21.9480979">
<ele>255.155</ele>
<time>2026-05-20T14:37:22.516Z</time>
</trkpt>
<trkpt lat="49.7941240" lon="21.9479841">
<ele>254.132</ele>
<time>2026-05-20T14:37:24.968Z</time>
</trkpt>
<trkpt lat="49.7939068" lon="21.9480123">
<ele>253.831</ele>
<time>2026-05-20T14:37:28.490Z</time>
</trkpt>
<trkpt lat="49.7935706" lon="21.9479804">
<ele>253.868</ele>
<time>2026-05-20T14:37:31.797Z</time>
</trkpt>
<trkpt lat="49.7931782" lon="21.9477050">
<ele>253.950</ele>
<time>2026-05-20T14:37:34.957Z</time>
</trkpt>
<trkpt lat="49.7927349" lon="21.9473494">
<ele>254.158</ele>
<time>2026-05-20T14:37:38.118Z</time>
</trkpt>
<trkpt lat="49.7922947" lon="21.9469831">
<ele>254.602</ele>
<time>2026-05-20T14:37:41.142Z</time>
</trkpt>
<trkpt lat="49.7918557" lon="21.9466209">
<ele>254.861</ele>
<time>2026-05-20T14:37:44.150Z</time>
</trkpt>
<trkpt lat="49.7914254" lon="21.9462597">
<ele>254.494</ele>
<time>2026-05-20T14:37:47.149Z</time>
</trkpt>
<trkpt lat="49.7910088" lon="21.9459123">
<ele>253.730</ele>
<time>2026-05-20T14:37:50.144Z</time>
</trkpt>
<trkpt lat="49.7906212" lon="21.9455780">
<ele>252.990</ele>
<time>2026-05-20T14:37:53.077Z</time>
</trkpt>
<trkpt lat="49.7902445" lon="21.9452550">
<ele>252.455</ele>
<time>2026-05-20T14:37:56.041Z</time>
</trkpt>
<trkpt lat="49.7898725" lon="21.9449621">
<ele>252.331</ele>
<time>2026-05-20T14:37:59.017Z</time>
</trkpt>
<trkpt lat="49.7895088" lon="21.9447032">
<ele>252.978</ele>
<time>2026-05-20T14:38:01.992Z</time>
</trkpt>
<trkpt lat="49.7891374" lon="21.9445796">
<ele>254.240</ele>
<time>2026-05-20T14:38:04.930Z</time>
</trkpt>
<trkpt lat="49.7887591" lon="21.9445316">
<ele>255.490</ele>
<time>2026-05-20T14:38:07.982Z</time>
</trkpt>
<trkpt lat="49.7884310" lon="21.9445792">
<ele>256.408</ele>
<time>2026-05-20T14:38:10.839Z</time>
</trkpt>
<trkpt lat="49.7881383" lon="21.9446314">
<ele>256.934</ele>
<time>2026-05-20T14:38:13.608Z</time>
</trkpt>
<trkpt lat="49.7878047" lon="21.9447505">
<ele>257.074</ele>
<time>2026-05-20T14:38:16.732Z</time>
</trkpt>
<trkpt lat="49.7874579" lon="21.9449589">
<ele>257.172</ele>
<time>2026-05-20T14:38:19.795Z</time>
</trkpt>
<trkpt lat="49.7871124" lon="21.9452396">
<ele>257.712</ele>
<time>2026-05-20T14:38:22.806Z</time>
</trkpt>
<trkpt lat="49.7867632" lon="21.9455712">
<ele>258.693</ele>
<time>2026-05-20T14:38:25.869Z</time>
</trkpt>
<trkpt lat="49.7864210" lon="21.9459037">
<ele>259.520</ele>
<time>2026-05-20T14:38:28.924Z</time>
</trkpt>
<trkpt lat="49.7861232" lon="21.9461975">
<ele>259.712</ele>
<time>2026-05-20T14:38:31.743Z</time>
</trkpt>
<trkpt lat="49.7858240" lon="21.9464977">
<ele>259.507</ele>
<time>2026-05-20T14:38:34.701Z</time>
</trkpt>
<trkpt lat="49.7855066" lon="21.9468233">
<ele>259.537</ele>
<time>2026-05-20T14:38:37.760Z</time>
</trkpt>
<trkpt lat="49.7851555" lon="21.9471777">
<ele>260.094</ele>
<time>2026-05-20T14:38:40.868Z</time>
</trkpt>
<trkpt lat="49.7847729" lon="21.9475565">
<ele>261.004</ele>
<time>2026-05-20T14:38:43.993Z</time>
</trkpt>
<trkpt lat="49.7844005" lon="21.9479424">
<ele>261.961</ele>
<time>2026-05-20T14:38:47.018Z</time>
</trkpt>
<trkpt lat="49.7840753" lon="21.9483550">
<ele>262.951</ele>
<time>2026-05-20T14:38:49.915Z</time>
</trkpt>
<trkpt lat="49.7837683" lon="21.9488251">
<ele>264.359</ele>
<time>2026-05-20T14:38:52.962Z</time>
</trkpt>
<trkpt lat="49.7834751" lon="21.9492464">
<ele>266.036</ele>
<time>2026-05-20T14:38:55.906Z</time>
</trkpt>
<trkpt lat="49.7831486" lon="21.9495068">
<ele>266.820</ele>
<time>2026-05-20T14:38:58.760Z</time>
</trkpt>
<trkpt lat="49.7827385" lon="21.9495056">
<ele>265.831</ele>
<time>2026-05-20T14:39:01.919Z</time>
</trkpt>
<trkpt lat="49.7823550" lon="21.9492616">
<ele>263.760</ele>
<time>2026-05-20T14:39:04.933Z</time>
</trkpt>
<trkpt lat="49.7819976" lon="21.9488291">
<ele>262.132</ele>
<time>2026-05-20T14:39:07.980Z</time>
</trkpt>
<trkpt lat="49.7816074" lon="21.9483489">
<ele>262.117</ele>
<time>2026-05-20T14:39:11.042Z</time>
</trkpt>
<trkpt lat="49.7811930" lon="21.9478653">
<ele>263.656</ele>
<time>2026-05-20T14:39:14.001Z</time>
</trkpt>
<trkpt lat="49.7807329" lon="21.9473083">
<ele>265.497</ele>
<time>2026-05-20T14:39:17.123Z</time>
</trkpt>
<trkpt lat="49.7802828" lon="21.9467379">
<ele>266.610</ele>
<time>2026-05-20T14:39:20.173Z</time>
</trkpt>
<trkpt lat="49.7798565" lon="21.9461957">
<ele>266.328</ele>
<time>2026-05-20T14:39:23.149Z</time>
</trkpt>
<trkpt lat="49.7795844" lon="21.9458518">
<ele>264.031</ele>
<time>2026-05-20T14:39:25.130Z</time>
</trkpt>
<trkpt lat="49.7793201" lon="21.9455255">
<ele>260.476</ele>
<time>2026-05-20T14:39:27.084Z</time>
</trkpt>
<trkpt lat="49.7788831" lon="21.9451054">
<ele>257.379</ele>
<time>2026-05-20T14:39:30.066Z</time>
</trkpt>
<trkpt lat="49.7783792" lon="21.9448457">
<ele>255.709</ele>
<time>2026-05-20T14:39:33.125Z</time>
</trkpt>
<trkpt lat="49.7778716" lon="21.9447472">
<ele>255.328</ele>
<time>2026-05-20T14:39:36.090Z</time>
</trkpt>
<trkpt lat="49.7773755" lon="21.9446665">
<ele>255.570</ele>
<time>2026-05-20T14:39:39.059Z</time>
</trkpt>
<trkpt lat="49.7768929" lon="21.9445940">
<ele>256.005</ele>
<time>2026-05-20T14:39:42.079Z</time>
</trkpt>
<trkpt lat="49.7764527" lon="21.9445240">
<ele>256.487</ele>
<time>2026-05-20T14:39:44.987Z</time>
</trkpt>
<trkpt lat="49.7760272" lon="21.9444550">
<ele>256.961</ele>
<time>2026-05-20T14:39:47.908Z</time>
</trkpt>
<trkpt lat="49.7755978" lon="21.9443798">
<ele>257.517</ele>
<time>2026-05-20T14:39:50.909Z</time>
</trkpt>
<trkpt lat="49.7751721" lon="21.9443233">
<ele>258.478</ele>
<time>2026-05-20T14:39:53.895Z</time>
</trkpt>
<trkpt lat="49.7747473" lon="21.9442653">
<ele>260.164</ele>
<time>2026-05-20T14:39:56.862Z</time>
</trkpt>
<trkpt lat="49.7742966" lon="21.9441846">
<ele>262.496</ele>
<time>2026-05-20T14:39:59.912Z</time>
</trkpt>
<trkpt lat="49.7738160" lon="21.9441230">
<ele>264.756</ele>
<time>2026-05-20T14:40:02.977Z</time>
</trkpt>
<trkpt lat="49.7733104" lon="21.9440391">
<ele>266.436</ele>
<time>2026-05-20T14:40:06.036Z</time>
</trkpt>
<trkpt lat="49.7727781" lon="21.9439518">
<ele>267.577</ele>
<time>2026-05-20T14:40:09.158Z</time>
</trkpt>
<trkpt lat="49.7722777" lon="21.9438853">
<ele>268.207</ele>
<time>2026-05-20T14:40:12.168Z</time>
</trkpt>
<trkpt lat="49.7718225" lon="21.9438280">
<ele>268.325</ele>
<time>2026-05-20T14:40:15.080Z</time>
</trkpt>
<trkpt lat="49.7713836" lon="21.9437491">
<ele>268.352</ele>
<time>2026-05-20T14:40:18.047Z</time>
</trkpt>
<trkpt lat="49.7709623" lon="21.9436646">
<ele>269.004</ele>
<time>2026-05-20T14:40:21.064Z</time>
</trkpt>
<trkpt lat="49.7705874" lon="21.9435735">
<ele>270.588</ele>
<time>2026-05-20T14:40:24.015Z</time>
</trkpt>
<trkpt lat="49.7702530" lon="21.9434561">
<ele>272.480</ele>
<time>2026-05-20T14:40:26.976Z</time>
</trkpt>
<trkpt lat="49.7699924" lon="21.9431853">
<ele>274.044</ele>
<time>2026-05-20T14:40:29.845Z</time>
</trkpt>
<trkpt lat="49.7698369" lon="21.9427076">
<ele>275.170</ele>
<time>2026-05-20T14:40:32.822Z</time>
</trkpt>
<trkpt lat="49.7696938" lon="21.9420874">
<ele>275.803</ele>
<time>2026-05-20T14:40:36.000Z</time>
</trkpt>
<trkpt lat="49.7695178" lon="21.9414636">
<ele>275.582</ele>
<time>2026-05-20T14:40:38.984Z</time>
</trkpt>
<trkpt lat="49.7693242" lon="21.9407933">
<ele>273.949</ele>
<time>2026-05-20T14:40:42.069Z</time>
</trkpt>
<trkpt lat="49.7691474" lon="21.9401395">
<ele>271.360</ele>
<time>2026-05-20T14:40:45.065Z</time>
</trkpt>
<trkpt lat="49.7690381" lon="21.9395029">
<ele>269.480</ele>
<time>2026-05-20T14:40:47.988Z</time>
</trkpt>
<trkpt lat="49.7690963" lon="21.9388822">
<ele>269.576</ele>
<time>2026-05-20T14:40:50.922Z</time>
</trkpt>
<trkpt lat="49.7692093" lon="21.9382840">
<ele>271.852</ele>
<time>2026-05-20T14:40:53.922Z</time>
</trkpt>
<trkpt lat="49.7692734" lon="21.9376924">
<ele>275.933</ele>
<time>2026-05-20T14:40:56.917Z</time>
</trkpt>
<trkpt lat="49.7691824" lon="21.9371635">
<ele>281.008</ele>
<time>2026-05-20T14:40:59.814Z</time>
</trkpt>
<trkpt lat="49.7689328" lon="21.9367401">
<ele>285.955</ele>
<time>2026-05-20T14:41:02.891Z</time>
</trkpt>
<trkpt lat="49.7686201" lon="21.9363704">
<ele>290.060</ele>
<time>2026-05-20T14:41:05.995Z</time>
</trkpt>
<trkpt lat="49.7682242" lon="21.9361817">
<ele>293.405</ele>
<time>2026-05-20T14:41:09.052Z</time>
</trkpt>
<trkpt lat="49.7677925" lon="21.9360670">
<ele>296.256</ele>
<time>2026-05-20T14:41:12.093Z</time>
</trkpt>
<trkpt lat="49.7673557" lon="21.9358932">
<ele>298.616</ele>
<time>2026-05-20T14:41:15.087Z</time>
</trkpt>
<trkpt lat="49.7669208" lon="21.9355824">
<ele>300.607</ele>
<time>2026-05-20T14:41:18.137Z</time>
</trkpt>
<trkpt lat="49.7665070" lon="21.9351699">
<ele>302.499</ele>
<time>2026-05-20T14:41:21.143Z</time>
</trkpt>
<trkpt lat="49.7662350" lon="21.9348601">
<ele>304.606</ele>
<time>2026-05-20T14:41:23.143Z</time>
</trkpt>
<trkpt lat="49.7659642" lon="21.9345459">
<ele>306.951</ele>
<time>2026-05-20T14:41:25.111Z</time>
</trkpt>
<trkpt lat="49.7655922" lon="21.9339740">
<ele>309.230</ele>
<time>2026-05-20T14:41:28.130Z</time>
</trkpt>
<trkpt lat="49.7652657" lon="21.9333378">
<ele>311.323</ele>
<time>2026-05-20T14:41:31.161Z</time>
</trkpt>
<trkpt lat="49.7649587" lon="21.9327289">
<ele>313.455</ele>
<time>2026-05-20T14:41:34.100Z</time>
</trkpt>
<trkpt lat="49.7646521" lon="21.9321114">
<ele>315.678</ele>
<time>2026-05-20T14:41:37.069Z</time>
</trkpt>
<trkpt lat="49.7643209" lon="21.9314632">
<ele>317.704</ele>
<time>2026-05-20T14:41:40.140Z</time>
</trkpt>
<trkpt lat="49.7639805" lon="21.9308100">
<ele>319.107</ele>
<time>2026-05-20T14:41:43.273Z</time>
</trkpt>
<trkpt lat="49.7636335" lon="21.9302977">
<ele>319.779</ele>
<time>2026-05-20T14:41:46.182Z</time>
</trkpt>
<trkpt lat="49.7632218" lon="21.9299109">
<ele>319.996</ele>
<time>2026-05-20T14:41:49.143Z</time>
</trkpt>
<trkpt lat="49.7627342" lon="21.9296721">
<ele>319.992</ele>
<time>2026-05-20T14:41:52.199Z</time>
</trkpt>
<trkpt lat="49.7622413" lon="21.9295145">
<ele>319.859</ele>
<time>2026-05-20T14:41:55.221Z</time>
</trkpt>
<trkpt lat="49.7617872" lon="21.9293737">
<ele>319.700</ele>
<time>2026-05-20T14:41:58.129Z</time>
</trkpt>
<trkpt lat="49.7613374" lon="21.9292238">
<ele>319.637</ele>
<time>2026-05-20T14:42:01.157Z</time>
</trkpt>
<trkpt lat="49.7609114" lon="21.9290954">
<ele>319.877</ele>
<time>2026-05-20T14:42:04.094Z</time>
</trkpt>
<trkpt lat="49.7604840" lon="21.9289645">
<ele>320.628</ele>
<time>2026-05-20T14:42:07.006Z</time>
</trkpt>
<trkpt lat="49.7600256" lon="21.9288195">
<ele>321.617</ele>
<time>2026-05-20T14:42:09.965Z</time>
</trkpt>
<trkpt lat="49.7595171" lon="21.9286606">
<ele>322.300</ele>
<time>2026-05-20T14:42:13.038Z</time>
</trkpt>
<trkpt lat="49.7589852" lon="21.9284907">
<ele>322.460</ele>
<time>2026-05-20T14:42:16.150Z</time>
</trkpt>
<trkpt lat="49.7584775" lon="21.9283116">
<ele>322.257</ele>
<time>2026-05-20T14:42:19.156Z</time>
</trkpt>
<trkpt lat="49.7579792" lon="21.9281103">
<ele>321.973</ele>
<time>2026-05-20T14:42:22.138Z</time>
</trkpt>
<trkpt lat="49.7574650" lon="21.9279171">
<ele>321.799</ele>
<time>2026-05-20T14:42:25.127Z</time>
</trkpt>
<trkpt lat="49.7569303" lon="21.9277186">
<ele>321.658</ele>
<time>2026-05-20T14:42:28.123Z</time>
</trkpt>
<trkpt lat="49.7563802" lon="21.9275082">
<ele>321.254</ele>
<time>2026-05-20T14:42:31.145Z</time>
</trkpt>
<trkpt lat="49.7558342" lon="21.9273071">
<ele>320.305</ele>
<time>2026-05-20T14:42:34.161Z</time>
</trkpt>
<trkpt lat="49.7553134" lon="21.9271100">
<ele>318.873</ele>
<time>2026-05-20T14:42:37.117Z</time>
</trkpt>
<trkpt lat="49.7548084" lon="21.9268660">
<ele>317.432</ele>
<time>2026-05-20T14:42:40.073Z</time>
</trkpt>
<trkpt lat="49.7543079" lon="21.9265174">
<ele>316.476</ele>
<time>2026-05-20T14:42:43.165Z</time>
</trkpt>
<trkpt lat="49.7538599" lon="21.9261647">
<ele>316.101</ele>
<time>2026-05-20T14:42:46.105Z</time>
</trkpt>
<trkpt lat="49.7534091" lon="21.9258794">
<ele>315.874</ele>
<time>2026-05-20T14:42:49.045Z</time>
</trkpt>
<trkpt lat="49.7529167" lon="21.9257549">
<ele>315.230</ele>
<time>2026-05-20T14:42:52.007Z</time>
</trkpt>
<trkpt lat="49.7523706" lon="21.9257047">
<ele>313.842</ele>
<time>2026-05-20T14:42:55.144Z</time>
</trkpt>
<trkpt lat="49.7518472" lon="21.9256711">
<ele>311.687</ele>
<time>2026-05-20T14:42:58.154Z</time>
</trkpt>
<trkpt lat="49.7513300" lon="21.9256379">
<ele>308.863</ele>
<time>2026-05-20T14:43:01.214Z</time>
</trkpt>
<trkpt lat="49.7508339" lon="21.9256221">
<ele>305.312</ele>
<time>2026-05-20T14:43:04.202Z</time>
</trkpt>
<trkpt lat="49.7503307" lon="21.9256027">
<ele>301.239</ele>
<time>2026-05-20T14:43:07.264Z</time>
</trkpt>
<trkpt lat="49.7498477" lon="21.9255785">
<ele>297.378</ele>
<time>2026-05-20T14:43:10.269Z</time>
</trkpt>
<trkpt lat="49.7493856" lon="21.9255409">
<ele>294.084</ele>
<time>2026-05-20T14:43:13.236Z</time>
</trkpt>
<trkpt lat="49.7489415" lon="21.9253817">
<ele>291.015</ele>
<time>2026-05-20T14:43:16.226Z</time>
</trkpt>
<trkpt lat="49.7485206" lon="21.9251311">
<ele>287.672</ele>
<time>2026-05-20T14:43:19.259Z</time>
</trkpt>
<trkpt lat="49.7480924" lon="21.9249909">
<ele>283.716</ele>
<time>2026-05-20T14:43:22.268Z</time>
</trkpt>
<trkpt lat="49.7476514" lon="21.9249777">
<ele>279.257</ele>
<time>2026-05-20T14:43:25.213Z</time>
</trkpt>
<trkpt lat="49.7471576" lon="21.9250074">
<ele>275.166</ele>
<time>2026-05-20T14:43:28.285Z</time>
</trkpt>
<trkpt lat="49.7468177" lon="21.9250175">
<ele>272.363</ele>
<time>2026-05-20T14:43:30.298Z</time>
</trkpt>
<trkpt lat="49.7463071" lon="21.9249987">
<ele>270.967</ele>
<time>2026-05-20T14:43:33.308Z</time>
</trkpt>
<trkpt lat="49.7458095" lon="21.9248427">
<ele>270.977</ele>
<time>2026-05-20T14:43:36.340Z</time>
</trkpt>
<trkpt lat="49.7453833" lon="21.9244972">
<ele>272.794</ele>
<time>2026-05-20T14:43:39.309Z</time>
</trkpt>
<trkpt lat="49.7451312" lon="21.9242023">
<ele>276.616</ele>
<time>2026-05-20T14:43:41.314Z</time>
</trkpt>
<trkpt lat="49.7447637" lon="21.9237618">
<ele>281.706</ele>
<time>2026-05-20T14:43:44.290Z</time>
</trkpt>
<trkpt lat="49.7444044" lon="21.9233333">
<ele>286.471</ele>
<time>2026-05-20T14:43:47.247Z</time>
</trkpt>
<trkpt lat="49.7440165" lon="21.9229726">
<ele>290.294</ele>
<time>2026-05-20T14:43:50.270Z</time>
</trkpt>
<trkpt lat="49.7436252" lon="21.9226472">
<ele>293.913</ele>
<time>2026-05-20T14:43:53.319Z</time>
</trkpt>
<trkpt lat="49.7432440" lon="21.9223444">
<ele>297.731</ele>
<time>2026-05-20T14:43:56.369Z</time>
</trkpt>
<trkpt lat="49.7428862" lon="21.9220560">
<ele>301.458</ele>
<time>2026-05-20T14:43:59.313Z</time>
</trkpt>
<trkpt lat="49.7425265" lon="21.9217345">
<ele>304.696</ele>
<time>2026-05-20T14:44:02.289Z</time>
</trkpt>
<trkpt lat="49.7421302" lon="21.9214141">
<ele>307.285</ele>
<time>2026-05-20T14:44:05.337Z</time>
</trkpt>
<trkpt lat="49.7417242" lon="21.9210774">
<ele>309.501</ele>
<time>2026-05-20T14:44:08.347Z</time>
</trkpt>
<trkpt lat="49.7413254" lon="21.9207124">
<ele>311.895</ele>
<time>2026-05-20T14:44:11.327Z</time>
</trkpt>
<trkpt lat="49.7409457" lon="21.9203315">
<ele>314.923</ele>
<time>2026-05-20T14:44:14.289Z</time>
</trkpt>
<trkpt lat="49.7405955" lon="21.9199537">
<ele>318.731</ele>
<time>2026-05-20T14:44:17.213Z</time>
</trkpt>
<trkpt lat="49.7403220" lon="21.9195018">
<ele>323.305</ele>
<time>2026-05-20T14:44:20.113Z</time>
</trkpt>
<trkpt lat="49.7401523" lon="21.9189726">
<ele>328.494</ele>
<time>2026-05-20T14:44:23.032Z</time>
</trkpt>
<trkpt lat="49.7400027" lon="21.9184271">
<ele>334.010</ele>
<time>2026-05-20T14:44:26.077Z</time>
</trkpt>
<trkpt lat="49.7398517" lon="21.9178788">
<ele>339.381</ele>
<time>2026-05-20T14:44:29.168Z</time>
</trkpt>
<trkpt lat="49.7397125" lon="21.9173114">
<ele>343.959</ele>
<time>2026-05-20T14:44:32.224Z</time>
</trkpt>
<trkpt lat="49.7396121" lon="21.9166866">
<ele>347.454</ele>
<time>2026-05-20T14:44:35.270Z</time>
</trkpt>
<trkpt lat="49.7395296" lon="21.9160112">
<ele>350.025</ele>
<time>2026-05-20T14:44:38.358Z</time>
</trkpt>
<trkpt lat="49.7394530" lon="21.9153323">
<ele>351.704</ele>
<time>2026-05-20T14:44:41.397Z</time>
</trkpt>
<trkpt lat="49.7393206" lon="21.9146432">
<ele>352.447</ele>
<time>2026-05-20T14:44:44.504Z</time>
</trkpt>
<trkpt lat="49.7391213" lon="21.9139722">
<ele>352.548</ele>
<time>2026-05-20T14:44:47.610Z</time>
</trkpt>
<trkpt lat="49.7388588" lon="21.9133552">
<ele>352.459</ele>
<time>2026-05-20T14:44:50.649Z</time>
</trkpt>
<trkpt lat="49.7384888" lon="21.9128599">
<ele>352.494</ele>
<time>2026-05-20T14:44:53.706Z</time>
</trkpt>
<trkpt lat="49.7380576" lon="21.9124579">
<ele>352.939</ele>
<time>2026-05-20T14:44:56.847Z</time>
</trkpt>
<trkpt lat="49.7376278" lon="21.9120556">
<ele>354.134</ele>
<time>2026-05-20T14:44:59.989Z</time>
</trkpt>
<trkpt lat="49.7371906" lon="21.9116896">
<ele>356.397</ele>
<time>2026-05-20T14:45:03.088Z</time>
</trkpt>
<trkpt lat="49.7367449" lon="21.9114233">
<ele>359.823</ele>
<time>2026-05-20T14:45:06.089Z</time>
</trkpt>
<trkpt lat="49.7363281" lon="21.9110742">
<ele>363.871</ele>
<time>2026-05-20T14:45:09.152Z</time>
</trkpt>
<trkpt lat="49.7359817" lon="21.9105969">
<ele>367.522</ele>
<time>2026-05-20T14:45:12.216Z</time>
</trkpt>
<trkpt lat="49.7356824" lon="21.9100893">
<ele>370.046</ele>
<time>2026-05-20T14:45:15.076Z</time>
</trkpt>
<trkpt lat="49.7353661" lon="21.9095719">
<ele>371.527</ele>
<time>2026-05-20T14:45:17.895Z</time>
</trkpt>
<trkpt lat="49.7350112" lon="21.9090518">
<ele>372.568</ele>
<time>2026-05-20T14:45:20.756Z</time>
</trkpt>
<trkpt lat="49.7346051" lon="21.9085790">
<ele>373.640</ele>
<time>2026-05-20T14:45:23.684Z</time>
</trkpt>
<trkpt lat="49.7341457" lon="21.9083177">
<ele>375.128</ele>
<time>2026-05-20T14:45:26.562Z</time>
</trkpt>
<trkpt lat="49.7336715" lon="21.9082078">
<ele>377.481</ele>
<time>2026-05-20T14:45:29.484Z</time>
</trkpt>
<trkpt lat="49.7332031" lon="21.9081012">
<ele>380.745</ele>
<time>2026-05-20T14:45:32.439Z</time>
</trkpt>
<trkpt lat="49.7328888" lon="21.9080339">
<ele>384.568</ele>
<time>2026-05-20T14:45:34.427Z</time>
</trkpt>
<trkpt lat="49.7324257" lon="21.9079046">
<ele>388.443</ele>
<time>2026-05-20T14:45:37.410Z</time>
</trkpt>
<trkpt lat="49.7321576" lon="21.9077429">
<ele>392.482</ele>
<time>2026-05-20T14:45:39.332Z</time>
</trkpt>
<trkpt lat="49.7317747" lon="21.9074229">
<ele>397.350</ele>
<time>2026-05-20T14:45:42.335Z</time>
</trkpt>
<trkpt lat="49.7314174" lon="21.9070547">
<ele>403.210</ele>
<time>2026-05-20T14:45:45.423Z</time>
</trkpt>
<trkpt lat="49.7311914" lon="21.9068520">
<ele>409.317</ele>
<time>2026-05-20T14:45:47.464Z</time>
</trkpt>
<trkpt lat="49.7308420" lon="21.9068251">
<ele>414.384</ele>
<time>2026-05-20T14:45:50.283Z</time>
</trkpt>
<trkpt lat="49.7304864" lon="21.9070202">
<ele>417.622</ele>
<time>2026-05-20T14:45:53.289Z</time>
</trkpt>
<trkpt lat="49.7300996" lon="21.9071978">
<ele>419.592</ele>
<time>2026-05-20T14:45:56.330Z</time>
</trkpt>
<trkpt lat="49.7296627" lon="21.9072356">
<ele>420.966</ele>
<time>2026-05-20T14:45:59.408Z</time>
</trkpt>
<trkpt lat="49.7291943" lon="21.9071892">
<ele>421.919</ele>
<time>2026-05-20T14:46:02.435Z</time>
</trkpt>
<trkpt lat="49.7286909" lon="21.9072038">
<ele>422.571</ele>
<time>2026-05-20T14:46:05.425Z</time>
</trkpt>
<trkpt lat="49.7281618" lon="21.9072633">
<ele>422.999</ele>
<time>2026-05-20T14:46:08.460Z</time>
</trkpt>
<trkpt lat="49.7276576" lon="21.9073372">
<ele>423.721</ele>
<time>2026-05-20T14:46:11.525Z</time>
</trkpt>
<trkpt lat="49.7272404" lon="21.9074045">
<ele>426.042</ele>
<time>2026-05-20T14:46:14.410Z</time>
</trkpt>
<trkpt lat="49.7268646" lon="21.9075896">
<ele>430.618</ele>
<time>2026-05-20T14:46:17.276Z</time>
</trkpt>
<trkpt lat="49.7265017" lon="21.9080206">
<ele>436.161</ele>
<time>2026-05-20T14:46:20.340Z</time>
</trkpt>
<trkpt lat="49.7260966" lon="21.9085067">
<ele>440.454</ele>
<time>2026-05-20T14:46:23.501Z</time>
</trkpt>
<trkpt lat="49.7257284" lon="21.9089822">
<ele>441.924</ele>
<time>2026-05-20T14:46:26.533Z</time>
</trkpt>
<trkpt lat="49.7253382" lon="21.9092921">
<ele>440.012</ele>
<time>2026-05-20T14:46:29.535Z</time>
</trkpt>
<trkpt lat="49.7249224" lon="21.9093304">
<ele>435.227</ele>
<time>2026-05-20T14:46:32.545Z</time>
</trkpt>
<trkpt lat="49.7245625" lon="21.9090191">
<ele>429.078</ele>
<time>2026-05-20T14:46:35.500Z</time>
</trkpt>
<trkpt lat="49.7243057" lon="21.9084570">
<ele>423.254</ele>
<time>2026-05-20T14:46:38.499Z</time>
</trkpt>
<trkpt lat="49.7240704" lon="21.9078034">
<ele>419.018</ele>
<time>2026-05-20T14:46:41.564Z</time>
</trkpt>
<trkpt lat="49.7238521" lon="21.9071252">
<ele>416.519</ele>
<time>2026-05-20T14:46:44.601Z</time>
</trkpt>
<trkpt lat="49.7236992" lon="21.9064175">
<ele>415.055</ele>
<time>2026-05-20T14:46:47.612Z</time>
</trkpt>
<trkpt lat="49.7235921" lon="21.9057035">
<ele>414.005</ele>
<time>2026-05-20T14:46:50.667Z</time>
</trkpt>
<trkpt lat="49.7235019" lon="21.9050469">
<ele>413.159</ele>
<time>2026-05-20T14:46:53.588Z</time>
</trkpt>
<trkpt lat="49.7234142" lon="21.9043903">
<ele>412.693</ele>
<time>2026-05-20T14:46:56.605Z</time>
</trkpt>
<trkpt lat="49.7233228" lon="21.9037566">
<ele>412.789</ele>
<time>2026-05-20T14:46:59.671Z</time>
</trkpt>
<trkpt lat="49.7232370" lon="21.9031654">
<ele>413.051</ele>
<time>2026-05-20T14:47:02.729Z</time>
</trkpt>
<trkpt lat="49.7231484" lon="21.9026134">
<ele>412.863</ele>
<time>2026-05-20T14:47:05.823Z</time>
</trkpt>
<trkpt lat="49.7230717" lon="21.9021075">
<ele>411.819</ele>
<time>2026-05-20T14:47:08.977Z</time>
</trkpt>
<trkpt lat="49.7229766" lon="21.9016958">
<ele>410.112</ele>
<time>2026-05-20T14:47:11.924Z</time>
</trkpt>
<trkpt lat="49.7228220" lon="21.9013504">
<ele>408.345</ele>
<time>2026-05-20T14:47:14.751Z</time>
</trkpt>
<trkpt lat="49.7225712" lon="21.9010639">
<ele>406.928</ele>
<time>2026-05-20T14:47:17.747Z</time>
</trkpt>
<trkpt lat="49.7222537" lon="21.9009152">
<ele>405.996</ele>
<time>2026-05-20T14:47:20.700Z</time>
</trkpt>
<trkpt lat="49.7219122" lon="21.9008882">
<ele>405.531</ele>
<time>2026-05-20T14:47:23.670Z</time>
</trkpt>
<trkpt lat="49.7215749" lon="21.9008980">
<ele>405.288</ele>
<time>2026-05-20T14:47:26.603Z</time>
</trkpt>
<trkpt lat="49.7212367" lon="21.9009517">
<ele>404.943</ele>
<time>2026-05-20T14:47:29.524Z</time>
</trkpt>
<trkpt lat="49.7208880" lon="21.9010369">
<ele>404.171</ele>
<time>2026-05-20T14:47:32.470Z</time>
</trkpt>
<trkpt lat="49.7205216" lon="21.9011340">
<ele>402.729</ele>
<time>2026-05-20T14:47:35.546Z</time>
</trkpt>
<trkpt lat="49.7201713" lon="21.9011968">
<ele>400.759</ele>
<time>2026-05-20T14:47:38.542Z</time>
</trkpt>
<trkpt lat="49.7199397" lon="21.9011829">
<ele>398.806</ele>
<time>2026-05-20T14:47:40.588Z</time>
</trkpt>
<trkpt lat="49.7196136" lon="21.9010876">
<ele>397.377</ele>
<time>2026-05-20T14:47:43.563Z</time>
</trkpt>
<trkpt lat="49.7192907" lon="21.9009775">
<ele>396.578</ele>
<time>2026-05-20T14:47:46.662Z</time>
</trkpt>
<trkpt lat="49.7190065" lon="21.9008673">
<ele>396.132</ele>
<time>2026-05-20T14:47:49.673Z</time>
</trkpt>
<trkpt lat="49.7188409" lon="21.9007967">
<ele>395.781</ele>
<time>2026-05-20T14:47:51.586Z</time>
</trkpt>
<trkpt lat="49.7185862" lon="21.9007132">
<ele>395.456</ele>
<time>2026-05-20T14:47:54.248Z</time>
</trkpt>
<trkpt lat="49.7182234" lon="21.9007209">
<ele>395.131</ele>
<time>2026-05-20T14:47:57.379Z</time>
</trkpt>
<trkpt lat="49.7178302" lon="21.9007476">
<ele>394.660</ele>
<time>2026-05-20T14:48:00.428Z</time>
</trkpt>
<trkpt lat="49.7174440" lon="21.9006276">
<ele>393.717</ele>
<time>2026-05-20T14:48:03.387Z</time>
</trkpt>
<trkpt lat="49.7171220" lon="21.9002238">
<ele>392.032</ele>
<time>2026-05-20T14:48:06.326Z</time>
</trkpt>
<trkpt lat="49.7167713" lon="21.8997272">
<ele>389.468</ele>
<time>2026-05-20T14:48:09.430Z</time>
</trkpt>
<trkpt lat="49.7163992" lon="21.8992511">
<ele>385.997</ele>
<time>2026-05-20T14:48:12.510Z</time>
</trkpt>
<trkpt lat="49.7159872" lon="21.8989876">
<ele>381.669</ele>
<time>2026-05-20T14:48:15.434Z</time>
</trkpt>
<trkpt lat="49.7155321" lon="21.8988803">
<ele>376.658</ele>
<time>2026-05-20T14:48:18.444Z</time>
</trkpt>
<trkpt lat="49.7150480" lon="21.8988028">
<ele>371.264</ele>
<time>2026-05-20T14:48:21.550Z</time>
</trkpt>
<trkpt lat="49.7145903" lon="21.8986972">
<ele>366.032</ele>
<time>2026-05-20T14:48:24.544Z</time>
</trkpt>
<trkpt lat="49.7141798" lon="21.8984191">
<ele>361.609</ele>
<time>2026-05-20T14:48:27.490Z</time>
</trkpt>
<trkpt lat="49.7138295" lon="21.8979340">
<ele>358.380</ele>
<time>2026-05-20T14:48:30.477Z</time>
</trkpt>
<trkpt lat="49.7134622" lon="21.8973933">
<ele>356.128</ele>
<time>2026-05-20T14:48:33.533Z</time>
</trkpt>
<trkpt lat="49.7130958" lon="21.8968354">
<ele>354.330</ele>
<time>2026-05-20T14:48:36.554Z</time>
</trkpt>
<trkpt lat="49.7127015" lon="21.8963177">
<ele>352.623</ele>
<time>2026-05-20T14:48:39.561Z</time>
</trkpt>
<trkpt lat="49.7122792" lon="21.8958260">
<ele>351.002</ele>
<time>2026-05-20T14:48:42.569Z</time>
</trkpt>
<trkpt lat="49.7118223" lon="21.8953657">
<ele>349.254</ele>
<time>2026-05-20T14:48:45.539Z</time>
</trkpt>
<trkpt lat="49.7113259" lon="21.8949084">
<ele>346.710</ele>
<time>2026-05-20T14:48:48.554Z</time>
</trkpt>
<trkpt lat="49.7108314" lon="21.8944458">
<ele>342.751</ele>
<time>2026-05-20T14:48:51.529Z</time>
</trkpt>
<trkpt lat="49.7103392" lon="21.8939763">
<ele>337.279</ele>
<time>2026-05-20T14:48:54.495Z</time>
</trkpt>
<trkpt lat="49.7098749" lon="21.8934168">
<ele>330.887</ele>
<time>2026-05-20T14:48:57.462Z</time>
</trkpt>
<trkpt lat="49.7094421" lon="21.8927515">
<ele>324.820</ele>
<time>2026-05-20T14:49:00.483Z</time>
</trkpt>
<trkpt lat="49.7089652" lon="21.8921558">
<ele>320.392</ele>
<time>2026-05-20T14:49:03.498Z</time>
</trkpt>
<trkpt lat="49.7084661" lon="21.8916087">
<ele>318.182</ele>
<time>2026-05-20T14:49:06.518Z</time>
</trkpt>
<trkpt lat="49.7079718" lon="21.8910777">
<ele>317.880</ele>
<time>2026-05-20T14:49:09.621Z</time>
</trkpt>
<trkpt lat="49.7075431" lon="21.8906116">
<ele>318.714</ele>
<time>2026-05-20T14:49:12.567Z</time>
</trkpt>
<trkpt lat="49.7071442" lon="21.8901818">
<ele>320.114</ele>
<time>2026-05-20T14:49:15.499Z</time>
</trkpt>
<trkpt lat="49.7067604" lon="21.8897599">
<ele>321.892</ele>
<time>2026-05-20T14:49:18.463Z</time>
</trkpt>
<trkpt lat="49.7063984" lon="21.8893434">
<ele>323.986</ele>
<time>2026-05-20T14:49:21.352Z</time>
</trkpt>
<trkpt lat="49.7060460" lon="21.8888526">
<ele>325.959</ele>
<time>2026-05-20T14:49:24.289Z</time>
</trkpt>
<trkpt lat="49.7056569" lon="21.8883070">
<ele>326.743</ele>
<time>2026-05-20T14:49:27.344Z</time>
</trkpt>
<trkpt lat="49.7052557" lon="21.8877328">
<ele>325.338</ele>
<time>2026-05-20T14:49:30.381Z</time>
</trkpt>
<trkpt lat="49.7048384" lon="21.8871676">
<ele>322.070</ele>
<time>2026-05-20T14:49:33.425Z</time>
</trkpt>
<trkpt lat="49.7044412" lon="21.8866164">
<ele>318.297</ele>
<time>2026-05-20T14:49:36.397Z</time>
</trkpt>
<trkpt lat="49.7040511" lon="21.8860739">
<ele>315.085</ele>
<time>2026-05-20T14:49:39.348Z</time>
</trkpt>
<trkpt lat="49.7036507" lon="21.8855038">
<ele>312.598</ele>
<time>2026-05-20T14:49:42.370Z</time>
</trkpt>
<trkpt lat="49.7032423" lon="21.8849201">
<ele>310.748</ele>
<time>2026-05-20T14:49:45.393Z</time>
</trkpt>
<trkpt lat="49.7029663" lon="21.8845317">
<ele>309.334</ele>
<time>2026-05-20T14:49:47.384Z</time>
</trkpt>
<trkpt lat="49.7025426" lon="21.8839410">
<ele>307.982</ele>
<time>2026-05-20T14:49:50.414Z</time>
</trkpt>
<trkpt lat="49.7022733" lon="21.8835470">
<ele>305.905</ele>
<time>2026-05-20T14:49:52.440Z</time>
</trkpt>
<trkpt lat="49.7018803" lon="21.8830047">
<ele>302.909</ele>
<time>2026-05-20T14:49:55.409Z</time>
</trkpt>
<trkpt lat="49.7016280" lon="21.8826488">
<ele>299.798</ele>
<time>2026-05-20T14:49:57.392Z</time>
</trkpt>
<trkpt lat="49.7013726" lon="21.8822945">
<ele>297.386</ele>
<time>2026-05-20T14:49:59.404Z</time>
</trkpt>
<trkpt lat="49.7010017" lon="21.8817635">
<ele>295.836</ele>
<time>2026-05-20T14:50:02.405Z</time>
</trkpt>
<trkpt lat="49.7006378" lon="21.8812285">
<ele>295.083</ele>
<time>2026-05-20T14:50:05.442Z</time>
</trkpt>
<trkpt lat="49.7002834" lon="21.8807076">
<ele>294.507</ele>
<time>2026-05-20T14:50:08.420Z</time>
</trkpt>
<trkpt lat="49.6999182" lon="21.8801901">
<ele>293.671</ele>
<time>2026-05-20T14:50:11.398Z</time>
</trkpt>
<trkpt lat="49.6995457" lon="21.8796776">
<ele>292.762</ele>
<time>2026-05-20T14:50:14.302Z</time>
</trkpt>
<trkpt lat="49.6991482" lon="21.8791461">
<ele>292.218</ele>
<time>2026-05-20T14:50:17.217Z</time>
</trkpt>
<trkpt lat="49.6987201" lon="21.8785819">
<ele>292.059</ele>
<time>2026-05-20T14:50:20.198Z</time>
</trkpt>
<trkpt lat="49.6982954" lon="21.8779867">
<ele>291.731</ele>
<time>2026-05-20T14:50:23.200Z</time>
</trkpt>
<trkpt lat="49.6978844" lon="21.8774134">
<ele>290.723</ele>
<time>2026-05-20T14:50:26.145Z</time>
</trkpt>
<trkpt lat="49.6974716" lon="21.8768272">
<ele>289.262</ele>
<time>2026-05-20T14:50:29.154Z</time>
</trkpt>
<trkpt lat="49.6970494" lon="21.8762422">
<ele>287.733</ele>
<time>2026-05-20T14:50:32.189Z</time>
</trkpt>
<trkpt lat="49.6966337" lon="21.8756583">
<ele>286.366</ele>
<time>2026-05-20T14:50:35.181Z</time>
</trkpt>
<trkpt lat="49.6962121" lon="21.8750582">
<ele>285.406</ele>
<time>2026-05-20T14:50:38.189Z</time>
</trkpt>
<trkpt lat="49.6957771" lon="21.8744510">
<ele>284.899</ele>
<time>2026-05-20T14:50:41.210Z</time>
</trkpt>
<trkpt lat="49.6953447" lon="21.8738409">
<ele>284.696</ele>
<time>2026-05-20T14:50:44.205Z</time>
</trkpt>
<trkpt lat="49.6949018" lon="21.8732250">
<ele>284.642</ele>
<time>2026-05-20T14:50:47.252Z</time>
</trkpt>
<trkpt lat="49.6944643" lon="21.8726215">
<ele>284.606</ele>
<time>2026-05-20T14:50:50.341Z</time>
</trkpt>
<trkpt lat="49.6940727" lon="21.8720780">
<ele>284.505</ele>
<time>2026-05-20T14:50:53.315Z</time>
</trkpt>
<trkpt lat="49.6937282" lon="21.8715570">
<ele>284.340</ele>
<time>2026-05-20T14:50:56.214Z</time>
</trkpt>
<trkpt lat="49.6933797" lon="21.8710457">
<ele>284.271</ele>
<time>2026-05-20T14:50:59.173Z</time>
</trkpt>
<trkpt lat="49.6930285" lon="21.8705413">
<ele>284.509</ele>
<time>2026-05-20T14:51:02.106Z</time>
</trkpt>
<trkpt lat="49.6926615" lon="21.8700295">
<ele>285.006</ele>
<time>2026-05-20T14:51:05.071Z</time>
</trkpt>
<trkpt lat="49.6922834" lon="21.8695024">
<ele>285.479</ele>
<time>2026-05-20T14:51:08.061Z</time>
</trkpt>
<trkpt lat="49.6919009" lon="21.8689654">
<ele>285.915</ele>
<time>2026-05-20T14:51:11.056Z</time>
</trkpt>
<trkpt lat="49.6915167" lon="21.8684199">
<ele>286.620</ele>
<time>2026-05-20T14:51:14.060Z</time>
</trkpt>
<trkpt lat="49.6911179" lon="21.8678876">
<ele>287.797</ele>
<time>2026-05-20T14:51:17.091Z</time>
</trkpt>
<trkpt lat="49.6907245" lon="21.8673551">
<ele>289.530</ele>
<time>2026-05-20T14:51:20.126Z</time>
</trkpt>
<trkpt lat="49.6903444" lon="21.8668238">
<ele>291.843</ele>
<time>2026-05-20T14:51:23.147Z</time>
</trkpt>
<trkpt lat="49.6899769" lon="21.8662969">
<ele>294.579</ele>
<time>2026-05-20T14:51:26.137Z</time>
</trkpt>
<trkpt lat="49.6896060" lon="21.8657693">
<ele>297.598</ele>
<time>2026-05-20T14:51:29.160Z</time>
</trkpt>
<trkpt lat="49.6892418" lon="21.8652538">
<ele>300.861</ele>
<time>2026-05-20T14:51:32.130Z</time>
</trkpt>
<trkpt lat="49.6888768" lon="21.8647262">
<ele>304.336</ele>
<time>2026-05-20T14:51:35.094Z</time>
</trkpt>
<trkpt lat="49.6884956" lon="21.8641601">
<ele>307.782</ele>
<time>2026-05-20T14:51:38.078Z</time>
</trkpt>
<trkpt lat="49.6880951" lon="21.8635153">
<ele>310.497</ele>
<time>2026-05-20T14:51:41.125Z</time>
</trkpt>
<trkpt lat="49.6876818" lon="21.8628350">
<ele>311.785</ele>
<time>2026-05-20T14:51:44.173Z</time>
</trkpt>
<trkpt lat="49.6872655" lon="21.8621665">
<ele>311.312</ele>
<time>2026-05-20T14:51:47.201Z</time>
</trkpt>
<trkpt lat="49.6868664" lon="21.8615246">
<ele>308.767</ele>
<time>2026-05-20T14:51:50.187Z</time>
</trkpt>
<trkpt lat="49.6866110" lon="21.8611053">
<ele>304.105</ele>
<time>2026-05-20T14:51:52.207Z</time>
</trkpt>
<trkpt lat="49.6863673" lon="21.8607021">
<ele>298.429</ele>
<time>2026-05-20T14:51:54.250Z</time>
</trkpt>
<trkpt lat="49.6860248" lon="21.8601334">
<ele>293.505</ele>
<time>2026-05-20T14:51:57.267Z</time>
</trkpt>
<trkpt lat="49.6858108" lon="21.8597632">
<ele>290.155</ele>
<time>2026-05-20T14:51:59.274Z</time>
</trkpt>
<trkpt lat="49.6854943" lon="21.8592024">
<ele>288.035</ele>
<time>2026-05-20T14:52:02.314Z</time>
</trkpt>
<trkpt lat="49.6851775" lon="21.8586877">
<ele>286.644</ele>
<time>2026-05-20T14:52:05.339Z</time>
</trkpt>
<trkpt lat="49.6848843" lon="21.8582384">
<ele>285.591</ele>
<time>2026-05-20T14:52:08.266Z</time>
</trkpt>
<trkpt lat="49.6846196" lon="21.8578180">
<ele>284.696</ele>
<time>2026-05-20T14:52:11.110Z</time>
</trkpt>
<trkpt lat="49.6843546" lon="21.8573637">
<ele>283.980</ele>
<time>2026-05-20T14:52:14.148Z</time>
</trkpt>
<trkpt lat="49.6840963" lon="21.8569384">
<ele>283.452</ele>
<time>2026-05-20T14:52:17.096Z</time>
</trkpt>
<trkpt lat="49.6838440" lon="21.8564962">
<ele>283.029</ele>
<time>2026-05-20T14:52:20.055Z</time>
</trkpt>
<trkpt lat="49.6835651" lon="21.8560343">
<ele>282.554</ele>
<time>2026-05-20T14:52:23.070Z</time>
</trkpt>
<trkpt lat="49.6832738" lon="21.8555566">
<ele>281.958</ele>
<time>2026-05-20T14:52:26.075Z</time>
</trkpt>
<trkpt lat="49.6829870" lon="21.8550953">
<ele>281.286</ele>
<time>2026-05-20T14:52:29.016Z</time>
</trkpt>
<trkpt lat="49.6827095" lon="21.8546436">
<ele>280.527</ele>
<time>2026-05-20T14:52:31.960Z</time>
</trkpt>
<trkpt lat="49.6824336" lon="21.8541972">
<ele>279.637</ele>
<time>2026-05-20T14:52:34.931Z</time>
</trkpt>
<trkpt lat="49.6821557" lon="21.8537456">
<ele>278.754</ele>
<time>2026-05-20T14:52:38.009Z</time>
</trkpt>
<trkpt lat="49.6819112" lon="21.8533456">
<ele>278.170</ele>
<time>2026-05-20T14:52:40.907Z</time>
</trkpt>
<trkpt lat="49.6816791" lon="21.8529527">
<ele>278.063</ele>
<time>2026-05-20T14:52:43.841Z</time>
</trkpt>
<trkpt lat="49.6814333" lon="21.8525395">
<ele>278.312</ele>
<time>2026-05-20T14:52:46.905Z</time>
</trkpt>
<trkpt lat="49.6811836" lon="21.8521424">
<ele>278.723</ele>
<time>2026-05-20T14:52:49.984Z</time>
</trkpt>
<trkpt lat="49.6809641" lon="21.8517831">
<ele>279.241</ele>
<time>2026-05-20T14:52:52.897Z</time>
</trkpt>
<trkpt lat="49.6807553" lon="21.8514290">
<ele>279.908</ele>
<time>2026-05-20T14:52:55.857Z</time>
</trkpt>
<trkpt lat="49.6805417" lon="21.8510800">
<ele>280.723</ele>
<time>2026-05-20T14:52:59.048Z</time>
</trkpt>
<trkpt lat="49.6803899" lon="21.8508207">
<ele>281.521</ele>
<time>2026-05-20T14:53:01.865Z</time>
</trkpt>
<trkpt lat="49.6802724" lon="21.8506425">
<ele>282.000</ele>
<time>2026-05-20T14:53:04.575Z</time>
</trkpt>
<trkpt lat="49.6801843" lon="21.8505373">
<ele>282.079</ele>
<time>2026-05-20T14:53:06.955Z</time>
</trkpt>
<trkpt lat="49.6800831" lon="21.8503987">
<ele>281.980</ele>
<time>2026-05-20T14:53:10.228Z</time>
</trkpt>
<trkpt lat="49.6799543" lon="21.8502420">
<ele>281.893</ele>
<time>2026-05-20T14:53:13.919Z</time>
</trkpt>
<trkpt lat="49.6798873" lon="21.8501318">
<ele>281.844</ele>
<time>2026-05-20T14:53:16.598Z</time>
</trkpt>
<trkpt lat="49.6797980" lon="21.8500552">
<ele>281.767</ele>
<time>2026-05-20T14:53:20.432Z</time>
</trkpt>
<trkpt lat="49.6796898" lon="21.8500070">
<ele>281.616</ele>
<time>2026-05-20T14:53:23.906Z</time>
</trkpt>
<trkpt lat="49.6796898" lon="21.8500070">
<ele>281.434</ele>
<time>2026-05-20T14:53:28.906Z</time>
</trkpt>
<trkpt lat="49.6796898" lon="21.8500070">
<ele>281.283</ele>
<time>2026-05-20T14:53:55.417Z</time>
</trkpt>
<trkpt lat="49.6794870" lon="21.8499352">
<ele>281.173</ele>
<time>2026-05-20T14:54:07.839Z</time>
</trkpt>
<trkpt lat="49.6793808" lon="21.8499354">
<ele>280.932</ele>
<time>2026-05-20T14:54:12.275Z</time>
</trkpt>
<trkpt lat="49.6792746" lon="21.8499468">
<ele>280.357</ele>
<time>2026-05-20T14:54:16.720Z</time>
</trkpt>
<trkpt lat="49.6791723" lon="21.8499860">
<ele>279.581</ele>
<time>2026-05-20T14:54:20.118Z</time>
</trkpt>
<trkpt lat="49.6790502" lon="21.8500478">
<ele>278.903</ele>
<time>2026-05-20T14:54:23.469Z</time>
</trkpt>
<trkpt lat="49.6789366" lon="21.8501228">
<ele>278.375</ele>
<time>2026-05-20T14:54:26.229Z</time>
</trkpt>
<trkpt lat="49.6787973" lon="21.8502237">
<ele>277.866</ele>
<time>2026-05-20T14:54:29.014Z</time>
</trkpt>
<trkpt lat="49.6786219" lon="21.8503483">
<ele>277.322</ele>
<time>2026-05-20T14:54:32.146Z</time>
</trkpt>
<trkpt lat="49.6784520" lon="21.8504644">
<ele>276.837</ele>
<time>2026-05-20T14:54:35.314Z</time>
</trkpt>
<trkpt lat="49.6783139" lon="21.8505655">
<ele>276.456</ele>
<time>2026-05-20T14:54:38.024Z</time>
</trkpt>
<trkpt lat="49.6781588" lon="21.8506864">
<ele>276.159</ele>
<time>2026-05-20T14:54:40.899Z</time>
</trkpt>
<trkpt lat="49.6779807" lon="21.8508195">
<ele>275.911</ele>
<time>2026-05-20T14:54:43.984Z</time>
</trkpt>
<trkpt lat="49.6778038" lon="21.8509045">
<ele>275.682</ele>
<time>2026-05-20T14:54:46.626Z</time>
</trkpt>
<trkpt lat="49.6775747" lon="21.8510222">
<ele>275.515</ele>
<time>2026-05-20T14:54:49.453Z</time>
</trkpt>
<trkpt lat="49.6772528" lon="21.8511225">
<ele>275.472</ele>
<time>2026-05-20T14:54:52.507Z</time>
</trkpt>
<trkpt lat="49.6768709" lon="21.8511571">
<ele>275.764</ele>
<time>2026-05-20T14:54:55.566Z</time>
</trkpt>
<trkpt lat="49.6764653" lon="21.8510859">
<ele>276.452</ele>
<time>2026-05-20T14:54:58.694Z</time>
</trkpt>
<trkpt lat="49.6760959" lon="21.8509234">
<ele>276.989</ele>
<time>2026-05-20T14:55:01.805Z</time>
</trkpt>
<trkpt lat="49.6757887" lon="21.8506996">
<ele>276.958</ele>
<time>2026-05-20T14:55:04.775Z</time>
</trkpt>
<trkpt lat="49.6754877" lon="21.8504629">
<ele>276.829</ele>
<time>2026-05-20T14:55:07.838Z</time>
</trkpt>
<trkpt lat="49.6751975" lon="21.8502334">
<ele>277.115</ele>
<time>2026-05-20T14:55:10.759Z</time>
</trkpt>
<trkpt lat="49.6748881" lon="21.8499846">
<ele>277.666</ele>
<time>2026-05-20T14:55:13.703Z</time>
</trkpt>
<trkpt lat="49.6745466" lon="21.8497229">
<ele>278.126</ele>
<time>2026-05-20T14:55:16.702Z</time>
</trkpt>
<trkpt lat="49.6741864" lon="21.8494459">
<ele>278.391</ele>
<time>2026-05-20T14:55:19.853Z</time>
</trkpt>
<trkpt lat="49.6738707" lon="21.8491884">
<ele>278.556</ele>
<time>2026-05-20T14:55:22.846Z</time>
</trkpt>
<trkpt lat="49.6735671" lon="21.8489425">
<ele>278.757</ele>
<time>2026-05-20T14:55:25.849Z</time>
</trkpt>
<trkpt lat="49.6732611" lon="21.8486982">
<ele>279.056</ele>
<time>2026-05-20T14:55:28.864Z</time>
</trkpt>
<trkpt lat="49.6729500" lon="21.8484587">
<ele>279.517</ele>
<time>2026-05-20T14:55:31.861Z</time>
</trkpt>
<trkpt lat="49.6726375" lon="21.8482111">
<ele>280.095</ele>
<time>2026-05-20T14:55:34.837Z</time>
</trkpt>
<trkpt lat="49.6723153" lon="21.8479608">
<ele>280.736</ele>
<time>2026-05-20T14:55:37.936Z</time>
</trkpt>
<trkpt lat="49.6720168" lon="21.8477287">
<ele>281.610</ele>
<time>2026-05-20T14:55:40.994Z</time>
</trkpt>
<trkpt lat="49.6717421" lon="21.8475079">
<ele>282.884</ele>
<time>2026-05-20T14:55:44.011Z</time>
</trkpt>
<trkpt lat="49.6714727" lon="21.8472952">
<ele>284.279</ele>
<time>2026-05-20T14:55:47.039Z</time>
</trkpt>
<trkpt lat="49.6712112" lon="21.8470735">
<ele>285.340</ele>
<time>2026-05-20T14:55:50.209Z</time>
</trkpt>
<trkpt lat="49.6709884" lon="21.8468888">
<ele>285.953</ele>
<time>2026-05-20T14:55:53.355Z</time>
</trkpt>
<trkpt lat="49.6708685" lon="21.8466286">
<ele>286.282</ele>
<time>2026-05-20T14:55:56.378Z</time>
</trkpt>
<trkpt lat="49.6707669" lon="21.8463791">
<ele>286.454</ele>
<time>2026-05-20T14:55:59.422Z</time>
</trkpt>
<trkpt lat="49.6706496" lon="21.8463128">
<ele>286.569</ele>
<time>2026-05-20T14:56:01.379Z</time>
</trkpt>
<trkpt lat="49.6705177" lon="21.8463325">
<ele>286.667</ele>
<time>2026-05-20T14:56:03.239Z</time>
</trkpt>
<trkpt lat="49.6703655" lon="21.8462902">
<ele>286.798</ele>
<time>2026-05-20T14:56:05.159Z</time>
</trkpt>
<trkpt lat="49.6702192" lon="21.8461413">
<ele>286.995</ele>
<time>2026-05-20T14:56:07.167Z</time>
</trkpt>
<trkpt lat="49.6700081" lon="21.8458843">
<ele>287.261</ele>
<time>2026-05-20T14:56:10.106Z</time>
</trkpt>
<trkpt lat="49.6698665" lon="21.8456987">
<ele>287.639</ele>
<time>2026-05-20T14:56:12.004Z</time>
</trkpt>
<trkpt lat="49.6697029" lon="21.8455213">
<ele>288.219</ele>
<time>2026-05-20T14:56:13.894Z</time>
</trkpt>
<trkpt lat="49.6694312" lon="21.8452385">
<ele>288.977</ele>
<time>2026-05-20T14:56:16.850Z</time>
</trkpt>
<trkpt lat="49.6692354" lon="21.8450432">
<ele>289.732</ele>
<time>2026-05-20T14:56:18.855Z</time>
</trkpt>
<trkpt lat="49.6689477" lon="21.8447392">
<ele>290.397</ele>
<time>2026-05-20T14:56:21.813Z</time>
</trkpt>
<trkpt lat="49.6686525" lon="21.8444335">
<ele>290.975</ele>
<time>2026-05-20T14:56:24.688Z</time>
</trkpt>
<trkpt lat="49.6683250" lon="21.8440966">
<ele>291.405</ele>
<time>2026-05-20T14:56:27.688Z</time>
</trkpt>
<trkpt lat="49.6679840" lon="21.8437494">
<ele>291.806</ele>
<time>2026-05-20T14:56:30.716Z</time>
</trkpt>
<trkpt lat="49.6676535" lon="21.8434117">
<ele>292.364</ele>
<time>2026-05-20T14:56:33.638Z</time>
</trkpt>
<trkpt lat="49.6673190" lon="21.8430559">
<ele>293.008</ele>
<time>2026-05-20T14:56:36.581Z</time>
</trkpt>
<trkpt lat="49.6669725" lon="21.8427043">
<ele>293.655</ele>
<time>2026-05-20T14:56:39.532Z</time>
</trkpt>
<trkpt lat="49.6666188" lon="21.8423340">
<ele>294.429</ele>
<time>2026-05-20T14:56:42.576Z</time>
</trkpt>
<trkpt lat="49.6662843" lon="21.8419687">
<ele>295.423</ele>
<time>2026-05-20T14:56:45.520Z</time>
</trkpt>
<trkpt lat="49.6659394" lon="21.8416107">
<ele>296.525</ele>
<time>2026-05-20T14:56:48.520Z</time>
</trkpt>
<trkpt lat="49.6656007" lon="21.8412562">
<ele>297.441</ele>
<time>2026-05-20T14:56:51.448Z</time>
</trkpt>
<trkpt lat="49.6652401" lon="21.8408879">
<ele>297.923</ele>
<time>2026-05-20T14:56:54.465Z</time>
</trkpt>
<trkpt lat="49.6648778" lon="21.8405069">
<ele>297.944</ele>
<time>2026-05-20T14:56:57.416Z</time>
</trkpt>
<trkpt lat="49.6644894" lon="21.8401025">
<ele>297.687</ele>
<time>2026-05-20T14:57:00.380Z</time>
</trkpt>
<trkpt lat="49.6640537" lon="21.8396688">
<ele>297.418</ele>
<time>2026-05-20T14:57:03.397Z</time>
</trkpt>
<trkpt lat="49.6635872" lon="21.8391928">
<ele>297.331</ele>
<time>2026-05-20T14:57:06.418Z</time>
</trkpt>
<trkpt lat="49.6631069" lon="21.8386513">
<ele>297.527</ele>
<time>2026-05-20T14:57:09.461Z</time>
</trkpt>
<trkpt lat="49.6625999" lon="21.8381214">
<ele>297.966</ele>
<time>2026-05-20T14:57:12.551Z</time>
</trkpt>
<trkpt lat="49.6621276" lon="21.8376409">
<ele>298.373</ele>
<time>2026-05-20T14:57:15.526Z</time>
</trkpt>
<trkpt lat="49.6616942" lon="21.8371870">
<ele>298.620</ele>
<time>2026-05-20T14:57:18.441Z</time>
</trkpt>
<trkpt lat="49.6612679" lon="21.8367375">
<ele>298.829</ele>
<time>2026-05-20T14:57:21.414Z</time>
</trkpt>
<trkpt lat="49.6608391" lon="21.8362967">
<ele>299.055</ele>
<time>2026-05-20T14:57:24.395Z</time>
</trkpt>
<trkpt lat="49.6603967" lon="21.8358407">
<ele>299.383</ele>
<time>2026-05-20T14:57:27.426Z</time>
</trkpt>
<trkpt lat="49.6599541" lon="21.8353747">
<ele>299.964</ele>
<time>2026-05-20T14:57:30.431Z</time>
</trkpt>
<trkpt lat="49.6595071" lon="21.8349077">
<ele>300.531</ele>
<time>2026-05-20T14:57:33.495Z</time>
</trkpt>
<trkpt lat="49.6590875" lon="21.8344819">
<ele>300.631</ele>
<time>2026-05-20T14:57:36.529Z</time>
</trkpt>
<trkpt lat="49.6587181" lon="21.8340950">
<ele>300.285</ele>
<time>2026-05-20T14:57:39.433Z</time>
</trkpt>
<trkpt lat="49.6583550" lon="21.8337082">
<ele>299.627</ele>
<time>2026-05-20T14:57:42.394Z</time>
</trkpt>
<trkpt lat="49.6579875" lon="21.8333209">
<ele>298.707</ele>
<time>2026-05-20T14:57:45.378Z</time>
</trkpt>
<trkpt lat="49.6576345" lon="21.8328947">
<ele>297.770</ele>
<time>2026-05-20T14:57:48.323Z</time>
</trkpt>
<trkpt lat="49.6573051" lon="21.8323451">
<ele>296.757</ele>
<time>2026-05-20T14:57:51.405Z</time>
</trkpt>
<trkpt lat="49.6570047" lon="21.8317718">
<ele>295.348</ele>
<time>2026-05-20T14:57:54.464Z</time>
</trkpt>
<trkpt lat="49.6567222" lon="21.8312398">
<ele>293.816</ele>
<time>2026-05-20T14:57:57.555Z</time>
</trkpt>
<trkpt lat="49.6564912" lon="21.8307696">
<ele>292.693</ele>
<time>2026-05-20T14:58:00.583Z</time>
</trkpt>
<trkpt lat="49.6562863" lon="21.8303796">
<ele>292.123</ele>
<time>2026-05-20T14:58:03.531Z</time>
</trkpt>
<trkpt lat="49.6560594" lon="21.8300792">
<ele>292.061</ele>
<time>2026-05-20T14:58:06.447Z</time>
</trkpt>
<trkpt lat="49.6557820" lon="21.8298738">
<ele>292.584</ele>
<time>2026-05-20T14:58:09.466Z</time>
</trkpt>
<trkpt lat="49.6555789" lon="21.8295104">
<ele>293.635</ele>
<time>2026-05-20T14:58:12.444Z</time>
</trkpt>
<trkpt lat="49.6554101" lon="21.8290801">
<ele>294.847</ele>
<time>2026-05-20T14:58:15.421Z</time>
</trkpt>
<trkpt lat="49.6554101" lon="21.8290801">
<ele>294.847</ele>
<time>2026-05-20T14:58:15.421Z</time>
</trkpt>
<trkpt lat="49.6540581" lon="21.8266390">
<ele>300.039</ele>
<time>2026-05-20T14:58:33.873Z</time>
</trkpt>
<trkpt lat="49.6538761" lon="21.8256975">
<ele>299.901</ele>
<time>2026-05-20T14:58:39.668Z</time>
</trkpt>
<trkpt lat="49.6536619" lon="21.8252585">
<ele>300.001</ele>
<time>2026-05-20T14:58:42.731Z</time>
</trkpt>
<trkpt lat="49.6534012" lon="21.8247278">
<ele>300.424</ele>
<time>2026-05-20T14:58:45.864Z</time>
</trkpt>
<trkpt lat="49.6531068" lon="21.8241411">
<ele>300.963</ele>
<time>2026-05-20T14:58:48.908Z</time>
</trkpt>
<trkpt lat="49.6527827" lon="21.8234882">
<ele>301.426</ele>
<time>2026-05-20T14:58:52.002Z</time>
</trkpt>
<trkpt lat="49.6524555" lon="21.8228427">
<ele>301.780</ele>
<time>2026-05-20T14:58:55.042Z</time>
</trkpt>
<trkpt lat="49.6521598" lon="21.8222425">
<ele>301.905</ele>
<time>2026-05-20T14:58:57.983Z</time>
</trkpt>
<trkpt lat="49.6518817" lon="21.8216845">
<ele>301.634</ele>
<time>2026-05-20T14:59:00.926Z</time>
</trkpt>
<trkpt lat="49.6516211" lon="21.8211667">
<ele>301.024</ele>
<time>2026-05-20T14:59:03.869Z</time>
</trkpt>
<trkpt lat="49.6513734" lon="21.8206776">
<ele>300.420</ele>
<time>2026-05-20T14:59:06.855Z</time>
</trkpt>
<trkpt lat="49.6511430" lon="21.8202107">
<ele>300.116</ele>
<time>2026-05-20T14:59:10.015Z</time>
</trkpt>
<trkpt lat="49.6509702" lon="21.8198679">
<ele>300.099</ele>
<time>2026-05-20T14:59:13.056Z</time>
</trkpt>
<trkpt lat="49.6508686" lon="21.8196646">
<ele>300.123</ele>
<time>2026-05-20T14:59:15.428Z</time>
</trkpt>
<trkpt lat="49.6507373" lon="21.8194003">
<ele>300.011</ele>
<time>2026-05-20T14:59:18.592Z</time>
</trkpt>
<trkpt lat="49.6505746" lon="21.8190652">
<ele>299.867</ele>
<time>2026-05-20T14:59:21.764Z</time>
</trkpt>
<trkpt lat="49.6503822" lon="21.8186835">
<ele>299.831</ele>
<time>2026-05-20T14:59:24.858Z</time>
</trkpt>
<trkpt lat="49.6501695" lon="21.8182698">
<ele>299.873</ele>
<time>2026-05-20T14:59:27.878Z</time>
</trkpt>
<trkpt lat="49.6499416" lon="21.8178170">
<ele>299.945</ele>
<time>2026-05-20T14:59:30.872Z</time>
</trkpt>
<trkpt lat="49.6496908" lon="21.8173130">
<ele>300.076</ele>
<time>2026-05-20T14:59:33.900Z</time>
</trkpt>
<trkpt lat="49.6494164" lon="21.8167528">
<ele>300.263</ele>
<time>2026-05-20T14:59:36.959Z</time>
</trkpt>
<trkpt lat="49.6491160" lon="21.8161510">
<ele>300.395</ele>
<time>2026-05-20T14:59:40.052Z</time>
</trkpt>
<trkpt lat="49.6488122" lon="21.8155316">
<ele>300.398</ele>
<time>2026-05-20T14:59:43.132Z</time>
</trkpt>
<trkpt lat="49.6485061" lon="21.8149375">
<ele>300.259</ele>
<time>2026-05-20T14:59:46.154Z</time>
</trkpt>
<trkpt lat="49.6482166" lon="21.8143427">
<ele>299.929</ele>
<time>2026-05-20T14:59:49.161Z</time>
</trkpt>
<trkpt lat="49.6479248" lon="21.8137741">
<ele>299.372</ele>
<time>2026-05-20T14:59:52.147Z</time>
</trkpt>
<trkpt lat="49.6476473" lon="21.8132120">
<ele>298.751</ele>
<time>2026-05-20T14:59:55.144Z</time>
</trkpt>
<trkpt lat="49.6473822" lon="21.8126875">
<ele>298.353</ele>
<time>2026-05-20T14:59:58.131Z</time>
</trkpt>
<trkpt lat="49.6471330" lon="21.8122000">
<ele>298.348</ele>
<time>2026-05-20T15:00:01.100Z</time>
</trkpt>
<trkpt lat="49.6468923" lon="21.8117192">
<ele>298.779</ele>
<time>2026-05-20T15:00:04.079Z</time>
</trkpt>
<trkpt lat="49.6466481" lon="21.8112220">
<ele>299.481</ele>
<time>2026-05-20T15:00:07.087Z</time>
</trkpt>
<trkpt lat="49.6463962" lon="21.8107116">
<ele>300.072</ele>
<time>2026-05-20T15:00:10.056Z</time>
</trkpt>
<trkpt lat="49.6461224" lon="21.8101793">
<ele>300.278</ele>
<time>2026-05-20T15:00:13.052Z</time>
</trkpt>
<trkpt lat="49.6459332" lon="21.8097997">
<ele>299.972</ele>
<time>2026-05-20T15:00:15.072Z</time>
</trkpt>
<trkpt lat="49.6457374" lon="21.8094036">
<ele>298.897</ele>
<time>2026-05-20T15:00:17.110Z</time>
</trkpt>
<trkpt lat="49.6455365" lon="21.8090003">
<ele>296.938</ele>
<time>2026-05-20T15:00:19.123Z</time>
</trkpt>
<trkpt lat="49.6452282" lon="21.8083778">
<ele>294.417</ele>
<time>2026-05-20T15:00:22.139Z</time>
</trkpt>
<trkpt lat="49.6449095" lon="21.8077289">
<ele>291.626</ele>
<time>2026-05-20T15:00:25.174Z</time>
</trkpt>
<trkpt lat="49.6445857" lon="21.8070754">
<ele>288.661</ele>
<time>2026-05-20T15:00:28.172Z</time>
</trkpt>
<trkpt lat="49.6442569" lon="21.8064060">
<ele>285.941</ele>
<time>2026-05-20T15:00:31.172Z</time>
</trkpt>
<trkpt lat="49.6439143" lon="21.8057258">
<ele>283.950</ele>
<time>2026-05-20T15:00:34.182Z</time>
</trkpt>
<trkpt lat="49.6435720" lon="21.8050306">
<ele>282.736</ele>
<time>2026-05-20T15:00:37.168Z</time>
</trkpt>
<trkpt lat="49.6432191" lon="21.8043114">
<ele>281.926</ele>
<time>2026-05-20T15:00:40.172Z</time>
</trkpt>
<trkpt lat="49.6428568" lon="21.8035691">
<ele>281.219</ele>
<time>2026-05-20T15:00:43.176Z</time>
</trkpt>
<trkpt lat="49.6424812" lon="21.8028155">
<ele>280.721</ele>
<time>2026-05-20T15:00:46.182Z</time>
</trkpt>
<trkpt lat="49.6421027" lon="21.8020534">
<ele>280.609</ele>
<time>2026-05-20T15:00:49.183Z</time>
</trkpt>
<trkpt lat="49.6417229" lon="21.8012839">
<ele>280.768</ele>
<time>2026-05-20T15:00:52.229Z</time>
</trkpt>
<trkpt lat="49.6413572" lon="21.8005524">
<ele>280.983</ele>
<time>2026-05-20T15:00:55.230Z</time>
</trkpt>
<trkpt lat="49.6410102" lon="21.7998462">
<ele>281.113</ele>
<time>2026-05-20T15:00:58.254Z</time>
</trkpt>
<trkpt lat="49.6406895" lon="21.7991871">
<ele>281.573</ele>
<time>2026-05-20T15:01:01.233Z</time>
</trkpt>
<trkpt lat="49.6403809" lon="21.7985676">
<ele>283.243</ele>
<time>2026-05-20T15:01:04.149Z</time>
</trkpt>
<trkpt lat="49.6400547" lon="21.7979391">
<ele>285.861</ele>
<time>2026-05-20T15:01:07.150Z</time>
</trkpt>
<trkpt lat="49.6397561" lon="21.7973213">
<ele>287.638</ele>
<time>2026-05-20T15:01:10.028Z</time>
</trkpt>
<trkpt lat="49.6394514" lon="21.7966945">
<ele>287.551</ele>
<time>2026-05-20T15:01:12.972Z</time>
</trkpt>
<trkpt lat="49.6391398" lon="21.7960718">
<ele>286.389</ele>
<time>2026-05-20T15:01:15.938Z</time>
</trkpt>
<trkpt lat="49.6388284" lon="21.7954535">
<ele>285.311</ele>
<time>2026-05-20T15:01:18.926Z</time>
</trkpt>
<trkpt lat="49.6385186" lon="21.7948366">
<ele>284.787</ele>
<time>2026-05-20T15:01:21.945Z</time>
</trkpt>
<trkpt lat="49.6382106" lon="21.7942235">
<ele>284.819</ele>
<time>2026-05-20T15:01:24.989Z</time>
</trkpt>
<trkpt lat="49.6379165" lon="21.7936208">
<ele>285.474</ele>
<time>2026-05-20T15:01:28.013Z</time>
</trkpt>
<trkpt lat="49.6376231" lon="21.7930136">
<ele>286.864</ele>
<time>2026-05-20T15:01:31.089Z</time>
</trkpt>
<trkpt lat="49.6373215" lon="21.7924163">
<ele>288.870</ele>
<time>2026-05-20T15:01:34.128Z</time>
</trkpt>
<trkpt lat="49.6370162" lon="21.7918062">
<ele>291.074</ele>
<time>2026-05-20T15:01:37.129Z</time>
</trkpt>
<trkpt lat="49.6367055" lon="21.7911733">
<ele>292.876</ele>
<time>2026-05-20T15:01:40.133Z</time>
</trkpt>
<trkpt lat="49.6363896" lon="21.7905483">
<ele>293.981</ele>
<time>2026-05-20T15:01:43.123Z</time>
</trkpt>
<trkpt lat="49.6360987" lon="21.7899279">
<ele>294.646</ele>
<time>2026-05-20T15:01:46.107Z</time>
</trkpt>
<trkpt lat="49.6358146" lon="21.7893460">
<ele>295.440</ele>
<time>2026-05-20T15:01:49.096Z</time>
</trkpt>
<trkpt lat="49.6355428" lon="21.7887858">
<ele>296.957</ele>
<time>2026-05-20T15:01:52.189Z</time>
</trkpt>
<trkpt lat="49.6353164" lon="21.7883487">
<ele>299.362</ele>
<time>2026-05-20T15:01:55.037Z</time>
</trkpt>
<trkpt lat="49.6351511" lon="21.7879986">
<ele>301.926</ele>
<time>2026-05-20T15:01:57.725Z</time>
</trkpt>
<trkpt lat="49.6350082" lon="21.7877271">
<ele>303.952</ele>
<time>2026-05-20T15:02:00.330Z</time>
</trkpt>
<trkpt lat="49.6348543" lon="21.7874056">
<ele>305.487</ele>
<time>2026-05-20T15:02:03.654Z</time>
</trkpt>
<trkpt lat="49.6347732" lon="21.7871718">
<ele>306.636</ele>
<time>2026-05-20T15:02:06.376Z</time>
</trkpt>
<trkpt lat="49.6347519" lon="21.7869920">
<ele>307.359</ele>
<time>2026-05-20T15:02:09.247Z</time>
</trkpt>
<trkpt lat="49.6346540" lon="21.7868904">
<ele>307.804</ele>
<time>2026-05-20T15:02:12.495Z</time>
</trkpt>
<trkpt lat="49.6344836" lon="21.7869369">
<ele>308.069</ele>
<time>2026-05-20T15:02:16.874Z</time>
</trkpt>
<trkpt lat="49.6342384" lon="21.7870805">
<ele>308.275</ele>
<time>2026-05-20T15:02:20.397Z</time>
</trkpt>
<trkpt lat="49.6339234" lon="21.7872888">
<ele>308.510</ele>
<time>2026-05-20T15:02:23.733Z</time>
</trkpt>
<trkpt lat="49.6337067" lon="21.7874400">
<ele>308.495</ele>
<time>2026-05-20T15:02:25.775Z</time>
</trkpt>
<trkpt lat="49.6333676" lon="21.7876570">
<ele>307.909</ele>
<time>2026-05-20T15:02:28.838Z</time>
</trkpt>
<trkpt lat="49.6330271" lon="21.7878496">
<ele>306.860</ele>
<time>2026-05-20T15:02:31.829Z</time>
</trkpt>
<trkpt lat="49.6327990" lon="21.7879841">
<ele>305.755</ele>
<time>2026-05-20T15:02:33.819Z</time>
</trkpt>
<trkpt lat="49.6324477" lon="21.7882075">
<ele>304.908</ele>
<time>2026-05-20T15:02:36.859Z</time>
</trkpt>
<trkpt lat="49.6320909" lon="21.7884289">
<ele>304.482</ele>
<time>2026-05-20T15:02:39.867Z</time>
</trkpt>
<trkpt lat="49.6317311" lon="21.7886543">
<ele>304.455</ele>
<time>2026-05-20T15:02:42.853Z</time>
</trkpt>
<trkpt lat="49.6313647" lon="21.7888891">
<ele>304.617</ele>
<time>2026-05-20T15:02:45.829Z</time>
</trkpt>
<trkpt lat="49.6309727" lon="21.7891329">
<ele>304.692</ele>
<time>2026-05-20T15:02:48.907Z</time>
</trkpt>
<trkpt lat="49.6306031" lon="21.7893552">
<ele>304.583</ele>
<time>2026-05-20T15:02:51.831Z</time>
</trkpt>
<trkpt lat="49.6302398" lon="21.7895819">
<ele>304.395</ele>
<time>2026-05-20T15:02:54.825Z</time>
</trkpt>
<trkpt lat="49.6298866" lon="21.7898168">
<ele>304.497</ele>
<time>2026-05-20T15:02:57.809Z</time>
</trkpt>
<trkpt lat="49.6295236" lon="21.7900577">
<ele>305.051</ele>
<time>2026-05-20T15:03:00.840Z</time>
</trkpt>
<trkpt lat="49.6291434" lon="21.7902818">
<ele>305.500</ele>
<time>2026-05-20T15:03:03.893Z</time>
</trkpt>
<trkpt lat="49.6287717" lon="21.7905138">
<ele>304.993</ele>
<time>2026-05-20T15:03:06.890Z</time>
</trkpt>
<trkpt lat="49.6284025" lon="21.7907530">
<ele>303.269</ele>
<time>2026-05-20T15:03:09.910Z</time>
</trkpt>
<trkpt lat="49.6280485" lon="21.7909804">
<ele>300.788</ele>
<time>2026-05-20T15:03:12.829Z</time>
</trkpt>
<trkpt lat="49.6276771" lon="21.7912115">
<ele>298.434</ele>
<time>2026-05-20T15:03:15.852Z</time>
</trkpt>
<trkpt lat="49.6272976" lon="21.7914473">
<ele>296.789</ele>
<time>2026-05-20T15:03:18.898Z</time>
</trkpt>
<trkpt lat="49.6269282" lon="21.7916784">
<ele>295.816</ele>
<time>2026-05-20T15:03:21.868Z</time>
</trkpt>
<trkpt lat="49.6265507" lon="21.7919128">
<ele>295.269</ele>
<time>2026-05-20T15:03:24.930Z</time>
</trkpt>
<trkpt lat="49.6262116" lon="21.7921644">
<ele>295.023</ele>
<time>2026-05-20T15:03:27.867Z</time>
</trkpt>
<trkpt lat="49.6259039" lon="21.7924305">
<ele>294.791</ele>
<time>2026-05-20T15:03:30.787Z</time>
</trkpt>
<trkpt lat="49.6256140" lon="21.7927285">
<ele>294.367</ele>
<time>2026-05-20T15:03:33.790Z</time>
</trkpt>
<trkpt lat="49.6253382" lon="21.7930234">
<ele>293.862</ele>
<time>2026-05-20T15:03:36.981Z</time>
</trkpt>
<trkpt lat="49.6251632" lon="21.7931979">
<ele>293.444</ele>
<time>2026-05-20T15:03:39.605Z</time>
</trkpt>
<trkpt lat="49.6250478" lon="21.7932135">
<ele>293.161</ele>
<time>2026-05-20T15:03:41.753Z</time>
</trkpt>
<trkpt lat="49.6249314" lon="21.7930144">
<ele>293.057</ele>
<time>2026-05-20T15:03:45.249Z</time>
</trkpt>
<trkpt lat="49.6248995" lon="21.7926588">
<ele>293.081</ele>
<time>2026-05-20T15:03:48.526Z</time>
</trkpt>
<trkpt lat="49.6248361" lon="21.7921548">
<ele>293.256</ele>
<time>2026-05-20T15:03:51.833Z</time>
</trkpt>
<trkpt lat="49.6247936" lon="21.7915624">
<ele>293.595</ele>
<time>2026-05-20T15:03:54.921Z</time>
</trkpt>
<trkpt lat="49.6247766" lon="21.7909256">
<ele>293.987</ele>
<time>2026-05-20T15:03:57.940Z</time>
</trkpt>
<trkpt lat="49.6247684" lon="21.7902909">
<ele>294.504</ele>
<time>2026-05-20T15:04:00.900Z</time>
</trkpt>
<trkpt lat="49.6247593" lon="21.7896498">
<ele>295.197</ele>
<time>2026-05-20T15:04:03.865Z</time>
</trkpt>
<trkpt lat="49.6247835" lon="21.7889776">
<ele>295.598</ele>
<time>2026-05-20T15:04:06.851Z</time>
</trkpt>
<trkpt lat="49.6248737" lon="21.7882486">
<ele>295.246</ele>
<time>2026-05-20T15:04:09.896Z</time>
</trkpt>
<trkpt lat="49.6249837" lon="21.7874678">
<ele>294.405</ele>
<time>2026-05-20T15:04:12.919Z</time>
</trkpt>
<trkpt lat="49.6251027" lon="21.7866487">
<ele>293.708</ele>
<time>2026-05-20T15:04:15.923Z</time>
</trkpt>
<trkpt lat="49.6252328" lon="21.7858057">
<ele>293.369</ele>
<time>2026-05-20T15:04:18.921Z</time>
</trkpt>
<trkpt lat="49.6253793" lon="21.7849417">
<ele>292.976</ele>
<time>2026-05-20T15:04:21.946Z</time>
</trkpt>
<trkpt lat="49.6255479" lon="21.7840913">
<ele>292.185</ele>
<time>2026-05-20T15:04:24.949Z</time>
</trkpt>
<trkpt lat="49.6256652" lon="21.7835452">
<ele>291.160</ele>
<time>2026-05-20T15:04:26.929Z</time>
</trkpt>
<trkpt lat="49.6258488" lon="21.7827456">
<ele>290.272</ele>
<time>2026-05-20T15:04:29.895Z</time>
</trkpt>
<trkpt lat="49.6259779" lon="21.7822123">
<ele>289.711</ele>
<time>2026-05-20T15:04:31.913Z</time>
</trkpt>
<trkpt lat="49.6261799" lon="21.7814216">
<ele>289.472</ele>
<time>2026-05-20T15:04:34.947Z</time>
</trkpt>
<trkpt lat="49.6263795" lon="21.7806414">
<ele>289.439</ele>
<time>2026-05-20T15:04:37.971Z</time>
</trkpt>
<trkpt lat="49.6265056" lon="21.7801235">
<ele>289.657</ele>
<time>2026-05-20T15:04:39.978Z</time>
</trkpt>
<trkpt lat="49.6266789" lon="21.7793422">
<ele>290.177</ele>
<time>2026-05-20T15:04:42.973Z</time>
</trkpt>
<trkpt lat="49.6268406" lon="21.7785478">
<ele>290.795</ele>
<time>2026-05-20T15:04:45.968Z</time>
</trkpt>
<trkpt lat="49.6269844" lon="21.7777353">
<ele>291.340</ele>
<time>2026-05-20T15:04:48.960Z</time>
</trkpt>
<trkpt lat="49.6271075" lon="21.7769014">
<ele>291.994</ele>
<time>2026-05-20T15:04:51.959Z</time>
</trkpt>
<trkpt lat="49.6272167" lon="21.7760500">
<ele>292.908</ele>
<time>2026-05-20T15:04:54.960Z</time>
</trkpt>
<trkpt lat="49.6273004" lon="21.7751798">
<ele>293.978</ele>
<time>2026-05-20T15:04:57.955Z</time>
</trkpt>
<trkpt lat="49.6273597" lon="21.7742924">
<ele>294.926</ele>
<time>2026-05-20T15:05:00.958Z</time>
</trkpt>
<trkpt lat="49.6273999" lon="21.7734108">
<ele>294.991</ele>
<time>2026-05-20T15:05:03.915Z</time>
</trkpt>
<trkpt lat="49.6274185" lon="21.7725067">
<ele>293.849</ele>
<time>2026-05-20T15:05:06.904Z</time>
</trkpt>
<trkpt lat="49.6274072" lon="21.7715869">
<ele>292.598</ele>
<time>2026-05-20T15:05:09.902Z</time>
</trkpt>
<trkpt lat="49.6273757" lon="21.7706708">
<ele>292.298</ele>
<time>2026-05-20T15:05:12.890Z</time>
</trkpt>
<trkpt lat="49.6273236" lon="21.7697704">
<ele>292.915</ele>
<time>2026-05-20T15:05:15.864Z</time>
</trkpt>
<trkpt lat="49.6272480" lon="21.7688882">
<ele>294.396</ele>
<time>2026-05-20T15:05:18.838Z</time>
</trkpt>
<trkpt lat="49.6271493" lon="21.7680161">
<ele>296.824</ele>
<time>2026-05-20T15:05:21.832Z</time>
</trkpt>
<trkpt lat="49.6270224" lon="21.7671526">
<ele>299.780</ele>
<time>2026-05-20T15:05:24.827Z</time>
</trkpt>
<trkpt lat="49.6268734" lon="21.7662952">
<ele>302.623</ele>
<time>2026-05-20T15:05:27.811Z</time>
</trkpt>
<trkpt lat="49.6267060" lon="21.7654345">
<ele>305.158</ele>
<time>2026-05-20T15:05:30.797Z</time>
</trkpt>
<trkpt lat="49.6265087" lon="21.7645615">
<ele>307.426</ele>
<time>2026-05-20T15:05:33.817Z</time>
</trkpt>
<trkpt lat="49.6262825" lon="21.7637019">
<ele>309.258</ele>
<time>2026-05-20T15:05:36.837Z</time>
</trkpt>
<trkpt lat="49.6260508" lon="21.7628896">
<ele>310.377</ele>
<time>2026-05-20T15:05:39.796Z</time>
</trkpt>
<trkpt lat="49.6258055" lon="21.7621092">
<ele>310.667</ele>
<time>2026-05-20T15:05:42.757Z</time>
</trkpt>
<trkpt lat="49.6255295" lon="21.7613311">
<ele>310.090</ele>
<time>2026-05-20T15:05:45.762Z</time>
</trkpt>
<trkpt lat="49.6252248" lon="21.7605490">
<ele>308.680</ele>
<time>2026-05-20T15:05:48.775Z</time>
</trkpt>
<trkpt lat="49.6248963" lon="21.7597741">
<ele>306.573</ele>
<time>2026-05-20T15:05:51.767Z</time>
</trkpt>
<trkpt lat="49.6245440" lon="21.7590131">
<ele>304.176</ele>
<time>2026-05-20T15:05:54.754Z</time>
</trkpt>
<trkpt lat="49.6241689" lon="21.7582693">
<ele>302.122</ele>
<time>2026-05-20T15:05:57.754Z</time>
</trkpt>
<trkpt lat="49.6237714" lon="21.7575539">
<ele>300.685</ele>
<time>2026-05-20T15:06:00.750Z</time>
</trkpt>
<trkpt lat="49.6233501" lon="21.7568576">
<ele>299.731</ele>
<time>2026-05-20T15:06:03.762Z</time>
</trkpt>
<trkpt lat="49.6229089" lon="21.7561753">
<ele>299.143</ele>
<time>2026-05-20T15:06:06.765Z</time>
</trkpt>
<trkpt lat="49.6224465" lon="21.7554902">
<ele>298.735</ele>
<time>2026-05-20T15:06:09.773Z</time>
</trkpt>
<trkpt lat="49.6219684" lon="21.7548020">
<ele>298.343</ele>
<time>2026-05-20T15:06:12.776Z</time>
</trkpt>
<trkpt lat="49.6214844" lon="21.7541119">
<ele>298.013</ele>
<time>2026-05-20T15:06:15.768Z</time>
</trkpt>
<trkpt lat="49.6210012" lon="21.7534170">
<ele>297.905</ele>
<time>2026-05-20T15:06:18.747Z</time>
</trkpt>
<trkpt lat="49.6205179" lon="21.7527209">
<ele>298.154</ele>
<time>2026-05-20T15:06:21.729Z</time>
</trkpt>
<trkpt lat="49.6200383" lon="21.7520302">
<ele>298.859</ele>
<time>2026-05-20T15:06:24.710Z</time>
</trkpt>
<trkpt lat="49.6195630" lon="21.7513455">
<ele>300.028</ele>
<time>2026-05-20T15:06:27.695Z</time>
</trkpt>
<trkpt lat="49.6190918" lon="21.7506679">
<ele>301.596</ele>
<time>2026-05-20T15:06:30.676Z</time>
</trkpt>
<trkpt lat="49.6187804" lon="21.7502190">
<ele>303.411</ele>
<time>2026-05-20T15:06:32.664Z</time>
</trkpt>
<trkpt lat="49.6184687" lon="21.7497711">
<ele>305.114</ele>
<time>2026-05-20T15:06:34.664Z</time>
</trkpt>
<trkpt lat="49.6181597" lon="21.7493284">
<ele>306.291</ele>
<time>2026-05-20T15:06:36.652Z</time>
</trkpt>
<trkpt lat="49.6177006" lon="21.7486650">
<ele>306.892</ele>
<time>2026-05-20T15:06:39.634Z</time>
</trkpt>
<trkpt lat="49.6172403" lon="21.7480069">
<ele>307.230</ele>
<time>2026-05-20T15:06:42.627Z</time>
</trkpt>
<trkpt lat="49.6169359" lon="21.7475722">
<ele>307.596</ele>
<time>2026-05-20T15:06:44.619Z</time>
</trkpt>
<trkpt lat="49.6166325" lon="21.7471363">
<ele>308.075</ele>
<time>2026-05-20T15:06:46.625Z</time>
</trkpt>
<trkpt lat="49.6161913" lon="21.7464790">
<ele>308.684</ele>
<time>2026-05-20T15:06:49.623Z</time>
</trkpt>
<trkpt lat="49.6157576" lon="21.7458318">
<ele>309.512</ele>
<time>2026-05-20T15:06:52.616Z</time>
</trkpt>
<trkpt lat="49.6153365" lon="21.7451965">
<ele>310.751</ele>
<time>2026-05-20T15:06:55.583Z</time>
</trkpt>
<trkpt lat="49.6149222" lon="21.7445759">
<ele>312.661</ele>
<time>2026-05-20T15:06:58.543Z</time>
</trkpt>
<trkpt lat="49.6145206" lon="21.7439687">
<ele>315.489</ele>
<time>2026-05-20T15:07:01.478Z</time>
</trkpt>
<trkpt lat="49.6141142" lon="21.7433689">
<ele>319.302</ele>
<time>2026-05-20T15:07:04.457Z</time>
</trkpt>
<trkpt lat="49.6137120" lon="21.7427661">
<ele>323.787</ele>
<time>2026-05-20T15:07:07.451Z</time>
</trkpt>
<trkpt lat="49.6133114" lon="21.7421651">
<ele>328.282</ele>
<time>2026-05-20T15:07:10.447Z</time>
</trkpt>
<trkpt lat="49.6129069" lon="21.7415623">
<ele>332.203</ele>
<time>2026-05-20T15:07:13.455Z</time>
</trkpt>
<trkpt lat="49.6124974" lon="21.7409540">
<ele>335.449</ele>
<time>2026-05-20T15:07:16.467Z</time>
</trkpt>
<trkpt lat="49.6120817" lon="21.7403353">
<ele>338.309</ele>
<time>2026-05-20T15:07:19.487Z</time>
</trkpt>
<trkpt lat="49.6116598" lon="21.7397111">
<ele>341.045</ele>
<time>2026-05-20T15:07:22.515Z</time>
</trkpt>
<trkpt lat="49.6112521" lon="21.7390694">
<ele>343.815</ele>
<time>2026-05-20T15:07:25.525Z</time>
</trkpt>
<trkpt lat="49.6108498" lon="21.7384038">
<ele>346.318</ele>
<time>2026-05-20T15:07:28.563Z</time>
</trkpt>
<trkpt lat="49.6104595" lon="21.7377183">
<ele>347.699</ele>
<time>2026-05-20T15:07:31.581Z</time>
</trkpt>
<trkpt lat="49.6100759" lon="21.7370105">
<ele>347.491</ele>
<time>2026-05-20T15:07:34.605Z</time>
</trkpt>
<trkpt lat="49.6097079" lon="21.7362835">
<ele>346.224</ele>
<time>2026-05-20T15:07:37.607Z</time>
</trkpt>
<trkpt lat="49.6093536" lon="21.7355354">
<ele>344.853</ele>
<time>2026-05-20T15:07:40.608Z</time>
</trkpt>
<trkpt lat="49.6090095" lon="21.7347592">
<ele>344.009</ele>
<time>2026-05-20T15:07:43.617Z</time>
</trkpt>
<trkpt lat="49.6086762" lon="21.7339512">
<ele>343.644</ele>
<time>2026-05-20T15:07:46.627Z</time>
</trkpt>
<trkpt lat="49.6083553" lon="21.7331157">
<ele>343.397</ele>
<time>2026-05-20T15:07:49.636Z</time>
</trkpt>
<trkpt lat="49.6080528" lon="21.7322737">
<ele>343.065</ele>
<time>2026-05-20T15:07:52.611Z</time>
</trkpt>
<trkpt lat="49.6077671" lon="21.7314144">
<ele>342.633</ele>
<time>2026-05-20T15:07:55.600Z</time>
</trkpt>
<trkpt lat="49.6075025" lon="21.7305423">
<ele>341.895</ele>
<time>2026-05-20T15:07:58.590Z</time>
</trkpt>
<trkpt lat="49.6072625" lon="21.7296748">
<ele>340.532</ele>
<time>2026-05-20T15:08:01.562Z</time>
</trkpt>
<trkpt lat="49.6070437" lon="21.7287938">
<ele>338.612</ele>
<time>2026-05-20T15:08:04.562Z</time>
</trkpt>
<trkpt lat="49.6068336" lon="21.7278942">
<ele>336.407</ele>
<time>2026-05-20T15:08:07.568Z</time>
</trkpt>
<trkpt lat="49.6066398" lon="21.7269686">
<ele>334.068</ele>
<time>2026-05-20T15:08:10.572Z</time>
</trkpt>
<trkpt lat="49.6064608" lon="21.7260266">
<ele>331.560</ele>
<time>2026-05-20T15:08:13.576Z</time>
</trkpt>
<trkpt lat="49.6062905" lon="21.7250859">
<ele>328.698</ele>
<time>2026-05-20T15:08:16.567Z</time>
</trkpt>
<trkpt lat="49.6061149" lon="21.7241584">
<ele>325.581</ele>
<time>2026-05-20T15:08:19.545Z</time>
</trkpt>
<trkpt lat="49.6059284" lon="21.7232384">
<ele>322.761</ele>
<time>2026-05-20T15:08:22.533Z</time>
</trkpt>
<trkpt lat="49.6057135" lon="21.7223358">
<ele>320.787</ele>
<time>2026-05-20T15:08:25.518Z</time>
</trkpt>
<trkpt lat="49.6054706" lon="21.7214375">
<ele>319.733</ele>
<time>2026-05-20T15:08:28.526Z</time>
</trkpt>
<trkpt lat="49.6051945" lon="21.7205481">
<ele>319.108</ele>
<time>2026-05-20T15:08:31.544Z</time>
</trkpt>
<trkpt lat="49.6048854" lon="21.7196705">
<ele>318.448</ele>
<time>2026-05-20T15:08:34.573Z</time>
</trkpt>
<trkpt lat="49.6045528" lon="21.7188320">
<ele>317.661</ele>
<time>2026-05-20T15:08:37.567Z</time>
</trkpt>
<trkpt lat="49.6041912" lon="21.7180315">
<ele>316.556</ele>
<time>2026-05-20T15:08:40.568Z</time>
</trkpt>
<trkpt lat="49.6039346" lon="21.7175117">
<ele>314.766</ele>
<time>2026-05-20T15:08:42.571Z</time>
</trkpt>
<trkpt lat="49.6035249" lon="21.7167460">
<ele>312.518</ele>
<time>2026-05-20T15:08:45.584Z</time>
</trkpt>
<trkpt lat="49.6030906" lon="21.7160008">
<ele>310.675</ele>
<time>2026-05-20T15:08:48.591Z</time>
</trkpt>
<trkpt lat="49.6026270" lon="21.7152828">
<ele>309.711</ele>
<time>2026-05-20T15:08:51.605Z</time>
</trkpt>
<trkpt lat="49.6021373" lon="21.7146026">
<ele>309.160</ele>
<time>2026-05-20T15:08:54.606Z</time>
</trkpt>
<trkpt lat="49.6016292" lon="21.7139621">
<ele>308.390</ele>
<time>2026-05-20T15:08:57.588Z</time>
</trkpt>
<trkpt lat="49.6011056" lon="21.7133773">
<ele>307.461</ele>
<time>2026-05-20T15:09:00.547Z</time>
</trkpt>
<trkpt lat="49.6005752" lon="21.7128397">
<ele>306.902</ele>
<time>2026-05-20T15:09:03.497Z</time>
</trkpt>
<trkpt lat="49.6000384" lon="21.7123383">
<ele>306.987</ele>
<time>2026-05-20T15:09:06.457Z</time>
</trkpt>
<trkpt lat="49.5995026" lon="21.7118504">
<ele>307.726</ele>
<time>2026-05-20T15:09:09.418Z</time>
</trkpt>
<trkpt lat="49.5989643" lon="21.7113624">
<ele>308.865</ele>
<time>2026-05-20T15:09:12.399Z</time>
</trkpt>
<trkpt lat="49.5984157" lon="21.7108855">
<ele>310.018</ele>
<time>2026-05-20T15:09:15.391Z</time>
</trkpt>
<trkpt lat="49.5978647" lon="21.7103918">
<ele>311.090</ele>
<time>2026-05-20T15:09:18.386Z</time>
</trkpt>
<trkpt lat="49.5973060" lon="21.7098981">
<ele>312.126</ele>
<time>2026-05-20T15:09:21.373Z</time>
</trkpt>
<trkpt lat="49.5967429" lon="21.7093930">
<ele>313.022</ele>
<time>2026-05-20T15:09:24.355Z</time>
</trkpt>
<trkpt lat="49.5961726" lon="21.7088891">
<ele>313.671</ele>
<time>2026-05-20T15:09:27.340Z</time>
</trkpt>
<trkpt lat="49.5956040" lon="21.7083813">
<ele>313.958</ele>
<time>2026-05-20T15:09:30.323Z</time>
</trkpt>
<trkpt lat="49.5950238" lon="21.7078809">
<ele>313.848</ele>
<time>2026-05-20T15:09:33.328Z</time>
</trkpt>
<trkpt lat="49.5944445" lon="21.7073593">
<ele>313.407</ele>
<time>2026-05-20T15:09:36.329Z</time>
</trkpt>
<trkpt lat="49.5938609" lon="21.7068385">
<ele>312.641</ele>
<time>2026-05-20T15:09:39.324Z</time>
</trkpt>
<trkpt lat="49.5932734" lon="21.7063188">
<ele>311.741</ele>
<time>2026-05-20T15:09:42.331Z</time>
</trkpt>
<trkpt lat="49.5926991" lon="21.7057969">
<ele>311.127</ele>
<time>2026-05-20T15:09:45.318Z</time>
</trkpt>
<trkpt lat="49.5921333" lon="21.7053002">
<ele>310.994</ele>
<time>2026-05-20T15:09:48.289Z</time>
</trkpt>
<trkpt lat="49.5915785" lon="21.7048016">
<ele>311.206</ele>
<time>2026-05-20T15:09:51.262Z</time>
</trkpt>
<trkpt lat="49.5910230" lon="21.7042976">
<ele>311.698</ele>
<time>2026-05-20T15:09:54.251Z</time>
</trkpt>
<trkpt lat="49.5904712" lon="21.7037600">
<ele>312.408</ele>
<time>2026-05-20T15:09:57.247Z</time>
</trkpt>
<trkpt lat="49.5899281" lon="21.7031757">
<ele>313.064</ele>
<time>2026-05-20T15:10:00.251Z</time>
</trkpt>
<trkpt lat="49.5893888" lon="21.7025670">
<ele>313.498</ele>
<time>2026-05-20T15:10:03.256Z</time>
</trkpt>
<trkpt lat="49.5888615" lon="21.7019248">
<ele>313.894</ele>
<time>2026-05-20T15:10:06.270Z</time>
</trkpt>
<trkpt lat="49.5883485" lon="21.7012653">
<ele>314.359</ele>
<time>2026-05-20T15:10:09.271Z</time>
</trkpt>
<trkpt lat="49.5878431" lon="21.7005919">
<ele>314.778</ele>
<time>2026-05-20T15:10:12.277Z</time>
</trkpt>
<trkpt lat="49.5873312" lon="21.6999199">
<ele>315.109</ele>
<time>2026-05-20T15:10:15.297Z</time>
</trkpt>
<trkpt lat="49.5868205" lon="21.6992428">
<ele>315.431</ele>
<time>2026-05-20T15:10:18.313Z</time>
</trkpt>
<trkpt lat="49.5863079" lon="21.6985734">
<ele>315.763</ele>
<time>2026-05-20T15:10:21.327Z</time>
</trkpt>
<trkpt lat="49.5858073" lon="21.6979236">
<ele>316.060</ele>
<time>2026-05-20T15:10:24.303Z</time>
</trkpt>
<trkpt lat="49.5853173" lon="21.6972828">
<ele>316.376</ele>
<time>2026-05-20T15:10:27.277Z</time>
</trkpt>
<trkpt lat="49.5848416" lon="21.6966493">
<ele>316.908</ele>
<time>2026-05-20T15:10:30.240Z</time>
</trkpt>
<trkpt lat="49.5843672" lon="21.6960315">
<ele>317.837</ele>
<time>2026-05-20T15:10:33.214Z</time>
</trkpt>
<trkpt lat="49.5838753" lon="21.6954532">
<ele>319.106</ele>
<time>2026-05-20T15:10:36.203Z</time>
</trkpt>
<trkpt lat="49.5833584" lon="21.6949082">
<ele>320.408</ele>
<time>2026-05-20T15:10:39.220Z</time>
</trkpt>
<trkpt lat="49.5828238" lon="21.6944358">
<ele>321.377</ele>
<time>2026-05-20T15:10:42.210Z</time>
</trkpt>
<trkpt lat="49.5824774" lon="21.6941692">
<ele>321.766</ele>
<time>2026-05-20T15:10:44.155Z</time>
</trkpt>
<trkpt lat="49.5821329" lon="21.6939290">
<ele>321.548</ele>
<time>2026-05-20T15:10:46.122Z</time>
</trkpt>
<trkpt lat="49.5816052" lon="21.6936132">
<ele>321.015</ele>
<time>2026-05-20T15:10:49.117Z</time>
</trkpt>
<trkpt lat="49.5812474" lon="21.6934256">
<ele>320.441</ele>
<time>2026-05-20T15:10:51.128Z</time>
</trkpt>
<trkpt lat="49.5806993" lon="21.6931931">
<ele>319.801</ele>
<time>2026-05-20T15:10:54.149Z</time>
</trkpt>
<trkpt lat="49.5803306" lon="21.6930713">
<ele>319.052</ele>
<time>2026-05-20T15:10:56.153Z</time>
</trkpt>
<trkpt lat="49.5797753" lon="21.6929349">
<ele>318.395</ele>
<time>2026-05-20T15:10:59.151Z</time>
</trkpt>
<trkpt lat="49.5792235" lon="21.6928366">
<ele>318.028</ele>
<time>2026-05-20T15:11:02.133Z</time>
</trkpt>
<trkpt lat="49.5786661" lon="21.6927931">
<ele>317.939</ele>
<time>2026-05-20T15:11:05.140Z</time>
</trkpt>
<trkpt lat="49.5781031" lon="21.6927853">
<ele>318.070</ele>
<time>2026-05-20T15:11:08.156Z</time>
</trkpt>
<trkpt lat="49.5775365" lon="21.6927724">
<ele>318.375</ele>
<time>2026-05-20T15:11:11.166Z</time>
</trkpt>
<trkpt lat="49.5769677" lon="21.6927530">
<ele>318.715</ele>
<time>2026-05-20T15:11:14.167Z</time>
</trkpt>
<trkpt lat="49.5763941" lon="21.6927068">
<ele>319.289</ele>
<time>2026-05-20T15:11:17.189Z</time>
</trkpt>
<trkpt lat="49.5758318" lon="21.6926056">
<ele>320.446</ele>
<time>2026-05-20T15:11:20.183Z</time>
</trkpt>
<trkpt lat="49.5752885" lon="21.6925032">
<ele>322.112</ele>
<time>2026-05-20T15:11:23.170Z</time>
</trkpt>
<trkpt lat="49.5748271" lon="21.6923992">
<ele>324.116</ele>
<time>2026-05-20T15:11:25.975Z</time>
</trkpt>
<trkpt lat="49.5744482" lon="21.6922883">
<ele>326.100</ele>
<time>2026-05-20T15:11:28.711Z</time>
</trkpt>
<trkpt lat="49.5741213" lon="21.6920871">
<ele>327.457</ele>
<time>2026-05-20T15:11:31.536Z</time>
</trkpt>
<trkpt lat="49.5738291" lon="21.6918282">
<ele>328.285</ele>
<time>2026-05-20T15:11:34.422Z</time>
</trkpt>
<trkpt lat="49.5735231" lon="21.6916233">
<ele>329.111</ele>
<time>2026-05-20T15:11:37.368Z</time>
</trkpt>
<trkpt lat="49.5732191" lon="21.6915904">
<ele>329.891</ele>
<time>2026-05-20T15:11:40.203Z</time>
</trkpt>
<trkpt lat="49.5729613" lon="21.6916395">
<ele>330.284</ele>
<time>2026-05-20T15:11:42.910Z</time>
</trkpt>
<trkpt lat="49.5727643" lon="21.6914929">
<ele>330.271</ele>
<time>2026-05-20T15:11:45.539Z</time>
</trkpt>
<trkpt lat="49.5725654" lon="21.6914861">
<ele>330.227</ele>
<time>2026-05-20T15:11:48.257Z</time>
</trkpt>
<trkpt lat="49.5724276" lon="21.6916910">
<ele>330.564</ele>
<time>2026-05-20T15:11:51.137Z</time>
</trkpt>
<trkpt lat="49.5724058" lon="21.6920035">
<ele>331.329</ele>
<time>2026-05-20T15:11:54.345Z</time>
</trkpt>
<trkpt lat="49.5724992" lon="21.6923076">
<ele>332.184</ele>
<time>2026-05-20T15:11:57.671Z</time>
</trkpt>
<trkpt lat="49.5724211" lon="21.6926332">
<ele>332.760</ele>
<time>2026-05-20T15:12:00.904Z</time>
</trkpt>
<trkpt lat="49.5721870" lon="21.6929463">
<ele>332.739</ele>
<time>2026-05-20T15:12:04.699Z</time>
</trkpt>
<trkpt lat="49.5718668" lon="21.6931631">
<ele>332.134</ele>
<time>2026-05-20T15:12:08.017Z</time>
</trkpt>
<trkpt lat="49.5715360" lon="21.6933203">
<ele>331.456</ele>
<time>2026-05-20T15:12:11.029Z</time>
</trkpt>
<trkpt lat="49.5712142" lon="21.6934762">
<ele>331.113</ele>
<time>2026-05-20T15:12:13.967Z</time>
</trkpt>
<trkpt lat="49.5709371" lon="21.6937048">
<ele>330.870</ele>
<time>2026-05-20T15:12:16.832Z</time>
</trkpt>
<trkpt lat="49.5707936" lon="21.6940480">
<ele>330.285</ele>
<time>2026-05-20T15:12:19.575Z</time>
</trkpt>
<trkpt lat="49.5706955" lon="21.6943134">
<ele>329.251</ele>
<time>2026-05-20T15:12:22.026Z</time>
</trkpt>
<trkpt lat="49.5704746" lon="21.6944621">
<ele>328.075</ele>
<time>2026-05-20T15:12:25.235Z</time>
</trkpt>
<trkpt lat="49.5701908" lon="21.6943939">
<ele>327.157</ele>
<time>2026-05-20T15:12:28.695Z</time>
</trkpt>
<trkpt lat="49.5698710" lon="21.6942561">
<ele>326.871</ele>
<time>2026-05-20T15:12:31.985Z</time>
</trkpt>
<trkpt lat="49.5695211" lon="21.6940707">
<ele>327.453</ele>
<time>2026-05-20T15:12:35.133Z</time>
</trkpt>
<trkpt lat="49.5691576" lon="21.6938601">
<ele>328.866</ele>
<time>2026-05-20T15:12:38.202Z</time>
</trkpt>
<trkpt lat="49.5687865" lon="21.6936395">
<ele>330.831</ele>
<time>2026-05-20T15:12:41.221Z</time>
</trkpt>
<trkpt lat="49.5683931" lon="21.6934259">
<ele>333.018</ele>
<time>2026-05-20T15:12:44.256Z</time>
</trkpt>
<trkpt lat="49.5679941" lon="21.6932183">
<ele>335.216</ele>
<time>2026-05-20T15:12:47.232Z</time>
</trkpt>
<trkpt lat="49.5677202" lon="21.6930830">
<ele>337.297</ele>
<time>2026-05-20T15:12:49.259Z</time>
</trkpt>
<trkpt lat="49.5674502" lon="21.6929438">
<ele>339.064</ele>
<time>2026-05-20T15:12:51.274Z</time>
</trkpt>
<trkpt lat="49.5670455" lon="21.6927498">
<ele>340.429</ele>
<time>2026-05-20T15:12:54.288Z</time>
</trkpt>
<trkpt lat="49.5666552" lon="21.6925378">
<ele>341.669</ele>
<time>2026-05-20T15:12:57.255Z</time>
</trkpt>
<trkpt lat="49.5663917" lon="21.6924032">
<ele>343.064</ele>
<time>2026-05-20T15:12:59.245Z</time>
</trkpt>
<trkpt lat="49.5659939" lon="21.6922031">
<ele>344.458</ele>
<time>2026-05-20T15:13:02.212Z</time>
</trkpt>
<trkpt lat="49.5655884" lon="21.6919849">
<ele>345.550</ele>
<time>2026-05-20T15:13:05.225Z</time>
</trkpt>
<trkpt lat="49.5651647" lon="21.6917701">
<ele>346.319</ele>
<time>2026-05-20T15:13:08.299Z</time>
</trkpt>
<trkpt lat="49.5647508" lon="21.6915613">
<ele>346.859</ele>
<time>2026-05-20T15:13:11.282Z</time>
</trkpt>
<trkpt lat="49.5643457" lon="21.6913480">
<ele>347.174</ele>
<time>2026-05-20T15:13:14.273Z</time>
</trkpt>
<trkpt lat="49.5639545" lon="21.6911336">
<ele>347.207</ele>
<time>2026-05-20T15:13:17.231Z</time>
</trkpt>
<trkpt lat="49.5635611" lon="21.6909217">
<ele>347.013</ele>
<time>2026-05-20T15:13:20.215Z</time>
</trkpt>
<trkpt lat="49.5631696" lon="21.6907131">
<ele>346.789</ele>
<time>2026-05-20T15:13:23.212Z</time>
</trkpt>
<trkpt lat="49.5627968" lon="21.6905116">
<ele>346.409</ele>
<time>2026-05-20T15:13:26.170Z</time>
</trkpt>
<trkpt lat="49.5624613" lon="21.6902336">
<ele>345.513</ele>
<time>2026-05-20T15:13:29.135Z</time>
</trkpt>
<trkpt lat="49.5621725" lon="21.6898226">
<ele>344.289</ele>
<time>2026-05-20T15:13:32.190Z</time>
</trkpt>
<trkpt lat="49.5618664" lon="21.6893733">
<ele>343.307</ele>
<time>2026-05-20T15:13:35.314Z</time>
</trkpt>
<trkpt lat="49.5615612" lon="21.6889114">
<ele>342.776</ele>
<time>2026-05-20T15:13:38.373Z</time>
</trkpt>
<trkpt lat="49.5612774" lon="21.6884903">
<ele>342.511</ele>
<time>2026-05-20T15:13:41.300Z</time>
</trkpt>
<trkpt lat="49.5610244" lon="21.6881121">
<ele>342.315</ele>
<time>2026-05-20T15:13:44.144Z</time>
</trkpt>
<trkpt lat="49.5607847" lon="21.6877296">
<ele>342.199</ele>
<time>2026-05-20T15:13:47.080Z</time>
</trkpt>
<trkpt lat="49.5605336" lon="21.6873519">
<ele>342.255</ele>
<time>2026-05-20T15:13:50.082Z</time>
</trkpt>
<trkpt lat="49.5602669" lon="21.6869565">
<ele>342.535</ele>
<time>2026-05-20T15:13:53.158Z</time>
</trkpt>
<trkpt lat="49.5599833" lon="21.6865368">
<ele>343.168</ele>
<time>2026-05-20T15:13:56.262Z</time>
</trkpt>
<trkpt lat="49.5596988" lon="21.6860975">
<ele>344.065</ele>
<time>2026-05-20T15:13:59.299Z</time>
</trkpt>
<trkpt lat="49.5594153" lon="21.6856488">
<ele>344.801</ele>
<time>2026-05-20T15:14:02.311Z</time>
</trkpt>
<trkpt lat="49.5592003" lon="21.6851468">
<ele>345.166</ele>
<time>2026-05-20T15:14:05.258Z</time>
</trkpt>
<trkpt lat="49.5590459" lon="21.6845932">
<ele>345.387</ele>
<time>2026-05-20T15:14:08.273Z</time>
</trkpt>
<trkpt lat="49.5588959" lon="21.6840514">
<ele>345.682</ele>
<time>2026-05-20T15:14:11.282Z</time>
</trkpt>
<trkpt lat="49.5587173" lon="21.6835760">
<ele>346.019</ele>
<time>2026-05-20T15:14:14.224Z</time>
</trkpt>
<trkpt lat="49.5584724" lon="21.6832321">
<ele>346.111</ele>
<time>2026-05-20T15:14:17.132Z</time>
</trkpt>
<trkpt lat="49.5581939" lon="21.6829933">
<ele>345.587</ele>
<time>2026-05-20T15:14:20.088Z</time>
</trkpt>
<trkpt lat="49.5578994" lon="21.6829210">
<ele>344.268</ele>
<time>2026-05-20T15:14:23.019Z</time>
</trkpt>
<trkpt lat="49.5576226" lon="21.6829659">
<ele>342.350</ele>
<time>2026-05-20T15:14:25.966Z</time>
</trkpt>
<trkpt lat="49.5574084" lon="21.6830348">
<ele>340.237</ele>
<time>2026-05-20T15:14:28.725Z</time>
</trkpt>
<trkpt lat="49.5572837" lon="21.6829300">
<ele>338.191</ele>
<time>2026-05-20T15:14:31.152Z</time>
</trkpt>
<trkpt lat="49.5572694" lon="21.6825500">
<ele>336.505</ele>
<time>2026-05-20T15:14:35.061Z</time>
</trkpt>
<trkpt lat="49.5572575" lon="21.6820374">
<ele>335.780</ele>
<time>2026-05-20T15:14:38.423Z</time>
</trkpt>
<trkpt lat="49.5572118" lon="21.6814365">
<ele>336.313</ele>
<time>2026-05-20T15:14:41.636Z</time>
</trkpt>
<trkpt lat="49.5571719" lon="21.6808416">
<ele>337.516</ele>
<time>2026-05-20T15:14:44.702Z</time>
</trkpt>
<trkpt lat="49.5572001" lon="21.6803500">
<ele>338.580</ele>
<time>2026-05-20T15:14:47.427Z</time>
</trkpt>
<trkpt lat="49.5573784" lon="21.6799136">
<ele>339.254</ele>
<time>2026-05-20T15:14:50.436Z</time>
</trkpt>
<trkpt lat="49.5575781" lon="21.6794527">
<ele>339.890</ele>
<time>2026-05-20T15:14:53.502Z</time>
</trkpt>
<trkpt lat="49.5576717" lon="21.6790889">
<ele>341.032</ele>
<time>2026-05-20T15:14:55.542Z</time>
</trkpt>
<trkpt lat="49.5577325" lon="21.6786830">
<ele>342.798</ele>
<time>2026-05-20T15:14:57.618Z</time>
</trkpt>
<trkpt lat="49.5578171" lon="21.6780502">
<ele>344.689</ele>
<time>2026-05-20T15:15:00.710Z</time>
</trkpt>
<trkpt lat="49.5579078" lon="21.6774307">
<ele>346.621</ele>
<time>2026-05-20T15:15:03.686Z</time>
</trkpt>
<trkpt lat="49.5579698" lon="21.6769974">
<ele>349.185</ele>
<time>2026-05-20T15:15:05.739Z</time>
</trkpt>
<trkpt lat="49.5580608" lon="21.6763411">
<ele>352.198</ele>
<time>2026-05-20T15:15:08.788Z</time>
</trkpt>
<trkpt lat="49.5581522" lon="21.6756753">
<ele>354.694</ele>
<time>2026-05-20T15:15:11.801Z</time>
</trkpt>
<trkpt lat="49.5582509" lon="21.6749900">
<ele>356.274</ele>
<time>2026-05-20T15:15:14.839Z</time>
</trkpt>
<trkpt lat="49.5583460" lon="21.6743075">
<ele>357.167</ele>
<time>2026-05-20T15:15:17.866Z</time>
</trkpt>
<trkpt lat="49.5584346" lon="21.6736476">
<ele>358.021</ele>
<time>2026-05-20T15:15:20.854Z</time>
</trkpt>
<trkpt lat="49.5585244" lon="21.6729978">
<ele>359.270</ele>
<time>2026-05-20T15:15:23.823Z</time>
</trkpt>
<trkpt lat="49.5585539" lon="21.6723000">
<ele>360.446</ele>
<time>2026-05-20T15:15:26.841Z</time>
</trkpt>
<trkpt lat="49.5585378" lon="21.6715538">
<ele>361.016</ele>
<time>2026-05-20T15:15:29.872Z</time>
</trkpt>
<trkpt lat="49.5585104" lon="21.6707843">
<ele>360.984</ele>
<time>2026-05-20T15:15:32.859Z</time>
</trkpt>
<trkpt lat="49.5584823" lon="21.6699900">
<ele>360.271</ele>
<time>2026-05-20T15:15:35.863Z</time>
</trkpt>
<trkpt lat="49.5584490" lon="21.6691729">
<ele>358.842</ele>
<time>2026-05-20T15:15:38.893Z</time>
</trkpt>
<trkpt lat="49.5584237" lon="21.6683631">
<ele>356.690</ele>
<time>2026-05-20T15:15:41.926Z</time>
</trkpt>
<trkpt lat="49.5583990" lon="21.6676474">
<ele>354.107</ele>
<time>2026-05-20T15:15:44.825Z</time>
</trkpt>
<trkpt lat="49.5583805" lon="21.6670557">
<ele>352.030</ele>
<time>2026-05-20T15:15:47.569Z</time>
</trkpt>
<trkpt lat="49.5583585" lon="21.6665484">
<ele>351.121</ele>
<time>2026-05-20T15:15:50.270Z</time>
</trkpt>
<trkpt lat="49.5583406" lon="21.6659941">
<ele>351.105</ele>
<time>2026-05-20T15:15:53.315Z</time>
</trkpt>
<trkpt lat="49.5583269" lon="21.6653807">
<ele>351.537</ele>
<time>2026-05-20T15:15:56.413Z</time>
</trkpt>
<trkpt lat="49.5583014" lon="21.6647235">
<ele>352.662</ele>
<time>2026-05-20T15:15:59.464Z</time>
</trkpt>
<trkpt lat="49.5582786" lon="21.6640144">
<ele>354.595</ele>
<time>2026-05-20T15:16:02.522Z</time>
</trkpt>
<trkpt lat="49.5582523" lon="21.6632831">
<ele>356.470</ele>
<time>2026-05-20T15:16:05.514Z</time>
</trkpt>
<trkpt lat="49.5582237" lon="21.6625173">
<ele>357.566</ele>
<time>2026-05-20T15:16:08.555Z</time>
</trkpt>
<trkpt lat="49.5582030" lon="21.6617708">
<ele>358.173</ele>
<time>2026-05-20T15:16:11.546Z</time>
</trkpt>
<trkpt lat="49.5581816" lon="21.6610612">
<ele>358.657</ele>
<time>2026-05-20T15:16:14.517Z</time>
</trkpt>
<trkpt lat="49.5581583" lon="21.6603843">
<ele>359.024</ele>
<time>2026-05-20T15:16:17.475Z</time>
</trkpt>
<trkpt lat="49.5581372" lon="21.6597298">
<ele>359.168</ele>
<time>2026-05-20T15:16:20.426Z</time>
</trkpt>
<trkpt lat="49.5581161" lon="21.6590800">
<ele>359.304</ele>
<time>2026-05-20T15:16:23.400Z</time>
</trkpt>
<trkpt lat="49.5580901" lon="21.6584184">
<ele>359.935</ele>
<time>2026-05-20T15:16:26.420Z</time>
</trkpt>
<trkpt lat="49.5580624" lon="21.6577540">
<ele>361.234</ele>
<time>2026-05-20T15:16:29.407Z</time>
</trkpt>
<trkpt lat="49.5580353" lon="21.6570519">
<ele>362.790</ele>
<time>2026-05-20T15:16:32.456Z</time>
</trkpt>
<trkpt lat="49.5580144" lon="21.6563382">
<ele>364.119</ele>
<time>2026-05-20T15:16:35.452Z</time>
</trkpt>
<trkpt lat="49.5579903" lon="21.6556331">
<ele>365.239</ele>
<time>2026-05-20T15:16:38.419Z</time>
</trkpt>
<trkpt lat="49.5579706" lon="21.6549612">
<ele>366.618</ele>
<time>2026-05-20T15:16:41.360Z</time>
</trkpt>
<trkpt lat="49.5579507" lon="21.6543194">
<ele>368.430</ele>
<time>2026-05-20T15:16:44.300Z</time>
</trkpt>
<trkpt lat="49.5579248" lon="21.6536720">
<ele>370.393</ele>
<time>2026-05-20T15:16:47.298Z</time>
</trkpt>
<trkpt lat="49.5579070" lon="21.6530063">
<ele>372.246</ele>
<time>2026-05-20T15:16:50.304Z</time>
</trkpt>
<trkpt lat="49.5578851" lon="21.6523204">
<ele>373.763</ele>
<time>2026-05-20T15:16:53.320Z</time>
</trkpt>
<trkpt lat="49.5578677" lon="21.6516005">
<ele>374.953</ele>
<time>2026-05-20T15:16:56.417Z</time>
</trkpt>
<trkpt lat="49.5578590" lon="21.6508966">
<ele>376.113</ele>
<time>2026-05-20T15:16:59.454Z</time>
</trkpt>
<trkpt lat="49.5578543" lon="21.6504390">
<ele>377.799</ele>
<time>2026-05-20T15:17:01.497Z</time>
</trkpt>
<trkpt lat="49.5578131" lon="21.6497755">
<ele>380.297</ele>
<time>2026-05-20T15:17:04.536Z</time>
</trkpt>
<trkpt lat="49.5577796" lon="21.6490827">
<ele>383.095</ele>
<time>2026-05-20T15:17:07.642Z</time>
</trkpt>
<trkpt lat="49.5577625" lon="21.6485989">
<ele>385.411</ele>
<time>2026-05-20T15:17:09.707Z</time>
</trkpt>
<trkpt lat="49.5577388" lon="21.6478833">
<ele>386.825</ele>
<time>2026-05-20T15:17:12.704Z</time>
</trkpt>
<trkpt lat="49.5577148" lon="21.6471742">
<ele>387.130</ele>
<time>2026-05-20T15:17:15.629Z</time>
</trkpt>
<trkpt lat="49.5576872" lon="21.6464421">
<ele>386.551</ele>
<time>2026-05-20T15:17:18.552Z</time>
</trkpt>
<trkpt lat="49.5576810" lon="21.6456710">
<ele>385.476</ele>
<time>2026-05-20T15:17:21.514Z</time>
</trkpt>
<trkpt lat="49.5577108" lon="21.6448715">
<ele>384.190</ele>
<time>2026-05-20T15:17:24.535Z</time>
</trkpt>
<trkpt lat="49.5577412" lon="21.6440781">
<ele>383.032</ele>
<time>2026-05-20T15:17:27.529Z</time>
</trkpt>
<trkpt lat="49.5577772" lon="21.6432825">
<ele>382.115</ele>
<time>2026-05-20T15:17:30.533Z</time>
</trkpt>
<trkpt lat="49.5578037" lon="21.6424797">
<ele>381.083</ele>
<time>2026-05-20T15:17:33.543Z</time>
</trkpt>
<trkpt lat="49.5578337" lon="21.6416853">
<ele>379.851</ele>
<time>2026-05-20T15:17:36.529Z</time>
</trkpt>
<trkpt lat="49.5578628" lon="21.6409026">
<ele>378.782</ele>
<time>2026-05-20T15:17:39.510Z</time>
</trkpt>
<trkpt lat="49.5578893" lon="21.6401362">
<ele>377.852</ele>
<time>2026-05-20T15:17:42.472Z</time>
</trkpt>
<trkpt lat="49.5579227" lon="21.6393616">
<ele>376.779</ele>
<time>2026-05-20T15:17:45.474Z</time>
</trkpt>
<trkpt lat="49.5579575" lon="21.6385873">
<ele>375.581</ele>
<time>2026-05-20T15:17:48.470Z</time>
</trkpt>
<trkpt lat="49.5579765" lon="21.6378173">
<ele>374.541</ele>
<time>2026-05-20T15:17:51.460Z</time>
</trkpt>
<trkpt lat="49.5579939" lon="21.6370601">
<ele>374.158</ele>
<time>2026-05-20T15:17:54.433Z</time>
</trkpt>
<trkpt lat="49.5580280" lon="21.6362793">
<ele>374.626</ele>
<time>2026-05-20T15:17:57.504Z</time>
</trkpt>
<trkpt lat="49.5580554" lon="21.6355079">
<ele>375.163</ele>
<time>2026-05-20T15:18:00.510Z</time>
</trkpt>
<trkpt lat="49.5580853" lon="21.6347595">
<ele>374.931</ele>
<time>2026-05-20T15:18:03.450Z</time>
</trkpt>
<trkpt lat="49.5581177" lon="21.6340005">
<ele>374.181</ele>
<time>2026-05-20T15:18:06.455Z</time>
</trkpt>
<trkpt lat="49.5581414" lon="21.6332334">
<ele>373.576</ele>
<time>2026-05-20T15:18:09.466Z</time>
</trkpt>
<trkpt lat="49.5581807" lon="21.6324537">
<ele>373.271</ele>
<time>2026-05-20T15:18:12.501Z</time>
</trkpt>
<trkpt lat="49.5582102" lon="21.6316863">
<ele>373.124</ele>
<time>2026-05-20T15:18:15.475Z</time>
</trkpt>
<trkpt lat="49.5582412" lon="21.6309120">
<ele>373.029</ele>
<time>2026-05-20T15:18:18.489Z</time>
</trkpt>
<trkpt lat="49.5582624" lon="21.6301556">
<ele>372.905</ele>
<time>2026-05-20T15:18:21.473Z</time>
</trkpt>
<trkpt lat="49.5582816" lon="21.6294486">
<ele>373.005</ele>
<time>2026-05-20T15:18:24.366Z</time>
</trkpt>
<trkpt lat="49.5583075" lon="21.6287680">
<ele>373.594</ele>
<time>2026-05-20T15:18:27.280Z</time>
</trkpt>
<trkpt lat="49.5583396" lon="21.6280818">
<ele>374.802</ele>
<time>2026-05-20T15:18:30.285Z</time>
</trkpt>
<trkpt lat="49.5584318" lon="21.6274363">
<ele>376.639</ele>
<time>2026-05-20T15:18:33.213Z</time>
</trkpt>
<trkpt lat="49.5586136" lon="21.6267951">
<ele>378.639</ele>
<time>2026-05-20T15:18:36.279Z</time>
</trkpt>
<trkpt lat="49.5588320" lon="21.6261008">
<ele>379.971</ele>
<time>2026-05-20T15:18:39.425Z</time>
</trkpt>
<trkpt lat="49.5590539" lon="21.6253657">
<ele>380.362</ele>
<time>2026-05-20T15:18:42.526Z</time>
</trkpt>
<trkpt lat="49.5592643" lon="21.6246627">
<ele>379.744</ele>
<time>2026-05-20T15:18:45.488Z</time>
</trkpt>
<trkpt lat="49.5594639" lon="21.6240131">
<ele>378.185</ele>
<time>2026-05-20T15:18:48.368Z</time>
</trkpt>
<trkpt lat="49.5596536" lon="21.6233808">
<ele>376.469</ele>
<time>2026-05-20T15:18:51.294Z</time>
</trkpt>
<trkpt lat="49.5598386" lon="21.6227368">
<ele>375.400</ele>
<time>2026-05-20T15:18:54.298Z</time>
</trkpt>
<trkpt lat="49.5599930" lon="21.6220399">
<ele>374.918</ele>
<time>2026-05-20T15:18:57.377Z</time>
</trkpt>
<trkpt lat="49.5600805" lon="21.6213031">
<ele>374.726</ele>
<time>2026-05-20T15:19:00.430Z</time>
</trkpt>
<trkpt lat="49.5600812" lon="21.6205790">
<ele>374.806</ele>
<time>2026-05-20T15:19:03.391Z</time>
</trkpt>
<trkpt lat="49.5600455" lon="21.6198832">
<ele>375.423</ele>
<time>2026-05-20T15:19:06.318Z</time>
</trkpt>
<trkpt lat="49.5600338" lon="21.6194157">
<ele>377.038</ele>
<time>2026-05-20T15:19:08.312Z</time>
</trkpt>
<trkpt lat="49.5600215" lon="21.6189437">
<ele>379.455</ele>
<time>2026-05-20T15:19:10.320Z</time>
</trkpt>
<trkpt lat="49.5600462" lon="21.6184618">
<ele>381.542</ele>
<time>2026-05-20T15:19:12.346Z</time>
</trkpt>
<trkpt lat="49.5601499" lon="21.6177387">
<ele>382.524</ele>
<time>2026-05-20T15:19:15.400Z</time>
</trkpt>
<trkpt lat="49.5602308" lon="21.6172708">
<ele>382.631</ele>
<time>2026-05-20T15:19:17.393Z</time>
</trkpt>
<trkpt lat="49.5603359" lon="21.6165938">
<ele>382.363</ele>
<time>2026-05-20T15:19:20.324Z</time>
</trkpt>
<trkpt lat="49.5604503" lon="21.6159601">
<ele>382.346</ele>
<time>2026-05-20T15:19:23.215Z</time>
</trkpt>
<trkpt lat="49.5605613" lon="21.6153200">
<ele>383.335</ele>
<time>2026-05-20T15:19:26.210Z</time>
</trkpt>
<trkpt lat="49.5606567" lon="21.6146885">
<ele>385.293</ele>
<time>2026-05-20T15:19:29.165Z</time>
</trkpt>
<trkpt lat="49.5607726" lon="21.6140413">
<ele>387.379</ele>
<time>2026-05-20T15:19:32.198Z</time>
</trkpt>
<trkpt lat="49.5608906" lon="21.6133568">
<ele>389.218</ele>
<time>2026-05-20T15:19:35.276Z</time>
</trkpt>
<trkpt lat="49.5610116" lon="21.6126560">
<ele>390.751</ele>
<time>2026-05-20T15:19:38.316Z</time>
</trkpt>
<trkpt lat="49.5611357" lon="21.6119480">
<ele>391.650</ele>
<time>2026-05-20T15:19:41.338Z</time>
</trkpt>
<trkpt lat="49.5612466" lon="21.6112617">
<ele>391.886</ele>
<time>2026-05-20T15:19:44.275Z</time>
</trkpt>
<trkpt lat="49.5613656" lon="21.6105808">
<ele>391.697</ele>
<time>2026-05-20T15:19:47.247Z</time>
</trkpt>
<trkpt lat="49.5614810" lon="21.6098908">
<ele>391.287</ele>
<time>2026-05-20T15:19:50.252Z</time>
</trkpt>
<trkpt lat="49.5615941" lon="21.6091990">
<ele>390.729</ele>
<time>2026-05-20T15:19:53.237Z</time>
</trkpt>
<trkpt lat="49.5617214" lon="21.6084912">
<ele>389.411</ele>
<time>2026-05-20T15:19:56.251Z</time>
</trkpt>
<trkpt lat="49.5618426" lon="21.6077463">
<ele>387.066</ele>
<time>2026-05-20T15:19:59.293Z</time>
</trkpt>
<trkpt lat="49.5619788" lon="21.6069914">
<ele>384.406</ele>
<time>2026-05-20T15:20:02.315Z</time>
</trkpt>
<trkpt lat="49.5620995" lon="21.6062445">
<ele>382.116</ele>
<time>2026-05-20T15:20:05.274Z</time>
</trkpt>
<trkpt lat="49.5622239" lon="21.6055139">
<ele>380.581</ele>
<time>2026-05-20T15:20:08.206Z</time>
</trkpt>
<trkpt lat="49.5623485" lon="21.6047928">
<ele>380.003</ele>
<time>2026-05-20T15:20:11.150Z</time>
</trkpt>
<trkpt lat="49.5624652" lon="21.6040827">
<ele>380.048</ele>
<time>2026-05-20T15:20:14.101Z</time>
</trkpt>
<trkpt lat="49.5625784" lon="21.6033728">
<ele>380.660</ele>
<time>2026-05-20T15:20:17.089Z</time>
</trkpt>
<trkpt lat="49.5626958" lon="21.6026668">
<ele>381.828</ele>
<time>2026-05-20T15:20:20.091Z</time>
</trkpt>
<trkpt lat="49.5628143" lon="21.6019650">
<ele>383.130</ele>
<time>2026-05-20T15:20:23.093Z</time>
</trkpt>
<trkpt lat="49.5629309" lon="21.6012615">
<ele>384.242</ele>
<time>2026-05-20T15:20:26.106Z</time>
</trkpt>
<trkpt lat="49.5630511" lon="21.6005653">
<ele>385.120</ele>
<time>2026-05-20T15:20:29.108Z</time>
</trkpt>
<trkpt lat="49.5631689" lon="21.5998706">
<ele>385.804</ele>
<time>2026-05-20T15:20:32.104Z</time>
</trkpt>
<trkpt lat="49.5632832" lon="21.5991618">
<ele>386.581</ele>
<time>2026-05-20T15:20:35.123Z</time>
</trkpt>
<trkpt lat="49.5634074" lon="21.5984455">
<ele>387.545</ele>
<time>2026-05-20T15:20:38.133Z</time>
</trkpt>
<trkpt lat="49.5635450" lon="21.5977277">
<ele>388.609</ele>
<time>2026-05-20T15:20:41.128Z</time>
</trkpt>
<trkpt lat="49.5636853" lon="21.5970232">
<ele>389.707</ele>
<time>2026-05-20T15:20:44.099Z</time>
</trkpt>
<trkpt lat="49.5638186" lon="21.5963254">
<ele>390.985</ele>
<time>2026-05-20T15:20:47.085Z</time>
</trkpt>
<trkpt lat="49.5639582" lon="21.5956326">
<ele>392.516</ele>
<time>2026-05-20T15:20:50.098Z</time>
</trkpt>
<trkpt lat="49.5640986" lon="21.5949429">
<ele>394.210</ele>
<time>2026-05-20T15:20:53.123Z</time>
</trkpt>
<trkpt lat="49.5642324" lon="21.5942558">
<ele>395.929</ele>
<time>2026-05-20T15:20:56.138Z</time>
</trkpt>
<trkpt lat="49.5643687" lon="21.5935762">
<ele>397.600</ele>
<time>2026-05-20T15:20:59.130Z</time>
</trkpt>
<trkpt lat="49.5645134" lon="21.5928885">
<ele>399.131</ele>
<time>2026-05-20T15:21:02.152Z</time>
</trkpt>
<trkpt lat="49.5646467" lon="21.5922034">
<ele>400.643</ele>
<time>2026-05-20T15:21:05.148Z</time>
</trkpt>
<trkpt lat="49.5647777" lon="21.5915352">
<ele>402.207</ele>
<time>2026-05-20T15:21:08.119Z</time>
</trkpt>
<trkpt lat="49.5649108" lon="21.5908549">
<ele>403.845</ele>
<time>2026-05-20T15:21:11.181Z</time>
</trkpt>
<trkpt lat="49.5650003" lon="21.5904031">
<ele>405.615</ele>
<time>2026-05-20T15:21:13.207Z</time>
</trkpt>
<trkpt lat="49.5651364" lon="21.5897170">
<ele>407.297</ele>
<time>2026-05-20T15:21:16.250Z</time>
</trkpt>
<trkpt lat="49.5652397" lon="21.5892603">
<ele>408.650</ele>
<time>2026-05-20T15:21:18.276Z</time>
</trkpt>
<trkpt lat="49.5653745" lon="21.5888172">
<ele>409.907</ele>
<time>2026-05-20T15:21:20.305Z</time>
</trkpt>
<trkpt lat="49.5655633" lon="21.5881442">
<ele>411.224</ele>
<time>2026-05-20T15:21:23.323Z</time>
</trkpt>
<trkpt lat="49.5657547" lon="21.5874718">
<ele>412.584</ele>
<time>2026-05-20T15:21:26.338Z</time>
</trkpt>
<trkpt lat="49.5659461" lon="21.5868120">
<ele>413.903</ele>
<time>2026-05-20T15:21:29.322Z</time>
</trkpt>
<trkpt lat="49.5661360" lon="21.5861406">
<ele>414.960</ele>
<time>2026-05-20T15:21:32.353Z</time>
</trkpt>
<trkpt lat="49.5663263" lon="21.5854821">
<ele>415.723</ele>
<time>2026-05-20T15:21:35.338Z</time>
</trkpt>
<trkpt lat="49.5665145" lon="21.5848163">
<ele>416.239</ele>
<time>2026-05-20T15:21:38.336Z</time>
</trkpt>
<trkpt lat="49.5667072" lon="21.5841410">
<ele>416.775</ele>
<time>2026-05-20T15:21:41.350Z</time>
</trkpt>
<trkpt lat="49.5669072" lon="21.5834755">
<ele>418.021</ele>
<time>2026-05-20T15:21:44.327Z</time>
</trkpt>
<trkpt lat="49.5671083" lon="21.5827963">
<ele>420.066</ele>
<time>2026-05-20T15:21:47.322Z</time>
</trkpt>
<trkpt lat="49.5673251" lon="21.5820855">
<ele>422.239</ele>
<time>2026-05-20T15:21:50.347Z</time>
</trkpt>
<trkpt lat="49.5675460" lon="21.5813647">
<ele>423.945</ele>
<time>2026-05-20T15:21:53.300Z</time>
</trkpt>
<trkpt lat="49.5677751" lon="21.5806285">
<ele>424.896</ele>
<time>2026-05-20T15:21:56.267Z</time>
</trkpt>
<trkpt lat="49.5680072" lon="21.5798681">
<ele>424.972</ele>
<time>2026-05-20T15:21:59.275Z</time>
</trkpt>
<trkpt lat="49.5682545" lon="21.5791072">
<ele>423.850</ele>
<time>2026-05-20T15:22:02.290Z</time>
</trkpt>
<trkpt lat="49.5684964" lon="21.5783257">
<ele>421.220</ele>
<time>2026-05-20T15:22:05.334Z</time>
</trkpt>
<trkpt lat="49.5687440" lon="21.5775294">
<ele>417.643</ele>
<time>2026-05-20T15:22:08.400Z</time>
</trkpt>
<trkpt lat="49.5689944" lon="21.5767074">
<ele>414.286</ele>
<time>2026-05-20T15:22:11.490Z</time>
</trkpt>
<trkpt lat="49.5692310" lon="21.5758935">
<ele>411.755</ele>
<time>2026-05-20T15:22:14.526Z</time>
</trkpt>
<trkpt lat="49.5694541" lon="21.5751698">
<ele>410.012</ele>
<time>2026-05-20T15:22:17.399Z</time>
</trkpt>
<trkpt lat="49.5696757" lon="21.5744927">
<ele>409.016</ele>
<time>2026-05-20T15:22:20.341Z</time>
</trkpt>
<trkpt lat="49.5698718" lon="21.5738672">
<ele>408.827</ele>
<time>2026-05-20T15:22:23.275Z</time>
</trkpt>
<trkpt lat="49.5700565" lon="21.5732797">
<ele>409.432</ele>
<time>2026-05-20T15:22:26.255Z</time>
</trkpt>
<trkpt lat="49.5702313" lon="21.5726737">
<ele>410.730</ele>
<time>2026-05-20T15:22:29.312Z</time>
</trkpt>
<trkpt lat="49.5704108" lon="21.5720477">
<ele>412.186</ele>
<time>2026-05-20T15:22:32.352Z</time>
</trkpt>
<trkpt lat="49.5706150" lon="21.5714327">
<ele>413.321</ele>
<time>2026-05-20T15:22:35.345Z</time>
</trkpt>
<trkpt lat="49.5708083" lon="21.5708013">
<ele>414.345</ele>
<time>2026-05-20T15:22:38.339Z</time>
</trkpt>
<trkpt lat="49.5710068" lon="21.5701639">
<ele>415.759</ele>
<time>2026-05-20T15:22:41.337Z</time>
</trkpt>
<trkpt lat="49.5711999" lon="21.5695305">
<ele>417.831</ele>
<time>2026-05-20T15:22:44.294Z</time>
</trkpt>
<trkpt lat="49.5714022" lon="21.5689176">
<ele>420.472</ele>
<time>2026-05-20T15:22:47.239Z</time>
</trkpt>
<trkpt lat="49.5716278" lon="21.5683233">
<ele>423.324</ele>
<time>2026-05-20T15:22:50.267Z</time>
</trkpt>
<trkpt lat="49.5719140" lon="21.5678105">
<ele>425.773</ele>
<time>2026-05-20T15:22:53.268Z</time>
</trkpt>
<trkpt lat="49.5722401" lon="21.5672646">
<ele>426.700</ele>
<time>2026-05-20T15:22:56.386Z</time>
</trkpt>
<trkpt lat="49.5725809" lon="21.5666726">
<ele>425.503</ele>
<time>2026-05-20T15:22:59.478Z</time>
</trkpt>
<trkpt lat="49.5729405" lon="21.5660655">
<ele>423.077</ele>
<time>2026-05-20T15:23:02.559Z</time>
</trkpt>
<trkpt lat="49.5732925" lon="21.5654851">
<ele>420.648</ele>
<time>2026-05-20T15:23:05.530Z</time>
</trkpt>
<trkpt lat="49.5736343" lon="21.5649036">
<ele>418.777</ele>
<time>2026-05-20T15:23:08.490Z</time>
</trkpt>
<trkpt lat="49.5739832" lon="21.5642901">
<ele>417.283</ele>
<time>2026-05-20T15:23:11.487Z</time>
</trkpt>
<trkpt lat="49.5743588" lon="21.5636443">
<ele>415.404</ele>
<time>2026-05-20T15:23:14.524Z</time>
</trkpt>
<trkpt lat="49.5747447" lon="21.5630028">
<ele>412.651</ele>
<time>2026-05-20T15:23:17.513Z</time>
</trkpt>
<trkpt lat="49.5750062" lon="21.5625741">
<ele>409.313</ele>
<time>2026-05-20T15:23:19.521Z</time>
</trkpt>
<trkpt lat="49.5752649" lon="21.5621470">
<ele>405.858</ele>
<time>2026-05-20T15:23:21.531Z</time>
</trkpt>
<trkpt lat="49.5755189" lon="21.5617196">
<ele>402.619</ele>
<time>2026-05-20T15:23:23.545Z</time>
</trkpt>
<trkpt lat="49.5757707" lon="21.5612835">
<ele>399.880</ele>
<time>2026-05-20T15:23:25.585Z</time>
</trkpt>
<trkpt lat="49.5761441" lon="21.5606533">
<ele>397.971</ele>
<time>2026-05-20T15:23:28.579Z</time>
</trkpt>
<trkpt lat="49.5765132" lon="21.5600290">
<ele>396.971</ele>
<time>2026-05-20T15:23:31.549Z</time>
</trkpt>
<trkpt lat="49.5767600" lon="21.5596065">
<ele>396.198</ele>
<time>2026-05-20T15:23:33.536Z</time>
</trkpt>
<trkpt lat="49.5771309" lon="21.5589744">
<ele>394.861</ele>
<time>2026-05-20T15:23:36.498Z</time>
</trkpt>
<trkpt lat="49.5775143" lon="21.5583327">
<ele>393.053</ele>
<time>2026-05-20T15:23:39.493Z</time>
</trkpt>
<trkpt lat="49.5779098" lon="21.5576747">
<ele>391.222</ele>
<time>2026-05-20T15:23:42.506Z</time>
</trkpt>
<trkpt lat="49.5783137" lon="21.5570119">
<ele>389.637</ele>
<time>2026-05-20T15:23:45.518Z</time>
</trkpt>
<trkpt lat="49.5787014" lon="21.5563543">
<ele>388.533</ele>
<time>2026-05-20T15:23:48.497Z</time>
</trkpt>
<trkpt lat="49.5790768" lon="21.5557237">
<ele>387.572</ele>
<time>2026-05-20T15:23:51.464Z</time>
</trkpt>
<trkpt lat="49.5794459" lon="21.5551012">
<ele>386.142</ele>
<time>2026-05-20T15:23:54.490Z</time>
</trkpt>
<trkpt lat="49.5797913" lon="21.5545230">
<ele>384.381</ele>
<time>2026-05-20T15:23:57.437Z</time>
</trkpt>
<trkpt lat="49.5801314" lon="21.5539786">
<ele>382.849</ele>
<time>2026-05-20T15:24:00.376Z</time>
</trkpt>
<trkpt lat="49.5805141" lon="21.5534620">
<ele>381.789</ele>
<time>2026-05-20T15:24:03.390Z</time>
</trkpt>
<trkpt lat="49.5809268" lon="21.5529568">
<ele>381.062</ele>
<time>2026-05-20T15:24:06.388Z</time>
</trkpt>
<trkpt lat="49.5813542" lon="21.5524390">
<ele>379.947</ele>
<time>2026-05-20T15:24:09.378Z</time>
</trkpt>
<trkpt lat="49.5817834" lon="21.5519130">
<ele>377.797</ele>
<time>2026-05-20T15:24:12.341Z</time>
</trkpt>
<trkpt lat="49.5822175" lon="21.5513709">
<ele>374.466</ele>
<time>2026-05-20T15:24:15.347Z</time>
</trkpt>
<trkpt lat="49.5826515" lon="21.5508334">
<ele>370.343</ele>
<time>2026-05-20T15:24:18.358Z</time>
</trkpt>
<trkpt lat="49.5830830" lon="21.5503055">
<ele>366.241</ele>
<time>2026-05-20T15:24:21.376Z</time>
</trkpt>
<trkpt lat="49.5835103" lon="21.5497871">
<ele>362.481</ele>
<time>2026-05-20T15:24:24.395Z</time>
</trkpt>
<trkpt lat="49.5839352" lon="21.5492690">
<ele>358.749</ele>
<time>2026-05-20T15:24:27.431Z</time>
</trkpt>
<trkpt lat="49.5843519" lon="21.5487431">
<ele>354.930</ele>
<time>2026-05-20T15:24:30.473Z</time>
</trkpt>
<trkpt lat="49.5847597" lon="21.5482375">
<ele>351.469</ele>
<time>2026-05-20T15:24:33.455Z</time>
</trkpt>
<trkpt lat="49.5851672" lon="21.5477315">
<ele>349.117</ele>
<time>2026-05-20T15:24:36.452Z</time>
</trkpt>
<trkpt lat="49.5855718" lon="21.5472251">
<ele>348.021</ele>
<time>2026-05-20T15:24:39.447Z</time>
</trkpt>
<trkpt lat="49.5859705" lon="21.5467277">
<ele>347.572</ele>
<time>2026-05-20T15:24:42.431Z</time>
</trkpt>
<trkpt lat="49.5863582" lon="21.5462401">
<ele>347.366</ele>
<time>2026-05-20T15:24:45.407Z</time>
</trkpt>
<trkpt lat="49.5867386" lon="21.5457945">
<ele>347.303</ele>
<time>2026-05-20T15:24:48.338Z</time>
</trkpt>
<trkpt lat="49.5871163" lon="21.5453234">
<ele>347.309</ele>
<time>2026-05-20T15:24:51.358Z</time>
</trkpt>
<trkpt lat="49.5874973" lon="21.5448516">
<ele>347.274</ele>
<time>2026-05-20T15:24:54.368Z</time>
</trkpt>
<trkpt lat="49.5878807" lon="21.5443707">
<ele>346.827</ele>
<time>2026-05-20T15:24:57.376Z</time>
</trkpt>
<trkpt lat="49.5882782" lon="21.5438740">
<ele>345.723</ele>
<time>2026-05-20T15:25:00.424Z</time>
</trkpt>
<trkpt lat="49.5886887" lon="21.5433657">
<ele>343.806</ele>
<time>2026-05-20T15:25:03.479Z</time>
</trkpt>
<trkpt lat="49.5890964" lon="21.5428535">
<ele>340.820</ele>
<time>2026-05-20T15:25:06.486Z</time>
</trkpt>
<trkpt lat="49.5895086" lon="21.5423448">
<ele>337.101</ele>
<time>2026-05-20T15:25:09.486Z</time>
</trkpt>
<trkpt lat="49.5899181" lon="21.5418364">
<ele>333.681</ele>
<time>2026-05-20T15:25:12.464Z</time>
</trkpt>
<trkpt lat="49.5903234" lon="21.5413209">
<ele>331.277</ele>
<time>2026-05-20T15:25:15.440Z</time>
</trkpt>
<trkpt lat="49.5907286" lon="21.5408104">
<ele>329.733</ele>
<time>2026-05-20T15:25:18.411Z</time>
</trkpt>
<trkpt lat="49.5911341" lon="21.5403084">
<ele>328.410</ele>
<time>2026-05-20T15:25:21.375Z</time>
</trkpt>
<trkpt lat="49.5915414" lon="21.5397958">
<ele>327.021</ele>
<time>2026-05-20T15:25:24.373Z</time>
</trkpt>
<trkpt lat="49.5918196" lon="21.5394452">
<ele>325.672</ele>
<time>2026-05-20T15:25:26.398Z</time>
</trkpt>
<trkpt lat="49.5922397" lon="21.5389144">
<ele>324.346</ele>
<time>2026-05-20T15:25:29.411Z</time>
</trkpt>
<trkpt lat="49.5926743" lon="21.5383707">
<ele>322.787</ele>
<time>2026-05-20T15:25:32.479Z</time>
</trkpt>
<trkpt lat="49.5930812" lon="21.5378605">
<ele>320.893</ele>
<time>2026-05-20T15:25:35.433Z</time>
</trkpt>
<trkpt lat="49.5934526" lon="21.5373899">
<ele>318.789</ele>
<time>2026-05-20T15:25:38.328Z</time>
</trkpt>
<trkpt lat="49.5938005" lon="21.5369618">
<ele>316.497</ele>
<time>2026-05-20T15:25:41.192Z</time>
</trkpt>
<trkpt lat="49.5941503" lon="21.5365297">
<ele>314.059</ele>
<time>2026-05-20T15:25:44.152Z</time>
</trkpt>
<trkpt lat="49.5945121" lon="21.5360627">
<ele>311.878</ele>
<time>2026-05-20T15:25:47.196Z</time>
</trkpt>
<trkpt lat="49.5948922" lon="21.5355919">
<ele>310.467</ele>
<time>2026-05-20T15:25:50.255Z</time>
</trkpt>
<trkpt lat="49.5952794" lon="21.5351183">
<ele>309.739</ele>
<time>2026-05-20T15:25:53.320Z</time>
</trkpt>
<trkpt lat="49.5956633" lon="21.5346297">
<ele>309.081</ele>
<time>2026-05-20T15:25:56.375Z</time>
</trkpt>
<trkpt lat="49.5960570" lon="21.5341351">
<ele>308.103</ele>
<time>2026-05-20T15:25:59.426Z</time>
</trkpt>
<trkpt lat="49.5964542" lon="21.5336321">
<ele>306.795</ele>
<time>2026-05-20T15:26:02.457Z</time>
</trkpt>
<trkpt lat="49.5968519" lon="21.5331170">
<ele>305.471</ele>
<time>2026-05-20T15:26:05.467Z</time>
</trkpt>
<trkpt lat="49.5972623" lon="21.5326024">
<ele>304.338</ele>
<time>2026-05-20T15:26:08.493Z</time>
</trkpt>
<trkpt lat="49.5976644" lon="21.5321017">
<ele>303.210</ele>
<time>2026-05-20T15:26:11.469Z</time>
</trkpt>
<trkpt lat="49.5980667" lon="21.5316060">
<ele>301.990</ele>
<time>2026-05-20T15:26:14.476Z</time>
</trkpt>
<trkpt lat="49.5984645" lon="21.5310974">
<ele>301.099</ele>
<time>2026-05-20T15:26:17.491Z</time>
</trkpt>
<trkpt lat="49.5988604" lon="21.5306022">
<ele>300.874</ele>
<time>2026-05-20T15:26:20.458Z</time>
</trkpt>
<trkpt lat="49.5992578" lon="21.5301047">
<ele>301.321</ele>
<time>2026-05-20T15:26:23.443Z</time>
</trkpt>
<trkpt lat="49.5996551" lon="21.5296049">
<ele>302.240</ele>
<time>2026-05-20T15:26:26.455Z</time>
</trkpt>
<trkpt lat="49.6000422" lon="21.5291163">
<ele>303.224</ele>
<time>2026-05-20T15:26:29.471Z</time>
</trkpt>
<trkpt lat="49.6004100" lon="21.5286479">
<ele>303.940</ele>
<time>2026-05-20T15:26:32.460Z</time>
</trkpt>
<trkpt lat="49.6007699" lon="21.5281882">
<ele>304.516</ele>
<time>2026-05-20T15:26:35.475Z</time>
</trkpt>
<trkpt lat="49.6011202" lon="21.5277294">
<ele>305.113</ele>
<time>2026-05-20T15:26:38.491Z</time>
</trkpt>
<trkpt lat="49.6014855" lon="21.5272997">
<ele>305.866</ele>
<time>2026-05-20T15:26:41.549Z</time>
</trkpt>
<trkpt lat="49.6018212" lon="21.5268759">
<ele>306.790</ele>
<time>2026-05-20T15:26:44.514Z</time>
</trkpt>
<trkpt lat="49.6021496" lon="21.5264684">
<ele>307.936</ele>
<time>2026-05-20T15:26:47.489Z</time>
</trkpt>
<trkpt lat="49.6024691" lon="21.5260708">
<ele>309.262</ele>
<time>2026-05-20T15:26:50.458Z</time>
</trkpt>
<trkpt lat="49.6027810" lon="21.5256884">
<ele>310.324</ele>
<time>2026-05-20T15:26:53.454Z</time>
</trkpt>
<trkpt lat="49.6030526" lon="21.5253581">
<ele>310.696</ele>
<time>2026-05-20T15:26:56.315Z</time>
</trkpt>
<trkpt lat="49.6032471" lon="21.5250480">
<ele>310.560</ele>
<time>2026-05-20T15:26:59.021Z</time>
</trkpt>
<trkpt lat="49.6033399" lon="21.5246728">
<ele>310.315</ele>
<time>2026-05-20T15:27:01.940Z</time>
</trkpt>
<trkpt lat="49.6033897" lon="21.5242958">
<ele>310.267</ele>
<time>2026-05-20T15:27:04.962Z</time>
</trkpt>
<trkpt lat="49.6034362" lon="21.5240088">
<ele>310.441</ele>
<time>2026-05-20T15:27:07.618Z</time>
</trkpt>
<trkpt lat="49.6035026" lon="21.5238228">
<ele>310.676</ele>
<time>2026-05-20T15:27:10.033Z</time>
</trkpt>
<trkpt lat="49.6035847" lon="21.5237149">
<ele>310.876</ele>
<time>2026-05-20T15:27:12.796Z</time>
</trkpt>
<trkpt lat="49.6037221" lon="21.5237771">
<ele>311.147</ele>
<time>2026-05-20T15:27:17.339Z</time>
</trkpt>
<trkpt lat="49.6039070" lon="21.5238796">
<ele>311.577</ele>
<time>2026-05-20T15:27:21.668Z</time>
</trkpt>
<trkpt lat="49.6041303" lon="21.5239647">
<ele>312.022</ele>
<time>2026-05-20T15:27:25.013Z</time>
</trkpt>
<trkpt lat="49.6043711" lon="21.5240542">
<ele>312.213</ele>
<time>2026-05-20T15:27:28.134Z</time>
</trkpt>
<trkpt lat="49.6046166" lon="21.5241483">
<ele>311.934</ele>
<time>2026-05-20T15:27:31.192Z</time>
</trkpt>
<trkpt lat="49.6048493" lon="21.5242456">
<ele>311.163</ele>
<time>2026-05-20T15:27:34.131Z</time>
</trkpt>
<trkpt lat="49.6050169" lon="21.5243157">
<ele>310.035</ele>
<time>2026-05-20T15:27:36.204Z</time>
</trkpt>
<trkpt lat="49.6052817" lon="21.5244289">
<ele>308.761</ele>
<time>2026-05-20T15:27:39.308Z</time>
</trkpt>
<trkpt lat="49.6054641" lon="21.5244848">
<ele>307.482</ele>
<time>2026-05-20T15:27:41.362Z</time>
</trkpt>
<trkpt lat="49.6057278" lon="21.5245809">
<ele>306.141</ele>
<time>2026-05-20T15:27:44.424Z</time>
</trkpt>
<trkpt lat="49.6059581" lon="21.5247154">
<ele>304.494</ele>
<time>2026-05-20T15:27:47.376Z</time>
</trkpt>
<trkpt lat="49.6061731" lon="21.5249040">
<ele>302.218</ele>
<time>2026-05-20T15:27:50.495Z</time>
</trkpt>
<trkpt lat="49.6063713" lon="21.5251186">
<ele>299.286</ele>
<time>2026-05-20T15:27:53.625Z</time>
</trkpt>
<trkpt lat="49.6065473" lon="21.5253196">
<ele>296.076</ele>
<time>2026-05-20T15:27:56.699Z</time>
</trkpt>
<trkpt lat="49.6066899" lon="21.5254893">
<ele>293.040</ele>
<time>2026-05-20T15:27:59.811Z</time>
</trkpt>
<trkpt lat="49.6067667" lon="21.5255675">
<ele>290.516</ele>
<time>2026-05-20T15:28:01.893Z</time>
</trkpt>
<trkpt lat="49.6067667" lon="21.5255675">
<ele>288.799</ele>
<time>2026-05-20T15:28:07.893Z</time>
</trkpt>
<trkpt lat="49.6067667" lon="21.5255675">
<ele>288.039</ele>
<time>2026-05-20T15:29:26.927Z</time>
</trkpt>
<trkpt lat="49.6069540" lon="21.5257444">
<ele>288.109</ele>
<time>2026-05-20T15:29:35.160Z</time>
</trkpt>
<trkpt lat="49.6070305" lon="21.5258967">
<ele>288.553</ele>
<time>2026-05-20T15:29:37.283Z</time>
</trkpt>
<trkpt lat="49.6070999" lon="21.5260579">
<ele>288.908</ele>
<time>2026-05-20T15:29:39.772Z</time>
</trkpt>
<trkpt lat="49.6071852" lon="21.5261511">
<ele>288.930</ele>
<time>2026-05-20T15:29:42.465Z</time>
</trkpt>
<trkpt lat="49.6072890" lon="21.5260423">
<ele>288.675</ele>
<time>2026-05-20T15:29:44.997Z</time>
</trkpt>
<trkpt lat="49.6074050" lon="21.5259032">
<ele>288.386</ele>
<time>2026-05-20T15:29:46.954Z</time>
</trkpt>
<trkpt lat="49.6075382" lon="21.5257335">
<ele>288.443</ele>
<time>2026-05-20T15:29:48.846Z</time>
</trkpt>
<trkpt lat="49.6076716" lon="21.5255053">
<ele>289.004</ele>
<time>2026-05-20T15:29:50.829Z</time>
</trkpt>
<trkpt lat="49.6078210" lon="21.5252811">
<ele>289.663</ele>
<time>2026-05-20T15:29:52.815Z</time>
</trkpt>
<trkpt lat="49.6079619" lon="21.5250331">
<ele>289.861</ele>
<time>2026-05-20T15:29:54.796Z</time>
</trkpt>
<trkpt lat="49.6080973" lon="21.5247505">
<ele>289.429</ele>
<time>2026-05-20T15:29:56.821Z</time>
</trkpt>
<trkpt lat="49.6082185" lon="21.5244320">
<ele>288.485</ele>
<time>2026-05-20T15:29:58.826Z</time>
</trkpt>
<trkpt lat="49.6083254" lon="21.5240800">
<ele>287.435</ele>
<time>2026-05-20T15:30:00.811Z</time>
</trkpt>
<trkpt lat="49.6084256" lon="21.5237031">
<ele>286.744</ele>
<time>2026-05-20T15:30:02.775Z</time>
</trkpt>
<trkpt lat="49.6085112" lon="21.5232865">
<ele>286.489</ele>
<time>2026-05-20T15:30:04.768Z</time>
</trkpt>
<trkpt lat="49.6085820" lon="21.5228383">
<ele>286.392</ele>
<time>2026-05-20T15:30:06.801Z</time>
</trkpt>
<trkpt lat="49.6086258" lon="21.5223863">
<ele>286.081</ele>
<time>2026-05-20T15:30:08.819Z</time>
</trkpt>
<trkpt lat="49.6086361" lon="21.5219455">
<ele>285.374</ele>
<time>2026-05-20T15:30:10.798Z</time>
</trkpt>
<trkpt lat="49.6086323" lon="21.5215086">
<ele>284.528</ele>
<time>2026-05-20T15:30:12.813Z</time>
</trkpt>
<trkpt lat="49.6085986" lon="21.5210910">
<ele>283.932</ele>
<time>2026-05-20T15:30:14.871Z</time>
</trkpt>
<trkpt lat="49.6085629" lon="21.5207122">
<ele>283.549</ele>
<time>2026-05-20T15:30:16.898Z</time>
</trkpt>
<trkpt lat="49.6085254" lon="21.5203639">
<ele>283.152</ele>
<time>2026-05-20T15:30:18.884Z</time>
</trkpt>
<trkpt lat="49.6084867" lon="21.5200304">
<ele>282.808</ele>
<time>2026-05-20T15:30:20.851Z</time>
</trkpt>
<trkpt lat="49.6084539" lon="21.5196952">
<ele>282.766</ele>
<time>2026-05-20T15:30:22.901Z</time>
</trkpt>
<trkpt lat="49.6084301" lon="21.5193772">
<ele>283.087</ele>
<time>2026-05-20T15:30:25.066Z</time>
</trkpt>
<trkpt lat="49.6084163" lon="21.5191094">
<ele>283.606</ele>
<time>2026-05-20T15:30:27.217Z</time>
</trkpt>
<trkpt lat="49.6084229" lon="21.5188824">
<ele>284.068</ele>
<time>2026-05-20T15:30:29.328Z</time>
</trkpt>
<trkpt lat="49.6084483" lon="21.5186867">
<ele>284.291</ele>
<time>2026-05-20T15:30:31.274Z</time>
</trkpt>
<trkpt lat="49.6084657" lon="21.5184827">
<ele>284.253</ele>
<time>2026-05-20T15:30:33.195Z</time>
</trkpt>
<trkpt lat="49.6084766" lon="21.5182627">
<ele>284.183</ele>
<time>2026-05-20T15:30:35.135Z</time>
</trkpt>
<trkpt lat="49.6084927" lon="21.5179125">
<ele>284.305</ele>
<time>2026-05-20T15:30:38.065Z</time>
</trkpt>
<trkpt lat="49.6085115" lon="21.5175330">
<ele>284.706</ele>
<time>2026-05-20T15:30:40.971Z</time>
</trkpt>
<trkpt lat="49.6085303" lon="21.5171031">
<ele>285.340</ele>
<time>2026-05-20T15:30:43.934Z</time>
</trkpt>
<trkpt lat="49.6085565" lon="21.5166324">
<ele>286.088</ele>
<time>2026-05-20T15:30:46.915Z</time>
</trkpt>
<trkpt lat="49.6085866" lon="21.5161410">
<ele>286.905</ele>
<time>2026-05-20T15:30:49.868Z</time>
</trkpt>
<trkpt lat="49.6086202" lon="21.5156324">
<ele>287.694</ele>
<time>2026-05-20T15:30:52.900Z</time>
</trkpt>
<trkpt lat="49.6086576" lon="21.5151495">
<ele>288.435</ele>
<time>2026-05-20T15:30:55.869Z</time>
</trkpt>
<trkpt lat="49.6087048" lon="21.5146785">
<ele>289.714</ele>
<time>2026-05-20T15:30:58.817Z</time>
</trkpt>
<trkpt lat="49.6087637" lon="21.5141998">
<ele>291.989</ele>
<time>2026-05-20T15:31:01.776Z</time>
</trkpt>
<trkpt lat="49.6088200" lon="21.5137032">
<ele>294.727</ele>
<time>2026-05-20T15:31:04.771Z</time>
</trkpt>
<trkpt lat="49.6088750" lon="21.5132080">
<ele>296.992</ele>
<time>2026-05-20T15:31:07.687Z</time>
</trkpt>
<trkpt lat="49.6089368" lon="21.5126851">
<ele>298.270</ele>
<time>2026-05-20T15:31:10.661Z</time>
</trkpt>
<trkpt lat="49.6090045" lon="21.5121387">
<ele>298.645</ele>
<time>2026-05-20T15:31:13.660Z</time>
</trkpt>
<trkpt lat="49.6090687" lon="21.5115803">
<ele>298.610</ele>
<time>2026-05-20T15:31:16.649Z</time>
</trkpt>
<trkpt lat="49.6091343" lon="21.5110133">
<ele>298.640</ele>
<time>2026-05-20T15:31:19.655Z</time>
</trkpt>
<trkpt lat="49.6092020" lon="21.5104523">
<ele>298.930</ele>
<time>2026-05-20T15:31:22.585Z</time>
</trkpt>
<trkpt lat="49.6092600" lon="21.5098624">
<ele>299.473</ele>
<time>2026-05-20T15:31:25.541Z</time>
</trkpt>
<trkpt lat="49.6093237" lon="21.5092441">
<ele>300.256</ele>
<time>2026-05-20T15:31:28.516Z</time>
</trkpt>
<trkpt lat="49.6093877" lon="21.5086037">
<ele>301.215</ele>
<time>2026-05-20T15:31:31.504Z</time>
</trkpt>
<trkpt lat="49.6094502" lon="21.5079581">
<ele>302.299</ele>
<time>2026-05-20T15:31:34.470Z</time>
</trkpt>
<trkpt lat="49.6095145" lon="21.5073034">
<ele>303.498</ele>
<time>2026-05-20T15:31:37.446Z</time>
</trkpt>
<trkpt lat="49.6095803" lon="21.5066294">
<ele>304.756</ele>
<time>2026-05-20T15:31:40.447Z</time>
</trkpt>
<trkpt lat="49.6096455" lon="21.5059251">
<ele>305.851</ele>
<time>2026-05-20T15:31:43.471Z</time>
</trkpt>
<trkpt lat="49.6096876" lon="21.5054257">
<ele>305.957</ele>
<time>2026-05-20T15:31:45.532Z</time>
</trkpt>
<trkpt lat="49.6097403" lon="21.5046827">
<ele>304.406</ele>
<time>2026-05-20T15:31:48.583Z</time>
</trkpt>
<trkpt lat="49.6097738" lon="21.5041948">
<ele>301.788</ele>
<time>2026-05-20T15:31:50.605Z</time>
</trkpt>
<trkpt lat="49.6098220" lon="21.5034740">
<ele>299.311</ele>
<time>2026-05-20T15:31:53.568Z</time>
</trkpt>
<trkpt lat="49.6098756" lon="21.5027231">
<ele>297.532</ele>
<time>2026-05-20T15:31:56.577Z</time>
</trkpt>
<trkpt lat="49.6099298" lon="21.5019536">
<ele>295.896</ele>
<time>2026-05-20T15:31:59.554Z</time>
</trkpt>
<trkpt lat="49.6099760" lon="21.5011673">
<ele>293.623</ele>
<time>2026-05-20T15:32:02.521Z</time>
</trkpt>
<trkpt lat="49.6100279" lon="21.5003889">
<ele>290.907</ele>
<time>2026-05-20T15:32:05.479Z</time>
</trkpt>
<trkpt lat="49.6100830" lon="21.4996334">
<ele>288.621</ele>
<time>2026-05-20T15:32:08.418Z</time>
</trkpt>
<trkpt lat="49.6101330" lon="21.4988687">
<ele>287.295</ele>
<time>2026-05-20T15:32:11.379Z</time>
</trkpt>
<trkpt lat="49.6101782" lon="21.4980629">
<ele>286.539</ele>
<time>2026-05-20T15:32:14.393Z</time>
</trkpt>
<trkpt lat="49.6102247" lon="21.4972432">
<ele>285.488</ele>
<time>2026-05-20T15:32:17.392Z</time>
</trkpt>
<trkpt lat="49.6102737" lon="21.4964333">
<ele>283.999</ele>
<time>2026-05-20T15:32:20.353Z</time>
</trkpt>
<trkpt lat="49.6103222" lon="21.4956156">
<ele>282.676</ele>
<time>2026-05-20T15:32:23.341Z</time>
</trkpt>
<trkpt lat="49.6103694" lon="21.4947892">
<ele>281.893</ele>
<time>2026-05-20T15:32:26.340Z</time>
</trkpt>
<trkpt lat="49.6104070" lon="21.4939540">
<ele>281.171</ele>
<time>2026-05-20T15:32:29.359Z</time>
</trkpt>
<trkpt lat="49.6104464" lon="21.4931313">
<ele>279.913</ele>
<time>2026-05-20T15:32:32.359Z</time>
</trkpt>
<trkpt lat="49.6104898" lon="21.4923232">
<ele>278.335</ele>
<time>2026-05-20T15:32:35.351Z</time>
</trkpt>
<trkpt lat="49.6105349" lon="21.4915258">
<ele>277.128</ele>
<time>2026-05-20T15:32:38.350Z</time>
</trkpt>
<trkpt lat="49.6105756" lon="21.4907459">
<ele>276.565</ele>
<time>2026-05-20T15:32:41.348Z</time>
</trkpt>
<trkpt lat="49.6106214" lon="21.4900024">
<ele>276.490</ele>
<time>2026-05-20T15:32:44.314Z</time>
</trkpt>
<trkpt lat="49.6106629" lon="21.4892884">
<ele>276.629</ele>
<time>2026-05-20T15:32:47.273Z</time>
</trkpt>
<trkpt lat="49.6107067" lon="21.4885964">
<ele>276.806</ele>
<time>2026-05-20T15:32:50.199Z</time>
</trkpt>
<trkpt lat="49.6107521" lon="21.4878940">
<ele>276.869</ele>
<time>2026-05-20T15:32:53.169Z</time>
</trkpt>
<trkpt lat="49.6107903" lon="21.4871953">
<ele>276.760</ele>
<time>2026-05-20T15:32:56.120Z</time>
</trkpt>
<trkpt lat="49.6108314" lon="21.4864933">
<ele>276.659</ele>
<time>2026-05-20T15:32:59.101Z</time>
</trkpt>
<trkpt lat="49.6108799" lon="21.4857715">
<ele>276.719</ele>
<time>2026-05-20T15:33:02.147Z</time>
</trkpt>
<trkpt lat="49.6109292" lon="21.4850266">
<ele>276.872</ele>
<time>2026-05-20T15:33:05.257Z</time>
</trkpt>
<trkpt lat="49.6109719" lon="21.4842894">
<ele>276.947</ele>
<time>2026-05-20T15:33:08.284Z</time>
</trkpt>
<trkpt lat="49.6110194" lon="21.4835125">
<ele>276.934</ele>
<time>2026-05-20T15:33:11.381Z</time>
</trkpt>
<trkpt lat="49.6110668" lon="21.4827605">
<ele>276.969</ele>
<time>2026-05-20T15:33:14.341Z</time>
</trkpt>
<trkpt lat="49.6111308" lon="21.4820284">
<ele>277.295</ele>
<time>2026-05-20T15:33:17.274Z</time>
</trkpt>
<trkpt lat="49.6112485" lon="21.4813126">
<ele>278.151</ele>
<time>2026-05-20T15:33:20.244Z</time>
</trkpt>
<trkpt lat="49.6113773" lon="21.4805898">
<ele>279.360</ele>
<time>2026-05-20T15:33:23.255Z</time>
</trkpt>
<trkpt lat="49.6114860" lon="21.4798605">
<ele>280.332</ele>
<time>2026-05-20T15:33:26.246Z</time>
</trkpt>
<trkpt lat="49.6115466" lon="21.4791079">
<ele>280.763</ele>
<time>2026-05-20T15:33:29.275Z</time>
</trkpt>
<trkpt lat="49.6115976" lon="21.4783613">
<ele>280.791</ele>
<time>2026-05-20T15:33:32.277Z</time>
</trkpt>
<trkpt lat="49.6116487" lon="21.4776121">
<ele>280.674</ele>
<time>2026-05-20T15:33:35.301Z</time>
</trkpt>
<trkpt lat="49.6116933" lon="21.4768698">
<ele>280.647</ele>
<time>2026-05-20T15:33:38.315Z</time>
</trkpt>
<trkpt lat="49.6117456" lon="21.4761300">
<ele>281.103</ele>
<time>2026-05-20T15:33:41.337Z</time>
</trkpt>
<trkpt lat="49.6117925" lon="21.4753773">
<ele>282.188</ele>
<time>2026-05-20T15:33:44.396Z</time>
</trkpt>
<trkpt lat="49.6118407" lon="21.4746338">
<ele>283.507</ele>
<time>2026-05-20T15:33:47.409Z</time>
</trkpt>
<trkpt lat="49.6118927" lon="21.4738847">
<ele>284.647</ele>
<time>2026-05-20T15:33:50.456Z</time>
</trkpt>
<trkpt lat="49.6119890" lon="21.4731633">
<ele>285.479</ele>
<time>2026-05-20T15:33:53.498Z</time>
</trkpt>
<trkpt lat="49.6121042" lon="21.4724865">
<ele>286.229</ele>
<time>2026-05-20T15:33:56.519Z</time>
</trkpt>
<trkpt lat="49.6121689" lon="21.4720562">
<ele>287.606</ele>
<time>2026-05-20T15:33:58.538Z</time>
</trkpt>
<trkpt lat="49.6121844" lon="21.4716338">
<ele>289.844</ele>
<time>2026-05-20T15:34:00.510Z</time>
</trkpt>
<trkpt lat="49.6121431" lon="21.4710050">
<ele>292.194</ele>
<time>2026-05-20T15:34:03.437Z</time>
</trkpt>
<trkpt lat="49.6120849" lon="21.4703498">
<ele>293.936</ele>
<time>2026-05-20T15:34:06.420Z</time>
</trkpt>
<trkpt lat="49.6120424" lon="21.4696673">
<ele>294.999</ele>
<time>2026-05-20T15:34:09.409Z</time>
</trkpt>
<trkpt lat="49.6120126" lon="21.4689567">
<ele>295.679</ele>
<time>2026-05-20T15:34:12.405Z</time>
</trkpt>
<trkpt lat="49.6119813" lon="21.4682077">
<ele>296.227</ele>
<time>2026-05-20T15:34:15.445Z</time>
</trkpt>
<trkpt lat="49.6119528" lon="21.4674341">
<ele>296.545</ele>
<time>2026-05-20T15:34:18.498Z</time>
</trkpt>
<trkpt lat="49.6119273" lon="21.4666608">
<ele>296.512</ele>
<time>2026-05-20T15:34:21.529Z</time>
</trkpt>
<trkpt lat="49.6119003" lon="21.4658998">
<ele>296.337</ele>
<time>2026-05-20T15:34:24.553Z</time>
</trkpt>
<trkpt lat="49.6118760" lon="21.4651511">
<ele>296.389</ele>
<time>2026-05-20T15:34:27.600Z</time>
</trkpt>
<trkpt lat="49.6118455" lon="21.4644130">
<ele>296.955</ele>
<time>2026-05-20T15:34:30.637Z</time>
</trkpt>
<trkpt lat="49.6118204" lon="21.4636740">
<ele>298.057</ele>
<time>2026-05-20T15:34:33.648Z</time>
</trkpt>
<trkpt lat="49.6117945" lon="21.4629389">
<ele>299.463</ele>
<time>2026-05-20T15:34:36.609Z</time>
</trkpt>
<trkpt lat="49.6117698" lon="21.4622070">
<ele>300.857</ele>
<time>2026-05-20T15:34:39.537Z</time>
</trkpt>
<trkpt lat="49.6117429" lon="21.4614684">
<ele>302.006</ele>
<time>2026-05-20T15:34:42.483Z</time>
</trkpt>
<trkpt lat="49.6117190" lon="21.4607285">
<ele>302.883</ele>
<time>2026-05-20T15:34:45.425Z</time>
</trkpt>
<trkpt lat="49.6116907" lon="21.4599787">
<ele>303.558</ele>
<time>2026-05-20T15:34:48.437Z</time>
</trkpt>
<trkpt lat="49.6116705" lon="21.4592590">
<ele>304.038</ele>
<time>2026-05-20T15:34:51.439Z</time>
</trkpt>
<trkpt lat="49.6116523" lon="21.4585754">
<ele>304.191</ele>
<time>2026-05-20T15:34:54.408Z</time>
</trkpt>
<trkpt lat="49.6116295" lon="21.4578948">
<ele>304.003</ele>
<time>2026-05-20T15:34:57.405Z</time>
</trkpt>
<trkpt lat="49.6116693" lon="21.4572122">
<ele>303.669</ele>
<time>2026-05-20T15:35:00.394Z</time>
</trkpt>
<trkpt lat="49.6118225" lon="21.4565573">
<ele>303.146</ele>
<time>2026-05-20T15:35:03.374Z</time>
</trkpt>
<trkpt lat="49.6120178" lon="21.4559189">
<ele>302.365</ele>
<time>2026-05-20T15:35:06.329Z</time>
</trkpt>
<trkpt lat="49.6122041" lon="21.4552601">
<ele>301.649</ele>
<time>2026-05-20T15:35:09.284Z</time>
</trkpt>
<trkpt lat="49.6123936" lon="21.4545977">
<ele>301.276</ele>
<time>2026-05-20T15:35:12.238Z</time>
</trkpt>
<trkpt lat="49.6125829" lon="21.4539348">
<ele>301.234</ele>
<time>2026-05-20T15:35:15.194Z</time>
</trkpt>
<trkpt lat="49.6127704" lon="21.4532658">
<ele>301.490</ele>
<time>2026-05-20T15:35:18.177Z</time>
</trkpt>
<trkpt lat="49.6129668" lon="21.4525956">
<ele>301.910</ele>
<time>2026-05-20T15:35:21.188Z</time>
</trkpt>
<trkpt lat="49.6131606" lon="21.4519141">
<ele>302.291</ele>
<time>2026-05-20T15:35:24.213Z</time>
</trkpt>
<trkpt lat="49.6133514" lon="21.4512150">
<ele>302.561</ele>
<time>2026-05-20T15:35:27.266Z</time>
</trkpt>
<trkpt lat="49.6135015" lon="21.4504881">
<ele>302.837</ele>
<time>2026-05-20T15:35:30.328Z</time>
</trkpt>
<trkpt lat="49.6136390" lon="21.4497677">
<ele>303.381</ele>
<time>2026-05-20T15:35:33.372Z</time>
</trkpt>
<trkpt lat="49.6137765" lon="21.4490781">
<ele>304.661</ele>
<time>2026-05-20T15:35:36.340Z</time>
</trkpt>
<trkpt lat="49.6139079" lon="21.4483965">
<ele>307.149</ele>
<time>2026-05-20T15:35:39.265Z</time>
</trkpt>
<trkpt lat="49.6140366" lon="21.4476747">
<ele>310.649</ele>
<time>2026-05-20T15:35:42.338Z</time>
</trkpt>
<trkpt lat="49.6141675" lon="21.4470018">
<ele>313.930</ele>
<time>2026-05-20T15:35:45.274Z</time>
</trkpt>
<trkpt lat="49.6143086" lon="21.4463289">
<ele>315.682</ele>
<time>2026-05-20T15:35:48.187Z</time>
</trkpt>
<trkpt lat="49.6144509" lon="21.4455789">
<ele>315.435</ele>
<time>2026-05-20T15:35:51.211Z</time>
</trkpt>
<trkpt lat="49.6145993" lon="21.4447698">
<ele>313.711</ele>
<time>2026-05-20T15:35:54.299Z</time>
</trkpt>
<trkpt lat="49.6147073" lon="21.4442265">
<ele>311.752</ele>
<time>2026-05-20T15:35:56.330Z</time>
</trkpt>
<trkpt lat="49.6148165" lon="21.4436896">
<ele>310.514</ele>
<time>2026-05-20T15:35:58.327Z</time>
</trkpt>
<trkpt lat="49.6149151" lon="21.4431490">
<ele>309.842</ele>
<time>2026-05-20T15:36:00.331Z</time>
</trkpt>
<trkpt lat="49.6150653" lon="21.4423404">
<ele>309.092</ele>
<time>2026-05-20T15:36:03.403Z</time>
</trkpt>
<trkpt lat="49.6152058" lon="21.4415913">
<ele>308.076</ele>
<time>2026-05-20T15:36:06.380Z</time>
</trkpt>
<trkpt lat="49.6152861" lon="21.4411074">
<ele>307.177</ele>
<time>2026-05-20T15:36:08.365Z</time>
</trkpt>
<trkpt lat="49.6153592" lon="21.4406263">
<ele>306.717</ele>
<time>2026-05-20T15:36:10.366Z</time>
</trkpt>
<trkpt lat="49.6154797" lon="21.4399233">
<ele>306.638</ele>
<time>2026-05-20T15:36:13.352Z</time>
</trkpt>
<trkpt lat="49.6155857" lon="21.4392415">
<ele>306.910</ele>
<time>2026-05-20T15:36:16.274Z</time>
</trkpt>
<trkpt lat="49.6156941" lon="21.4385581">
<ele>307.613</ele>
<time>2026-05-20T15:36:19.199Z</time>
</trkpt>
<trkpt lat="49.6157945" lon="21.4378617">
<ele>308.606</ele>
<time>2026-05-20T15:36:22.112Z</time>
</trkpt>
<trkpt lat="49.6159037" lon="21.4371306">
<ele>309.555</ele>
<time>2026-05-20T15:36:25.110Z</time>
</trkpt>
<trkpt lat="49.6160185" lon="21.4363777">
<ele>310.297</ele>
<time>2026-05-20T15:36:28.120Z</time>
</trkpt>
<trkpt lat="49.6161399" lon="21.4355916">
<ele>310.913</ele>
<time>2026-05-20T15:36:31.163Z</time>
</trkpt>
<trkpt lat="49.6162644" lon="21.4347847">
<ele>311.457</ele>
<time>2026-05-20T15:36:34.171Z</time>
</trkpt>
<trkpt lat="49.6163906" lon="21.4339447">
<ele>311.980</ele>
<time>2026-05-20T15:36:37.184Z</time>
</trkpt>
<trkpt lat="49.6165254" lon="21.4330755">
<ele>312.729</ele>
<time>2026-05-20T15:36:40.214Z</time>
</trkpt>
<trkpt lat="49.6166644" lon="21.4321943">
<ele>313.818</ele>
<time>2026-05-20T15:36:43.231Z</time>
</trkpt>
<trkpt lat="49.6167976" lon="21.4313011">
<ele>315.013</ele>
<time>2026-05-20T15:36:46.248Z</time>
</trkpt>
<trkpt lat="49.6169325" lon="21.4304011">
<ele>316.051</ele>
<time>2026-05-20T15:36:49.276Z</time>
</trkpt>
<trkpt lat="49.6170699" lon="21.4295070">
<ele>316.887</ele>
<time>2026-05-20T15:36:52.321Z</time>
</trkpt>
<trkpt lat="49.6171980" lon="21.4286471">
<ele>317.700</ele>
<time>2026-05-20T15:36:55.332Z</time>
</trkpt>
<trkpt lat="49.6173266" lon="21.4278162">
<ele>318.624</ele>
<time>2026-05-20T15:36:58.347Z</time>
</trkpt>
<trkpt lat="49.6174464" lon="21.4270061">
<ele>319.652</ele>
<time>2026-05-20T15:37:01.367Z</time>
</trkpt>
<trkpt lat="49.6175679" lon="21.4262156">
<ele>320.773</ele>
<time>2026-05-20T15:37:04.434Z</time>
</trkpt>
<trkpt lat="49.6176883" lon="21.4254948">
<ele>321.794</ele>
<time>2026-05-20T15:37:07.334Z</time>
</trkpt>
<trkpt lat="49.6178821" lon="21.4248080">
<ele>322.337</ele>
<time>2026-05-20T15:37:10.232Z</time>
</trkpt>
<trkpt lat="49.6181752" lon="21.4241537">
<ele>322.100</ele>
<time>2026-05-20T15:37:13.202Z</time>
</trkpt>
<trkpt lat="49.6185032" lon="21.4234823">
<ele>321.222</ele>
<time>2026-05-20T15:37:16.241Z</time>
</trkpt>
<trkpt lat="49.6188401" lon="21.4228005">
<ele>320.359</ele>
<time>2026-05-20T15:37:19.287Z</time>
</trkpt>
<trkpt lat="49.6191611" lon="21.4221073">
<ele>320.035</ele>
<time>2026-05-20T15:37:22.292Z</time>
</trkpt>
<trkpt lat="49.6194450" lon="21.4213517">
<ele>320.218</ele>
<time>2026-05-20T15:37:25.324Z</time>
</trkpt>
<trkpt lat="49.6197170" lon="21.4205734">
<ele>320.741</ele>
<time>2026-05-20T15:37:28.325Z</time>
</trkpt>
<trkpt lat="49.6199904" lon="21.4197872">
<ele>321.471</ele>
<time>2026-05-20T15:37:31.308Z</time>
</trkpt>
<trkpt lat="49.6202669" lon="21.4190043">
<ele>322.206</ele>
<time>2026-05-20T15:37:34.297Z</time>
</trkpt>
<trkpt lat="49.6205338" lon="21.4182325">
<ele>322.912</ele>
<time>2026-05-20T15:37:37.335Z</time>
</trkpt>
<trkpt lat="49.6207585" lon="21.4175046">
<ele>324.063</ele>
<time>2026-05-20T15:37:40.269Z</time>
</trkpt>
<trkpt lat="49.6209314" lon="21.4167437">
<ele>326.558</ele>
<time>2026-05-20T15:37:43.231Z</time>
</trkpt>
<trkpt lat="49.6210951" lon="21.4159185">
<ele>330.584</ele>
<time>2026-05-20T15:37:46.298Z</time>
</trkpt>
<trkpt lat="49.6212641" lon="21.4150809">
<ele>334.807</ele>
<time>2026-05-20T15:37:49.302Z</time>
</trkpt>
<trkpt lat="49.6214346" lon="21.4142287">
<ele>337.639</ele>
<time>2026-05-20T15:37:52.290Z</time>
</trkpt>
<trkpt lat="49.6216123" lon="21.4133622">
<ele>338.902</ele>
<time>2026-05-20T15:37:55.296Z</time>
</trkpt>
<trkpt lat="49.6217887" lon="21.4124871">
<ele>339.366</ele>
<time>2026-05-20T15:37:58.310Z</time>
</trkpt>
<trkpt lat="49.6219655" lon="21.4116158">
<ele>339.646</ele>
<time>2026-05-20T15:38:01.308Z</time>
</trkpt>
<trkpt lat="49.6220808" lon="21.4110311">
<ele>340.095</ele>
<time>2026-05-20T15:38:03.307Z</time>
</trkpt>
<trkpt lat="49.6222018" lon="21.4104383">
<ele>340.836</ele>
<time>2026-05-20T15:38:05.320Z</time>
</trkpt>
<trkpt lat="49.6223840" lon="21.4095416">
<ele>341.545</ele>
<time>2026-05-20T15:38:08.337Z</time>
</trkpt>
<trkpt lat="49.6225695" lon="21.4086443">
<ele>342.019</ele>
<time>2026-05-20T15:38:11.332Z</time>
</trkpt>
<trkpt lat="49.6226923" lon="21.4080431">
<ele>342.517</ele>
<time>2026-05-20T15:38:13.327Z</time>
</trkpt>
<trkpt lat="49.6228116" lon="21.4074387">
<ele>343.223</ele>
<time>2026-05-20T15:38:15.324Z</time>
</trkpt>
<trkpt lat="49.6230005" lon="21.4065392">
<ele>343.986</ele>
<time>2026-05-20T15:38:18.311Z</time>
</trkpt>
<trkpt lat="49.6231780" lon="21.4056292">
<ele>344.811</ele>
<time>2026-05-20T15:38:21.310Z</time>
</trkpt>
<trkpt lat="49.6233627" lon="21.4047204">
<ele>345.968</ele>
<time>2026-05-20T15:38:24.304Z</time>
</trkpt>
<trkpt lat="49.6235486" lon="21.4038046">
<ele>347.612</ele>
<time>2026-05-20T15:38:27.297Z</time>
</trkpt>
<trkpt lat="49.6237352" lon="21.4028808">
<ele>349.491</ele>
<time>2026-05-20T15:38:30.279Z</time>
</trkpt>
<trkpt lat="49.6239309" lon="21.4019410">
<ele>351.127</ele>
<time>2026-05-20T15:38:33.277Z</time>
</trkpt>
<trkpt lat="49.6241242" lon="21.4009902">
<ele>352.389</ele>
<time>2026-05-20T15:38:36.263Z</time>
</trkpt>
<trkpt lat="49.6243115" lon="21.4000218">
<ele>353.523</ele>
<time>2026-05-20T15:38:39.267Z</time>
</trkpt>
<trkpt lat="49.6245042" lon="21.3990626">
<ele>354.622</ele>
<time>2026-05-20T15:38:42.258Z</time>
</trkpt>
<trkpt lat="49.6246949" lon="21.3981134">
<ele>355.810</ele>
<time>2026-05-20T15:38:45.250Z</time>
</trkpt>
<trkpt lat="49.6248812" lon="21.3971729">
<ele>357.196</ele>
<time>2026-05-20T15:38:48.243Z</time>
</trkpt>
<trkpt lat="49.6250642" lon="21.3962259">
<ele>358.578</ele>
<time>2026-05-20T15:38:51.279Z</time>
</trkpt>
<trkpt lat="49.6252447" lon="21.3952981">
<ele>359.974</ele>
<time>2026-05-20T15:38:54.293Z</time>
</trkpt>
<trkpt lat="49.6254224" lon="21.3943926">
<ele>361.808</ele>
<time>2026-05-20T15:38:57.285Z</time>
</trkpt>
<trkpt lat="49.6255896" lon="21.3935020">
<ele>364.278</ele>
<time>2026-05-20T15:39:00.260Z</time>
</trkpt>
<trkpt lat="49.6257573" lon="21.3926209">
<ele>367.231</ele>
<time>2026-05-20T15:39:03.259Z</time>
</trkpt>
<trkpt lat="49.6259226" lon="21.3917614">
<ele>370.388</ele>
<time>2026-05-20T15:39:06.321Z</time>
</trkpt>
<trkpt lat="49.6260672" lon="21.3909959">
<ele>373.359</ele>
<time>2026-05-20T15:39:09.320Z</time>
</trkpt>
<trkpt lat="49.6261956" lon="21.3903266">
<ele>375.738</ele>
<time>2026-05-20T15:39:12.278Z</time>
</trkpt>
<trkpt lat="49.6263081" lon="21.3897206">
<ele>377.308</ele>
<time>2026-05-20T15:39:15.171Z</time>
</trkpt>
<trkpt lat="49.6264195" lon="21.3891014">
<ele>378.110</ele>
<time>2026-05-20T15:39:18.089Z</time>
</trkpt>
<trkpt lat="49.6265466" lon="21.3884096">
<ele>378.234</ele>
<time>2026-05-20T15:39:21.050Z</time>
</trkpt>
<trkpt lat="49.6266865" lon="21.3876041">
<ele>377.349</ele>
<time>2026-05-20T15:39:24.076Z</time>
</trkpt>
<trkpt lat="49.6268453" lon="21.3867096">
<ele>374.910</ele>
<time>2026-05-20T15:39:27.111Z</time>
</trkpt>
<trkpt lat="49.6270145" lon="21.3857490">
<ele>370.811</ele>
<time>2026-05-20T15:39:30.162Z</time>
</trkpt>
<trkpt lat="49.6271892" lon="21.3847705">
<ele>365.673</ele>
<time>2026-05-20T15:39:33.188Z</time>
</trkpt>
<trkpt lat="49.6273549" lon="21.3837926">
<ele>360.511</ele>
<time>2026-05-20T15:39:36.200Z</time>
</trkpt>
<trkpt lat="49.6275188" lon="21.3828240">
<ele>356.081</ele>
<time>2026-05-20T15:39:39.207Z</time>
</trkpt>
<trkpt lat="49.6276813" lon="21.3818670">
<ele>352.636</ele>
<time>2026-05-20T15:39:42.205Z</time>
</trkpt>
<trkpt lat="49.6278455" lon="21.3809163">
<ele>350.120</ele>
<time>2026-05-20T15:39:45.221Z</time>
</trkpt>
<trkpt lat="49.6280014" lon="21.3799870">
<ele>348.088</ele>
<time>2026-05-20T15:39:48.236Z</time>
</trkpt>
<trkpt lat="49.6281523" lon="21.3791013">
<ele>346.075</ele>
<time>2026-05-20T15:39:51.256Z</time>
</trkpt>
<trkpt lat="49.6283262" lon="21.3782993">
<ele>344.246</ele>
<time>2026-05-20T15:39:54.205Z</time>
</trkpt>
<trkpt lat="49.6285784" lon="21.3775599">
<ele>343.113</ele>
<time>2026-05-20T15:39:57.178Z</time>
</trkpt>
<trkpt lat="49.6289113" lon="21.3768578">
<ele>342.753</ele>
<time>2026-05-20T15:40:00.204Z</time>
</trkpt>
<trkpt lat="49.6292591" lon="21.3761382">
<ele>342.784</ele>
<time>2026-05-20T15:40:03.214Z</time>
</trkpt>
<trkpt lat="49.6296136" lon="21.3754016">
<ele>342.826</ele>
<time>2026-05-20T15:40:06.210Z</time>
</trkpt>
<trkpt lat="49.6298511" lon="21.3749003">
<ele>342.667</ele>
<time>2026-05-20T15:40:08.205Z</time>
</trkpt>
<trkpt lat="49.6302178" lon="21.3741460">
<ele>342.349</ele>
<time>2026-05-20T15:40:11.220Z</time>
</trkpt>
<trkpt lat="49.6304565" lon="21.3736412">
<ele>342.080</ele>
<time>2026-05-20T15:40:13.210Z</time>
</trkpt>
<trkpt lat="49.6308187" lon="21.3728878">
<ele>341.960</ele>
<time>2026-05-20T15:40:16.190Z</time>
</trkpt>
<trkpt lat="49.6310614" lon="21.3723834">
<ele>341.911</ele>
<time>2026-05-20T15:40:18.173Z</time>
</trkpt>
<trkpt lat="49.6313066" lon="21.3718727">
<ele>341.843</ele>
<time>2026-05-20T15:40:20.167Z</time>
</trkpt>
<trkpt lat="49.6316723" lon="21.3711036">
<ele>341.761</ele>
<time>2026-05-20T15:40:23.137Z</time>
</trkpt>
<trkpt lat="49.6320452" lon="21.3703199">
<ele>341.701</ele>
<time>2026-05-20T15:40:26.126Z</time>
</trkpt>
<trkpt lat="49.6324289" lon="21.3695277">
<ele>341.560</ele>
<time>2026-05-20T15:40:29.146Z</time>
</trkpt>
<trkpt lat="49.6328085" lon="21.3687462">
<ele>341.258</ele>
<time>2026-05-20T15:40:32.145Z</time>
</trkpt>
<trkpt lat="49.6331839" lon="21.3679739">
<ele>340.940</ele>
<time>2026-05-20T15:40:35.149Z</time>
</trkpt>
<trkpt lat="49.6335514" lon="21.3672162">
<ele>340.843</ele>
<time>2026-05-20T15:40:38.125Z</time>
</trkpt>
<trkpt lat="49.6339152" lon="21.3664486">
<ele>341.079</ele>
<time>2026-05-20T15:40:41.121Z</time>
</trkpt>
<trkpt lat="49.6342838" lon="21.3656785">
<ele>341.538</ele>
<time>2026-05-20T15:40:44.126Z</time>
</trkpt>
<trkpt lat="49.6346509" lon="21.3649071">
<ele>341.923</ele>
<time>2026-05-20T15:40:47.149Z</time>
</trkpt>
<trkpt lat="49.6350170" lon="21.3641792">
<ele>342.083</ele>
<time>2026-05-20T15:40:50.120Z</time>
</trkpt>
<trkpt lat="49.6354352" lon="21.3635325">
<ele>341.948</ele>
<time>2026-05-20T15:40:53.134Z</time>
</trkpt>
<trkpt lat="49.6358552" lon="21.3629231">
<ele>341.409</ele>
<time>2026-05-20T15:40:56.144Z</time>
</trkpt>
<trkpt lat="49.6362574" lon="21.3623378">
<ele>340.551</ele>
<time>2026-05-20T15:40:59.132Z</time>
</trkpt>
<trkpt lat="49.6366508" lon="21.3617756">
<ele>339.580</ele>
<time>2026-05-20T15:41:02.132Z</time>
</trkpt>
<trkpt lat="49.6370319" lon="21.3612396">
<ele>338.636</ele>
<time>2026-05-20T15:41:05.121Z</time>
</trkpt>
<trkpt lat="49.6373765" lon="21.3606782">
<ele>337.862</ele>
<time>2026-05-20T15:41:08.089Z</time>
</trkpt>
<trkpt lat="49.6376723" lon="21.3600280">
<ele>337.386</ele>
<time>2026-05-20T15:41:11.076Z</time>
</trkpt>
<trkpt lat="49.6379413" lon="21.3592793">
<ele>337.255</ele>
<time>2026-05-20T15:41:14.122Z</time>
</trkpt>
<trkpt lat="49.6382135" lon="21.3584979">
<ele>337.470</ele>
<time>2026-05-20T15:41:17.137Z</time>
</trkpt>
<trkpt lat="49.6384901" lon="21.3577054">
<ele>338.021</ele>
<time>2026-05-20T15:41:20.134Z</time>
</trkpt>
<trkpt lat="49.6387632" lon="21.3569088">
<ele>339.000</ele>
<time>2026-05-20T15:41:23.140Z</time>
</trkpt>
<trkpt lat="49.6390289" lon="21.3561194">
<ele>340.625</ele>
<time>2026-05-20T15:41:26.187Z</time>
</trkpt>
<trkpt lat="49.6392790" lon="21.3553960">
<ele>342.943</ele>
<time>2026-05-20T15:41:29.127Z</time>
</trkpt>
<trkpt lat="49.6395623" lon="21.3547280">
<ele>345.462</ele>
<time>2026-05-20T15:41:32.072Z</time>
</trkpt>
<trkpt lat="49.6399352" lon="21.3541578">
<ele>347.550</ele>
<time>2026-05-20T15:41:35.052Z</time>
</trkpt>
<trkpt lat="49.6403333" lon="21.3536021">
<ele>349.377</ele>
<time>2026-05-20T15:41:38.069Z</time>
</trkpt>
<trkpt lat="49.6407307" lon="21.3530609">
<ele>351.312</ele>
<time>2026-05-20T15:41:41.078Z</time>
</trkpt>
<trkpt lat="49.6410676" lon="21.3524807">
<ele>353.228</ele>
<time>2026-05-20T15:41:43.999Z</time>
</trkpt>
<trkpt lat="49.6413383" lon="21.3517797">
<ele>355.061</ele>
<time>2026-05-20T15:41:47.010Z</time>
</trkpt>
<trkpt lat="49.6416041" lon="21.3510031">
<ele>356.653</ele>
<time>2026-05-20T15:41:50.072Z</time>
</trkpt>
<trkpt lat="49.6418069" lon="21.3501302">
<ele>357.143</ele>
<time>2026-05-20T15:41:53.120Z</time>
</trkpt>
<trkpt lat="49.6419762" lon="21.3492153">
<ele>356.288</ele>
<time>2026-05-20T15:41:56.155Z</time>
</trkpt>
<trkpt lat="49.6421299" lon="21.3483069">
<ele>355.261</ele>
<time>2026-05-20T15:41:59.157Z</time>
</trkpt>
<trkpt lat="49.6422776" lon="21.3474143">
<ele>355.275</ele>
<time>2026-05-20T15:42:02.134Z</time>
</trkpt>
<trkpt lat="49.6424044" lon="21.3465167">
<ele>356.390</ele>
<time>2026-05-20T15:42:05.121Z</time>
</trkpt>
<trkpt lat="49.6425215" lon="21.3456066">
<ele>358.001</ele>
<time>2026-05-20T15:42:08.178Z</time>
</trkpt>
<trkpt lat="49.6426372" lon="21.3447532">
<ele>359.381</ele>
<time>2026-05-20T15:42:11.173Z</time>
</trkpt>
<trkpt lat="49.6427138" lon="21.3439548">
<ele>360.119</ele>
<time>2026-05-20T15:42:14.100Z</time>
</trkpt>
<trkpt lat="49.6427083" lon="21.3434188">
<ele>360.199</ele>
<time>2026-05-20T15:42:16.094Z</time>
</trkpt>
<trkpt lat="49.6426148" lon="21.3426135">
<ele>359.870</ele>
<time>2026-05-20T15:42:19.111Z</time>
</trkpt>
<trkpt lat="49.6425182" lon="21.3420784">
<ele>359.633</ele>
<time>2026-05-20T15:42:21.147Z</time>
</trkpt>
<trkpt lat="49.6422694" lon="21.3413758">
<ele>359.983</ele>
<time>2026-05-20T15:42:24.122Z</time>
</trkpt>
<trkpt lat="49.6419812" lon="21.3407257">
<ele>360.873</ele>
<time>2026-05-20T15:42:27.110Z</time>
</trkpt>
<trkpt lat="49.6416815" lon="21.3401020">
<ele>362.098</ele>
<time>2026-05-20T15:42:30.090Z</time>
</trkpt>
<trkpt lat="49.6413879" lon="21.3394848">
<ele>363.680</ele>
<time>2026-05-20T15:42:33.061Z</time>
</trkpt>
<trkpt lat="49.6410951" lon="21.3388711">
<ele>365.572</ele>
<time>2026-05-20T15:42:36.043Z</time>
</trkpt>
<trkpt lat="49.6408171" lon="21.3382427">
<ele>367.512</ele>
<time>2026-05-20T15:42:39.030Z</time>
</trkpt>
<trkpt lat="49.6406063" lon="21.3375483">
<ele>369.342</ele>
<time>2026-05-20T15:42:42.053Z</time>
</trkpt>
<trkpt lat="49.6405580" lon="21.3368077">
<ele>371.053</ele>
<time>2026-05-20T15:42:45.008Z</time>
</trkpt>
<trkpt lat="49.6406713" lon="21.3360552">
<ele>372.682</ele>
<time>2026-05-20T15:42:48.031Z</time>
</trkpt>
<trkpt lat="49.6408518" lon="21.3353076">
<ele>374.015</ele>
<time>2026-05-20T15:42:51.059Z</time>
</trkpt>
<trkpt lat="49.6410608" lon="21.3345662">
<ele>375.007</ele>
<time>2026-05-20T15:42:54.097Z</time>
</trkpt>
<trkpt lat="49.6412700" lon="21.3338678">
<ele>375.830</ele>
<time>2026-05-20T15:42:57.054Z</time>
</trkpt>
<trkpt lat="49.6414230" lon="21.3331531">
<ele>376.211</ele>
<time>2026-05-20T15:43:00.010Z</time>
</trkpt>
<trkpt lat="49.6414635" lon="21.3323769">
<ele>375.827</ele>
<time>2026-05-20T15:43:03.043Z</time>
</trkpt>
<trkpt lat="49.6414048" lon="21.3315893">
<ele>375.081</ele>
<time>2026-05-20T15:43:06.114Z</time>
</trkpt>
<trkpt lat="49.6413515" lon="21.3308651">
<ele>374.516</ele>
<time>2026-05-20T15:43:09.031Z</time>
</trkpt>
<trkpt lat="49.6413610" lon="21.3301421">
<ele>374.646</ele>
<time>2026-05-20T15:43:12.024Z</time>
</trkpt>
<trkpt lat="49.6414989" lon="21.3294482">
<ele>375.899</ele>
<time>2026-05-20T15:43:15.044Z</time>
</trkpt>
<trkpt lat="49.6416402" lon="21.3287493">
<ele>378.305</ele>
<time>2026-05-20T15:43:18.065Z</time>
</trkpt>
<trkpt lat="49.6417780" lon="21.3280500">
<ele>381.423</ele>
<time>2026-05-20T15:43:21.044Z</time>
</trkpt>
<trkpt lat="49.6419291" lon="21.3273331">
<ele>384.765</ele>
<time>2026-05-20T15:43:24.062Z</time>
</trkpt>
<trkpt lat="49.6420792" lon="21.3266009">
<ele>388.067</ele>
<time>2026-05-20T15:43:27.067Z</time>
</trkpt>
<trkpt lat="49.6422370" lon="21.3258538">
<ele>391.137</ele>
<time>2026-05-20T15:43:30.071Z</time>
</trkpt>
<trkpt lat="49.6423945" lon="21.3250847">
<ele>393.820</ele>
<time>2026-05-20T15:43:33.080Z</time>
</trkpt>
<trkpt lat="49.6425637" lon="21.3242964">
<ele>396.095</ele>
<time>2026-05-20T15:43:36.102Z</time>
</trkpt>
<trkpt lat="49.6427614" lon="21.3235030">
<ele>397.790</ele>
<time>2026-05-20T15:43:39.128Z</time>
</trkpt>
<trkpt lat="49.6429920" lon="21.3227158">
<ele>398.809</ele>
<time>2026-05-20T15:43:42.158Z</time>
</trkpt>
<trkpt lat="49.6432174" lon="21.3219292">
<ele>399.293</ele>
<time>2026-05-20T15:43:45.172Z</time>
</trkpt>
<trkpt lat="49.6434429" lon="21.3211596">
<ele>399.410</ele>
<time>2026-05-20T15:43:48.156Z</time>
</trkpt>
<trkpt lat="49.6436548" lon="21.3203782">
<ele>399.339</ele>
<time>2026-05-20T15:43:51.149Z</time>
</trkpt>
<trkpt lat="49.6438592" lon="21.3195683">
<ele>399.241</ele>
<time>2026-05-20T15:43:54.184Z</time>
</trkpt>
<trkpt lat="49.6440495" lon="21.3187505">
<ele>399.137</ele>
<time>2026-05-20T15:43:57.203Z</time>
</trkpt>
<trkpt lat="49.6442394" lon="21.3179471">
<ele>398.948</ele>
<time>2026-05-20T15:44:00.186Z</time>
</trkpt>
<trkpt lat="49.6444086" lon="21.3171245">
<ele>398.435</ele>
<time>2026-05-20T15:44:03.167Z</time>
</trkpt>
<trkpt lat="49.6445792" lon="21.3162675">
<ele>397.231</ele>
<time>2026-05-20T15:44:06.179Z</time>
</trkpt>
<trkpt lat="49.6447386" lon="21.3153888">
<ele>395.514</ele>
<time>2026-05-20T15:44:09.160Z</time>
</trkpt>
<trkpt lat="49.6448859" lon="21.3144816">
<ele>393.948</ele>
<time>2026-05-20T15:44:12.145Z</time>
</trkpt>
<trkpt lat="49.6450204" lon="21.3135351">
<ele>392.602</ele>
<time>2026-05-20T15:44:15.191Z</time>
</trkpt>
<trkpt lat="49.6451412" lon="21.3126038">
<ele>391.174</ele>
<time>2026-05-20T15:44:18.178Z</time>
</trkpt>
<trkpt lat="49.6452198" lon="21.3119906">
<ele>389.552</ele>
<time>2026-05-20T15:44:20.169Z</time>
</trkpt>
<trkpt lat="49.6452895" lon="21.3113848">
<ele>387.911</ele>
<time>2026-05-20T15:44:22.151Z</time>
</trkpt>
<trkpt lat="49.6453832" lon="21.3104748">
<ele>386.471</ele>
<time>2026-05-20T15:44:25.141Z</time>
</trkpt>
<trkpt lat="49.6454567" lon="21.3098782">
<ele>385.182</ele>
<time>2026-05-20T15:44:27.122Z</time>
</trkpt>
<trkpt lat="49.6456283" lon="21.3089996">
<ele>383.920</ele>
<time>2026-05-20T15:44:30.111Z</time>
</trkpt>
<trkpt lat="49.6458562" lon="21.3081388">
<ele>382.558</ele>
<time>2026-05-20T15:44:33.144Z</time>
</trkpt>
<trkpt lat="49.6460687" lon="21.3073060">
<ele>380.979</ele>
<time>2026-05-20T15:44:36.116Z</time>
</trkpt>
<trkpt lat="49.6462341" lon="21.3064633">
<ele>379.466</ele>
<time>2026-05-20T15:44:39.116Z</time>
</trkpt>
<trkpt lat="49.6463281" lon="21.3056215">
<ele>378.244</ele>
<time>2026-05-20T15:44:42.102Z</time>
</trkpt>
<trkpt lat="49.6463688" lon="21.3047802">
<ele>377.108</ele>
<time>2026-05-20T15:44:45.105Z</time>
</trkpt>
<trkpt lat="49.6463357" lon="21.3039359">
<ele>375.585</ele>
<time>2026-05-20T15:44:48.103Z</time>
</trkpt>
<trkpt lat="49.6462445" lon="21.3030668">
<ele>373.269</ele>
<time>2026-05-20T15:44:51.197Z</time>
</trkpt>
<trkpt lat="49.6461545" lon="21.3022328">
<ele>370.214</ele>
<time>2026-05-20T15:44:54.216Z</time>
</trkpt>
<trkpt lat="49.6460731" lon="21.3014319">
<ele>366.988</ele>
<time>2026-05-20T15:44:57.217Z</time>
</trkpt>
<trkpt lat="49.6460420" lon="21.3006457">
<ele>364.153</ele>
<time>2026-05-20T15:45:00.202Z</time>
</trkpt>
<trkpt lat="49.6461123" lon="21.2998644">
<ele>361.622</ele>
<time>2026-05-20T15:45:03.194Z</time>
</trkpt>
<trkpt lat="49.6462118" lon="21.2990780">
<ele>359.197</ele>
<time>2026-05-20T15:45:06.207Z</time>
</trkpt>
<trkpt lat="49.6463012" lon="21.2982718">
<ele>357.055</ele>
<time>2026-05-20T15:45:09.239Z</time>
</trkpt>
<trkpt lat="49.6464011" lon="21.2974609">
<ele>355.267</ele>
<time>2026-05-20T15:45:12.290Z</time>
</trkpt>
<trkpt lat="49.6464771" lon="21.2966907">
<ele>353.897</ele>
<time>2026-05-20T15:45:15.237Z</time>
</trkpt>
<trkpt lat="49.6465560" lon="21.2959408">
<ele>353.181</ele>
<time>2026-05-20T15:45:18.172Z</time>
</trkpt>
<trkpt lat="49.6466385" lon="21.2951614">
<ele>352.758</ele>
<time>2026-05-20T15:45:21.176Z</time>
</trkpt>
<trkpt lat="49.6467267" lon="21.2943488">
<ele>351.878</ele>
<time>2026-05-20T15:45:24.214Z</time>
</trkpt>
<trkpt lat="49.6468358" lon="21.2935389">
<ele>350.586</ele>
<time>2026-05-20T15:45:27.233Z</time>
</trkpt>
<trkpt lat="49.6470299" lon="21.2927771">
<ele>349.602</ele>
<time>2026-05-20T15:45:30.277Z</time>
</trkpt>
<trkpt lat="49.6473141" lon="21.2921493">
<ele>349.153</ele>
<time>2026-05-20T15:45:33.201Z</time>
</trkpt>
<trkpt lat="49.6476922" lon="21.2916394">
<ele>348.971</ele>
<time>2026-05-20T15:45:36.191Z</time>
</trkpt>
<trkpt lat="49.6481147" lon="21.2912086">
<ele>348.897</ele>
<time>2026-05-20T15:45:39.245Z</time>
</trkpt>
<trkpt lat="49.6484963" lon="21.2908037">
<ele>348.672</ele>
<time>2026-05-20T15:45:42.185Z</time>
</trkpt>
<trkpt lat="49.6488506" lon="21.2904084">
<ele>348.058</ele>
<time>2026-05-20T15:45:45.129Z</time>
</trkpt>
<trkpt lat="49.6491733" lon="21.2899569">
<ele>347.266</ele>
<time>2026-05-20T15:45:48.129Z</time>
</trkpt>
<trkpt lat="49.6494409" lon="21.2893983">
<ele>346.613</ele>
<time>2026-05-20T15:45:51.170Z</time>
</trkpt>
<trkpt lat="49.6496812" lon="21.2887811">
<ele>346.187</ele>
<time>2026-05-20T15:45:54.210Z</time>
</trkpt>
<trkpt lat="49.6499016" lon="21.2881440">
<ele>346.091</ele>
<time>2026-05-20T15:45:57.193Z</time>
</trkpt>
<trkpt lat="49.6501173" lon="21.2875015">
<ele>346.431</ele>
<time>2026-05-20T15:46:00.153Z</time>
</trkpt>
<trkpt lat="49.6503099" lon="21.2868252">
<ele>347.185</ele>
<time>2026-05-20T15:46:03.157Z</time>
</trkpt>
<trkpt lat="49.6504648" lon="21.2861260">
<ele>348.212</ele>
<time>2026-05-20T15:46:06.282Z</time>
</trkpt>
<trkpt lat="49.6505696" lon="21.2855327">
<ele>349.398</ele>
<time>2026-05-20T15:46:09.461Z</time>
</trkpt>
<trkpt lat="49.6506292" lon="21.2851586">
<ele>350.505</ele>
<time>2026-05-20T15:46:12.876Z</time>
</trkpt>
<trkpt lat="49.6507081" lon="21.2850874">
<ele>351.090</ele>
<time>2026-05-20T15:46:14.727Z</time>
</trkpt>
<trkpt lat="49.6507286" lon="21.2852368">
<ele>351.032</ele>
<time>2026-05-20T15:46:19.148Z</time>
</trkpt>
<trkpt lat="49.6507053" lon="21.2853783">
<ele>350.792</ele>
<time>2026-05-20T15:46:23.939Z</time>
</trkpt>
<trkpt lat="49.6507053" lon="21.2853783">
<ele>350.755</ele>
<time>2026-05-20T15:46:29.941Z</time>
</trkpt>
<trkpt lat="49.6507053" lon="21.2853783">
<ele>350.782</ele>
<time>2026-05-20T15:49:42.869Z</time>
</trkpt>
<trkpt lat="49.6508082" lon="21.2854332">
<ele>350.661</ele>
<time>2026-05-20T15:50:34.546Z</time>
</trkpt>
<trkpt lat="49.6508973" lon="21.2853949">
<ele>350.477</ele>
<time>2026-05-20T15:50:59.941Z</time>
</trkpt>
<trkpt lat="49.6508973" lon="21.2853949">
<ele>350.358</ele>
<time>2026-05-20T15:51:01.941Z</time>
</trkpt>
<trkpt lat="49.6508973" lon="21.2853949">
<ele>350.274</ele>
<time>2026-05-20T15:51:02.041Z</time>
</trkpt>
<trkpt lat="49.6508973" lon="21.2853949">
<ele>350.035</ele>
<time>2026-05-20T15:51:17.940Z</time>
</trkpt>
<trkpt lat="49.6508973" lon="21.2853949">
<ele>349.929</ele>
<time>2026-05-20T15:51:18.040Z</time>
</trkpt>
<trkpt lat="49.6508973" lon="21.2853949">
<ele>349.929</ele>
<time>2026-05-20T15:51:18.040Z</time>
</trkpt>
<trkpt lat="49.6511606" lon="21.2849828">
<ele>349.496</ele>
<time>2026-05-20T15:53:48.530Z</time>
</trkpt>
<trkpt lat="49.6511606" lon="21.2849828">
<ele>349.496</ele>
<time>2026-05-20T15:53:48.530Z</time>
</trkpt>
<trkpt lat="49.6512052" lon="21.2851289">
<ele>349.969</ele>
<time>2026-05-20T15:54:17.940Z</time>
</trkpt>
<trkpt lat="49.6512052" lon="21.2851289">
<ele>349.807</ele>
<time>2026-05-20T15:54:26.940Z</time>
</trkpt>
<trkpt lat="49.6512052" lon="21.2851289">
<ele>349.717</ele>
<time>2026-05-20T15:54:27.040Z</time>
</trkpt>
<trkpt lat="49.6510581" lon="21.2851921">
<ele>349.641</ele>
<time>2026-05-20T15:54:35.940Z</time>
</trkpt>
<trkpt lat="49.6510581" lon="21.2851921">
<ele>349.557</ele>
<time>2026-05-20T15:54:37.940Z</time>
</trkpt>
<trkpt lat="49.6510581" lon="21.2851921">
<ele>349.451</ele>
<time>2026-05-20T15:54:38.040Z</time>
</trkpt>
<trkpt lat="49.6511089" lon="21.2853251">
<ele>349.331</ele>
<time>2026-05-20T15:55:30.556Z</time>
</trkpt>
<trkpt lat="49.6511089" lon="21.2853251">
<ele>349.331</ele>
<time>2026-05-20T15:55:30.556Z</time>
</trkpt>
<trkpt lat="49.6510029" lon="21.2852968">
<ele>350.295</ele>
<time>2026-05-20T15:56:27.086Z</time>
</trkpt>
<trkpt lat="49.6510029" lon="21.2852968">
<ele>350.133</ele>
<time>2026-05-20T15:57:11.086Z</time>
</trkpt>
<trkpt lat="49.6508206" lon="21.2853932">
<ele>350.840</ele>
<time>2026-05-20T15:58:58.906Z</time>
</trkpt>
<trkpt lat="49.6508206" lon="21.2853932">
<ele>350.678</ele>
<time>2026-05-20T15:59:09.903Z</time>
</trkpt>
<trkpt lat="49.6508206" lon="21.2853932">
<ele>350.588</ele>
<time>2026-05-20T16:15:48.360Z</time>
</trkpt>
<trkpt lat="49.6507384" lon="21.2851421">
<ele>350.512</ele>
<time>2026-05-20T16:16:06.311Z</time>
</trkpt>
<trkpt lat="49.6506632" lon="21.2850089">
<ele>350.726</ele>
<time>2026-05-20T16:16:10.176Z</time>
</trkpt>
<trkpt lat="49.6506824" lon="21.2847686">
<ele>351.572</ele>
<time>2026-05-20T16:16:12.970Z</time>
</trkpt>
<trkpt lat="49.6507178" lon="21.2844237">
<ele>352.905</ele>
<time>2026-05-20T16:16:15.801Z</time>
</trkpt>
<trkpt lat="49.6507507" lon="21.2839985">
<ele>354.286</ele>
<time>2026-05-20T16:16:18.716Z</time>
</trkpt>
<trkpt lat="49.6507941" lon="21.2835202">
<ele>355.440</ele>
<time>2026-05-20T16:16:21.704Z</time>
</trkpt>
<trkpt lat="49.6508341" lon="21.2830181">
<ele>356.262</ele>
<time>2026-05-20T16:16:24.714Z</time>
</trkpt>
<trkpt lat="49.6508844" lon="21.2825189">
<ele>356.757</ele>
<time>2026-05-20T16:16:27.682Z</time>
</trkpt>
<trkpt lat="49.6509314" lon="21.2820147">
<ele>357.108</ele>
<time>2026-05-20T16:16:30.649Z</time>
</trkpt>
<trkpt lat="49.6509766" lon="21.2815099">
<ele>357.791</ele>
<time>2026-05-20T16:16:33.554Z</time>
</trkpt>
<trkpt lat="49.6510323" lon="21.2809833">
<ele>359.036</ele>
<time>2026-05-20T16:16:36.439Z</time>
</trkpt>
<trkpt lat="49.6511167" lon="21.2804203">
<ele>360.450</ele>
<time>2026-05-20T16:16:39.396Z</time>
</trkpt>
<trkpt lat="49.6512594" lon="21.2798736">
<ele>361.590</ele>
<time>2026-05-20T16:16:42.252Z</time>
</trkpt>
<trkpt lat="49.6514386" lon="21.2792915">
<ele>362.334</ele>
<time>2026-05-20T16:16:45.258Z</time>
</trkpt>
<trkpt lat="49.6516182" lon="21.2787036">
<ele>362.247</ele>
<time>2026-05-20T16:16:48.198Z</time>
</trkpt>
<trkpt lat="49.6518342" lon="21.2781146">
<ele>360.795</ele>
<time>2026-05-20T16:16:51.096Z</time>
</trkpt>
<trkpt lat="49.6521192" lon="21.2775095">
<ele>358.244</ele>
<time>2026-05-20T16:16:54.147Z</time>
</trkpt>
<trkpt lat="49.6524066" lon="21.2768961">
<ele>355.274</ele>
<time>2026-05-20T16:16:57.215Z</time>
</trkpt>
<trkpt lat="49.6526814" lon="21.2763131">
<ele>352.030</ele>
<time>2026-05-20T16:17:00.172Z</time>
</trkpt>
<trkpt lat="49.6529643" lon="21.2757255">
<ele>348.306</ele>
<time>2026-05-20T16:17:03.187Z</time>
</trkpt>
<trkpt lat="49.6532244" lon="21.2751168">
<ele>344.412</ele>
<time>2026-05-20T16:17:06.216Z</time>
</trkpt>
<trkpt lat="49.6534693" lon="21.2745112">
<ele>341.140</ele>
<time>2026-05-20T16:17:09.208Z</time>
</trkpt>
<trkpt lat="49.6536991" lon="21.2738959">
<ele>338.687</ele>
<time>2026-05-20T16:17:12.186Z</time>
</trkpt>
<trkpt lat="49.6539383" lon="21.2732799">
<ele>336.474</ele>
<time>2026-05-20T16:17:15.193Z</time>
</trkpt>
<trkpt lat="49.6541753" lon="21.2726702">
<ele>334.024</ele>
<time>2026-05-20T16:17:18.185Z</time>
</trkpt>
<trkpt lat="49.6544023" lon="21.2720441">
<ele>331.371</ele>
<time>2026-05-20T16:17:21.245Z</time>
</trkpt>
<trkpt lat="49.6545816" lon="21.2714012">
<ele>328.833</ele>
<time>2026-05-20T16:17:24.250Z</time>
</trkpt>
<trkpt lat="49.6547344" lon="21.2707349">
<ele>326.534</ele>
<time>2026-05-20T16:17:27.251Z</time>
</trkpt>
<trkpt lat="49.6548850" lon="21.2700529">
<ele>324.313</ele>
<time>2026-05-20T16:17:30.254Z</time>
</trkpt>
<trkpt lat="49.6550266" lon="21.2693578">
<ele>322.193</ele>
<time>2026-05-20T16:17:33.252Z</time>
</trkpt>
<trkpt lat="49.6551647" lon="21.2686703">
<ele>320.356</ele>
<time>2026-05-20T16:17:36.227Z</time>
</trkpt>
<trkpt lat="49.6553035" lon="21.2680068">
<ele>318.866</ele>
<time>2026-05-20T16:17:39.175Z</time>
</trkpt>
<trkpt lat="49.6554410" lon="21.2673641">
<ele>317.867</ele>
<time>2026-05-20T16:17:42.105Z</time>
</trkpt>
<trkpt lat="49.6556089" lon="21.2667198">
<ele>317.500</ele>
<time>2026-05-20T16:17:45.129Z</time>
</trkpt>
<trkpt lat="49.6557746" lon="21.2660813">
<ele>317.592</ele>
<time>2026-05-20T16:17:48.101Z</time>
</trkpt>
<trkpt lat="49.6558920" lon="21.2656398">
<ele>317.939</ele>
<time>2026-05-20T16:17:50.139Z</time>
</trkpt>
<trkpt lat="49.6560107" lon="21.2652007">
<ele>318.407</ele>
<time>2026-05-20T16:17:52.155Z</time>
</trkpt>
<trkpt lat="49.6561245" lon="21.2647519">
<ele>318.933</ele>
<time>2026-05-20T16:17:54.165Z</time>
</trkpt>
<trkpt lat="49.6562942" lon="21.2640680">
<ele>319.317</ele>
<time>2026-05-20T16:17:57.216Z</time>
</trkpt>
<trkpt lat="49.6564588" lon="21.2634014">
<ele>319.256</ele>
<time>2026-05-20T16:18:00.231Z</time>
</trkpt>
<trkpt lat="49.6566194" lon="21.2627487">
<ele>318.775</ele>
<time>2026-05-20T16:18:03.196Z</time>
</trkpt>
<trkpt lat="49.6567498" lon="21.2620816">
<ele>318.124</ele>
<time>2026-05-20T16:18:06.126Z</time>
</trkpt>
<trkpt lat="49.6568486" lon="21.2613848">
<ele>317.265</ele>
<time>2026-05-20T16:18:09.096Z</time>
</trkpt>
<trkpt lat="49.6569157" lon="21.2606691">
<ele>316.155</ele>
<time>2026-05-20T16:18:12.108Z</time>
</trkpt>
<trkpt lat="49.6569555" lon="21.2599557">
<ele>315.091</ele>
<time>2026-05-20T16:18:15.144Z</time>
</trkpt>
<trkpt lat="49.6569818" lon="21.2592657">
<ele>314.662</ele>
<time>2026-05-20T16:18:18.169Z</time>
</trkpt>
<trkpt lat="49.6570072" lon="21.2585854">
<ele>315.322</ele>
<time>2026-05-20T16:18:21.217Z</time>
</trkpt>
<trkpt lat="49.6570050" lon="21.2579107">
<ele>316.958</ele>
<time>2026-05-20T16:18:24.297Z</time>
</trkpt>
<trkpt lat="49.6570091" lon="21.2572562">
<ele>319.076</ele>
<time>2026-05-20T16:18:27.425Z</time>
</trkpt>
<trkpt lat="49.6569937" lon="21.2566610">
<ele>321.222</ele>
<time>2026-05-20T16:18:30.418Z</time>
</trkpt>
<trkpt lat="49.6569339" lon="21.2560931">
<ele>323.058</ele>
<time>2026-05-20T16:18:33.343Z</time>
</trkpt>
<trkpt lat="49.6568344" lon="21.2555226">
<ele>324.511</ele>
<time>2026-05-20T16:18:36.317Z</time>
</trkpt>
<trkpt lat="49.6567260" lon="21.2549554">
<ele>325.749</ele>
<time>2026-05-20T16:18:39.367Z</time>
</trkpt>
<trkpt lat="49.6565566" lon="21.2544615">
<ele>326.725</ele>
<time>2026-05-20T16:18:42.431Z</time>
</trkpt>
<trkpt lat="49.6563195" lon="21.2540759">
<ele>327.226</ele>
<time>2026-05-20T16:18:45.422Z</time>
</trkpt>
<trkpt lat="49.6560086" lon="21.2538066">
<ele>327.272</ele>
<time>2026-05-20T16:18:48.390Z</time>
</trkpt>
<trkpt lat="49.6556539" lon="21.2535929">
<ele>327.084</ele>
<time>2026-05-20T16:18:51.386Z</time>
</trkpt>
<trkpt lat="49.6553105" lon="21.2533550">
<ele>327.079</ele>
<time>2026-05-20T16:18:54.286Z</time>
</trkpt>
<trkpt lat="49.6549747" lon="21.2530718">
<ele>327.644</ele>
<time>2026-05-20T16:18:57.255Z</time>
</trkpt>
<trkpt lat="49.6547272" lon="21.2526352">
<ele>328.682</ele>
<time>2026-05-20T16:19:00.136Z</time>
</trkpt>
<trkpt lat="49.6545711" lon="21.2520720">
<ele>329.686</ele>
<time>2026-05-20T16:19:03.040Z</time>
</trkpt>
<trkpt lat="49.6544602" lon="21.2514361">
<ele>330.237</ele>
<time>2026-05-20T16:19:05.985Z</time>
</trkpt>
<trkpt lat="49.6543501" lon="21.2507658">
<ele>330.227</ele>
<time>2026-05-20T16:19:08.944Z</time>
</trkpt>
<trkpt lat="49.6542302" lon="21.2500754">
<ele>329.835</ele>
<time>2026-05-20T16:19:11.896Z</time>
</trkpt>
<trkpt lat="49.6541072" lon="21.2493620">
<ele>329.196</ele>
<time>2026-05-20T16:19:14.877Z</time>
</trkpt>
<trkpt lat="49.6540163" lon="21.2486382">
<ele>328.113</ele>
<time>2026-05-20T16:19:17.848Z</time>
</trkpt>
<trkpt lat="49.6539966" lon="21.2478933">
<ele>326.254</ele>
<time>2026-05-20T16:19:20.831Z</time>
</trkpt>
<trkpt lat="49.6540064" lon="21.2471172">
<ele>323.735</ele>
<time>2026-05-20T16:19:23.871Z</time>
</trkpt>
<trkpt lat="49.6540110" lon="21.2463298">
<ele>320.988</ele>
<time>2026-05-20T16:19:26.921Z</time>
</trkpt>
<trkpt lat="49.6540283" lon="21.2455671">
<ele>318.366</ele>
<time>2026-05-20T16:19:29.905Z</time>
</trkpt>
<trkpt lat="49.6540413" lon="21.2448174">
<ele>316.236</ele>
<time>2026-05-20T16:19:32.883Z</time>
</trkpt>
<trkpt lat="49.6540390" lon="21.2440718">
<ele>314.975</ele>
<time>2026-05-20T16:19:35.906Z</time>
</trkpt>
<trkpt lat="49.6540478" lon="21.2433529">
<ele>314.662</ele>
<time>2026-05-20T16:19:38.903Z</time>
</trkpt>
<trkpt lat="49.6540537" lon="21.2426469">
<ele>315.196</ele>
<time>2026-05-20T16:19:41.898Z</time>
</trkpt>
<trkpt lat="49.6540663" lon="21.2419411">
<ele>316.256</ele>
<time>2026-05-20T16:19:44.906Z</time>
</trkpt>
<trkpt lat="49.6540668" lon="21.2412390">
<ele>317.263</ele>
<time>2026-05-20T16:19:47.942Z</time>
</trkpt>
<trkpt lat="49.6540626" lon="21.2405373">
<ele>317.833</ele>
<time>2026-05-20T16:19:51.088Z</time>
</trkpt>
<trkpt lat="49.6540784" lon="21.2398730">
<ele>318.310</ele>
<time>2026-05-20T16:19:54.148Z</time>
</trkpt>
<trkpt lat="49.6540809" lon="21.2394322">
<ele>319.420</ele>
<time>2026-05-20T16:19:56.154Z</time>
</trkpt>
<trkpt lat="49.6540818" lon="21.2389848">
<ele>321.236</ele>
<time>2026-05-20T16:19:58.126Z</time>
</trkpt>
<trkpt lat="49.6540883" lon="21.2382819">
<ele>323.011</ele>
<time>2026-05-20T16:20:01.089Z</time>
</trkpt>
<trkpt lat="49.6540910" lon="21.2377793">
<ele>324.109</ele>
<time>2026-05-20T16:20:03.071Z</time>
</trkpt>
<trkpt lat="49.6540991" lon="21.2370049">
<ele>324.454</ele>
<time>2026-05-20T16:20:06.056Z</time>
</trkpt>
<trkpt lat="49.6541058" lon="21.2362318">
<ele>324.136</ele>
<time>2026-05-20T16:20:09.025Z</time>
</trkpt>
<trkpt lat="49.6541095" lon="21.2354755">
<ele>323.168</ele>
<time>2026-05-20T16:20:11.992Z</time>
</trkpt>
<trkpt lat="49.6541191" lon="21.2347485">
<ele>321.812</ele>
<time>2026-05-20T16:20:14.947Z</time>
</trkpt>
<trkpt lat="49.6541301" lon="21.2340395">
<ele>320.606</ele>
<time>2026-05-20T16:20:17.939Z</time>
</trkpt>
<trkpt lat="49.6541425" lon="21.2333574">
<ele>319.908</ele>
<time>2026-05-20T16:20:20.889Z</time>
</trkpt>
<trkpt lat="49.6541487" lon="21.2326777">
<ele>319.759</ele>
<time>2026-05-20T16:20:23.834Z</time>
</trkpt>
<trkpt lat="49.6541508" lon="21.2319847">
<ele>319.965</ele>
<time>2026-05-20T16:20:26.768Z</time>
</trkpt>
<trkpt lat="49.6541543" lon="21.2312411">
<ele>320.092</ele>
<time>2026-05-20T16:20:29.779Z</time>
</trkpt>
<trkpt lat="49.6541514" lon="21.2304591">
<ele>319.564</ele>
<time>2026-05-20T16:20:32.820Z</time>
</trkpt>
<trkpt lat="49.6541597" lon="21.2296660">
<ele>317.965</ele>
<time>2026-05-20T16:20:35.858Z</time>
</trkpt>
<trkpt lat="49.6541616" lon="21.2288768">
<ele>315.463</ele>
<time>2026-05-20T16:20:38.905Z</time>
</trkpt>
<trkpt lat="49.6541630" lon="21.2281098">
<ele>312.813</ele>
<time>2026-05-20T16:20:41.920Z</time>
</trkpt>
<trkpt lat="49.6541715" lon="21.2273510">
<ele>310.695</ele>
<time>2026-05-20T16:20:44.950Z</time>
</trkpt>
<trkpt lat="49.6541717" lon="21.2266013">
<ele>309.127</ele>
<time>2026-05-20T16:20:47.965Z</time>
</trkpt>
<trkpt lat="49.6541714" lon="21.2258539">
<ele>307.701</ele>
<time>2026-05-20T16:20:50.989Z</time>
</trkpt>
<trkpt lat="49.6541812" lon="21.2251267">
<ele>306.179</ele>
<time>2026-05-20T16:20:53.961Z</time>
</trkpt>
<trkpt lat="49.6541839" lon="21.2243986">
<ele>304.764</ele>
<time>2026-05-20T16:20:56.968Z</time>
</trkpt>
<trkpt lat="49.6541919" lon="21.2236771">
<ele>303.815</ele>
<time>2026-05-20T16:20:59.983Z</time>
</trkpt>
<trkpt lat="49.6541992" lon="21.2229685">
<ele>303.454</ele>
<time>2026-05-20T16:21:03.000Z</time>
</trkpt>
<trkpt lat="49.6542069" lon="21.2222690">
<ele>303.525</ele>
<time>2026-05-20T16:21:06.042Z</time>
</trkpt>
<trkpt lat="49.6542118" lon="21.2215797">
<ele>303.942</ele>
<time>2026-05-20T16:21:09.088Z</time>
</trkpt>
<trkpt lat="49.6542195" lon="21.2209094">
<ele>304.832</ele>
<time>2026-05-20T16:21:12.048Z</time>
</trkpt>
<trkpt lat="49.6542249" lon="21.2202335">
<ele>306.245</ele>
<time>2026-05-20T16:21:14.977Z</time>
</trkpt>
<trkpt lat="49.6542286" lon="21.2195582">
<ele>307.922</ele>
<time>2026-05-20T16:21:17.854Z</time>
</trkpt>
<trkpt lat="49.6542391" lon="21.2188736">
<ele>309.358</ele>
<time>2026-05-20T16:21:20.771Z</time>
</trkpt>
<trkpt lat="49.6542478" lon="21.2181875">
<ele>310.080</ele>
<time>2026-05-20T16:21:23.738Z</time>
</trkpt>
<trkpt lat="49.6542505" lon="21.2175131">
<ele>309.931</ele>
<time>2026-05-20T16:21:26.707Z</time>
</trkpt>
<trkpt lat="49.6542441" lon="21.2168463">
<ele>309.259</ele>
<time>2026-05-20T16:21:29.771Z</time>
</trkpt>
<trkpt lat="49.6541938" lon="21.2162596">
<ele>308.607</ele>
<time>2026-05-20T16:21:32.682Z</time>
</trkpt>
<trkpt lat="49.6541137" lon="21.2156886">
<ele>308.270</ele>
<time>2026-05-20T16:21:35.686Z</time>
</trkpt>
<trkpt lat="49.6540475" lon="21.2151286">
<ele>308.210</ele>
<time>2026-05-20T16:21:38.663Z</time>
</trkpt>
<trkpt lat="49.6539710" lon="21.2145728">
<ele>308.809</ele>
<time>2026-05-20T16:21:41.653Z</time>
</trkpt>
<trkpt lat="49.6538925" lon="21.2140230">
<ele>310.443</ele>
<time>2026-05-20T16:21:44.605Z</time>
</trkpt>
<trkpt lat="49.6537703" lon="21.2134804">
<ele>312.859</ele>
<time>2026-05-20T16:21:47.509Z</time>
</trkpt>
<trkpt lat="49.6536019" lon="21.2128993">
<ele>315.630</ele>
<time>2026-05-20T16:21:50.524Z</time>
</trkpt>
<trkpt lat="49.6534226" lon="21.2122967">
<ele>318.213</ele>
<time>2026-05-20T16:21:53.497Z</time>
</trkpt>
<trkpt lat="49.6532333" lon="21.2116739">
<ele>319.858</ele>
<time>2026-05-20T16:21:56.463Z</time>
</trkpt>
<trkpt lat="49.6530392" lon="21.2110174">
<ele>320.033</ele>
<time>2026-05-20T16:21:59.486Z</time>
</trkpt>
<trkpt lat="49.6529108" lon="21.2105797">
<ele>318.553</ele>
<time>2026-05-20T16:22:01.504Z</time>
</trkpt>
<trkpt lat="49.6527267" lon="21.2099397">
<ele>316.146</ele>
<time>2026-05-20T16:22:04.504Z</time>
</trkpt>
<trkpt lat="49.6526084" lon="21.2095346">
<ele>313.819</ele>
<time>2026-05-20T16:22:06.464Z</time>
</trkpt>
<trkpt lat="49.6524290" lon="21.2089400">
<ele>311.968</ele>
<time>2026-05-20T16:22:09.393Z</time>
</trkpt>
<trkpt lat="49.6522391" lon="21.2083665">
<ele>310.667</ele>
<time>2026-05-20T16:22:12.283Z</time>
</trkpt>
<trkpt lat="49.6520734" lon="21.2077566">
<ele>309.776</ele>
<time>2026-05-20T16:22:15.217Z</time>
</trkpt>
<trkpt lat="49.6518984" lon="21.2071482">
<ele>308.867</ele>
<time>2026-05-20T16:22:18.103Z</time>
</trkpt>
<trkpt lat="49.6517098" lon="21.2065033">
<ele>307.548</ele>
<time>2026-05-20T16:22:21.042Z</time>
</trkpt>
<trkpt lat="49.6515156" lon="21.2057900">
<ele>305.659</ele>
<time>2026-05-20T16:22:24.073Z</time>
</trkpt>
<trkpt lat="49.6513025" lon="21.2050445">
<ele>303.691</ele>
<time>2026-05-20T16:22:27.127Z</time>
</trkpt>
<trkpt lat="49.6510898" lon="21.2042866">
<ele>302.436</ele>
<time>2026-05-20T16:22:30.152Z</time>
</trkpt>
<trkpt lat="49.6508520" lon="21.2035290">
<ele>302.213</ele>
<time>2026-05-20T16:22:33.210Z</time>
</trkpt>
<trkpt lat="49.6506297" lon="21.2027706">
<ele>302.917</ele>
<time>2026-05-20T16:22:36.225Z</time>
</trkpt>
<trkpt lat="49.6504018" lon="21.2020261">
<ele>304.330</ele>
<time>2026-05-20T16:22:39.233Z</time>
</trkpt>
<trkpt lat="49.6502043" lon="21.2012974">
<ele>306.200</ele>
<time>2026-05-20T16:22:42.201Z</time>
</trkpt>
<trkpt lat="49.6500071" lon="21.2006034">
<ele>308.573</ele>
<time>2026-05-20T16:22:45.173Z</time>
</trkpt>
<trkpt lat="49.6498150" lon="21.1999429">
<ele>311.688</ele>
<time>2026-05-20T16:22:48.159Z</time>
</trkpt>
<trkpt lat="49.6496466" lon="21.1993169">
<ele>315.481</ele>
<time>2026-05-20T16:22:51.137Z</time>
</trkpt>
<trkpt lat="49.6494707" lon="21.1987388">
<ele>319.626</ele>
<time>2026-05-20T16:22:54.194Z</time>
</trkpt>
<trkpt lat="49.6492744" lon="21.1982757">
<ele>323.574</ele>
<time>2026-05-20T16:22:57.017Z</time>
</trkpt>
<trkpt lat="49.6489479" lon="21.1979308">
<ele>326.497</ele>
<time>2026-05-20T16:23:00.053Z</time>
</trkpt>
<trkpt lat="49.6485873" lon="21.1975677">
<ele>327.925</ele>
<time>2026-05-20T16:23:03.101Z</time>
</trkpt>
<trkpt lat="49.6482047" lon="21.1972207">
<ele>328.478</ele>
<time>2026-05-20T16:23:06.112Z</time>
</trkpt>
<trkpt lat="49.6478101" lon="21.1968663">
<ele>329.430</ele>
<time>2026-05-20T16:23:09.234Z</time>
</trkpt>
<trkpt lat="49.6474398" lon="21.1965349">
<ele>331.431</ele>
<time>2026-05-20T16:23:12.376Z</time>
</trkpt>
<trkpt lat="49.6471474" lon="21.1962115">
<ele>334.194</ele>
<time>2026-05-20T16:23:15.305Z</time>
</trkpt>
<trkpt lat="49.6469055" lon="21.1958232">
<ele>337.333</ele>
<time>2026-05-20T16:23:18.333Z</time>
</trkpt>
<trkpt lat="49.6467562" lon="21.1953497">
<ele>340.211</ele>
<time>2026-05-20T16:23:21.348Z</time>
</trkpt>
<trkpt lat="49.6468074" lon="21.1948281">
<ele>341.892</ele>
<time>2026-05-20T16:23:24.292Z</time>
</trkpt>
<trkpt lat="49.6469540" lon="21.1943082">
<ele>342.190</ele>
<time>2026-05-20T16:23:27.231Z</time>
</trkpt>
<trkpt lat="49.6471148" lon="21.1937325">
<ele>341.795</ele>
<time>2026-05-20T16:23:30.215Z</time>
</trkpt>
<trkpt lat="49.6472812" lon="21.1931010">
<ele>341.455</ele>
<time>2026-05-20T16:23:33.237Z</time>
</trkpt>
<trkpt lat="49.6474786" lon="21.1924668">
<ele>341.618</ele>
<time>2026-05-20T16:23:36.218Z</time>
</trkpt>
<trkpt lat="49.6477540" lon="21.1918989">
<ele>342.193</ele>
<time>2026-05-20T16:23:39.146Z</time>
</trkpt>
<trkpt lat="49.6480925" lon="21.1913795">
<ele>342.664</ele>
<time>2026-05-20T16:23:42.119Z</time>
</trkpt>
<trkpt lat="49.6484412" lon="21.1908666">
<ele>342.495</ele>
<time>2026-05-20T16:23:45.081Z</time>
</trkpt>
<trkpt lat="49.6487867" lon="21.1903588">
<ele>341.363</ele>
<time>2026-05-20T16:23:48.024Z</time>
</trkpt>
<trkpt lat="49.6491326" lon="21.1898537">
<ele>339.062</ele>
<time>2026-05-20T16:23:50.996Z</time>
</trkpt>
<trkpt lat="49.6494698" lon="21.1893561">
<ele>335.807</ele>
<time>2026-05-20T16:23:53.948Z</time>
</trkpt>
<trkpt lat="49.6498013" lon="21.1888644">
<ele>332.423</ele>
<time>2026-05-20T16:23:56.895Z</time>
</trkpt>
<trkpt lat="49.6501170" lon="21.1883470">
<ele>329.605</ele>
<time>2026-05-20T16:23:59.886Z</time>
</trkpt>
<trkpt lat="49.6504076" lon="21.1877942">
<ele>327.512</ele>
<time>2026-05-20T16:24:02.929Z</time>
</trkpt>
<trkpt lat="49.6505918" lon="21.1874222">
<ele>326.252</ele>
<time>2026-05-20T16:24:04.956Z</time>
</trkpt>
<trkpt lat="49.6507738" lon="21.1870456">
<ele>325.705</ele>
<time>2026-05-20T16:24:06.991Z</time>
</trkpt>
<trkpt lat="49.6510565" lon="21.1864826">
<ele>325.276</ele>
<time>2026-05-20T16:24:10.054Z</time>
</trkpt>
<trkpt lat="49.6512474" lon="21.1861110">
<ele>324.543</ele>
<time>2026-05-20T16:24:12.068Z</time>
</trkpt>
<trkpt lat="49.6515292" lon="21.1855549">
<ele>323.662</ele>
<time>2026-05-20T16:24:15.059Z</time>
</trkpt>
<trkpt lat="49.6517955" lon="21.1849990">
<ele>322.940</ele>
<time>2026-05-20T16:24:17.981Z</time>
</trkpt>
<trkpt lat="49.6520655" lon="21.1844450">
<ele>322.480</ele>
<time>2026-05-20T16:24:20.906Z</time>
</trkpt>
<trkpt lat="49.6523358" lon="21.1839111">
<ele>322.216</ele>
<time>2026-05-20T16:24:23.788Z</time>
</trkpt>
<trkpt lat="49.6525987" lon="21.1833811">
<ele>322.004</ele>
<time>2026-05-20T16:24:26.693Z</time>
</trkpt>
<trkpt lat="49.6528582" lon="21.1828653">
<ele>321.754</ele>
<time>2026-05-20T16:24:29.629Z</time>
</trkpt>
<trkpt lat="49.6531415" lon="21.1824455">
<ele>321.458</ele>
<time>2026-05-20T16:24:32.489Z</time>
</trkpt>
<trkpt lat="49.6534771" lon="21.1822005">
<ele>320.999</ele>
<time>2026-05-20T16:24:35.389Z</time>
</trkpt>
<trkpt lat="49.6537808" lon="21.1820270">
<ele>320.273</ele>
<time>2026-05-20T16:24:38.203Z</time>
</trkpt>
<trkpt lat="49.6540029" lon="21.1818200">
<ele>319.334</ele>
<time>2026-05-20T16:24:40.868Z</time>
</trkpt>
<trkpt lat="49.6540802" lon="21.1814606">
<ele>318.149</ele>
<time>2026-05-20T16:24:43.812Z</time>
</trkpt>
<trkpt lat="49.6540782" lon="21.1810080">
<ele>316.692</ele>
<time>2026-05-20T16:24:47.091Z</time>
</trkpt>
<trkpt lat="49.6540579" lon="21.1804838">
<ele>315.351</ele>
<time>2026-05-20T16:24:50.326Z</time>
</trkpt>
<trkpt lat="49.6540449" lon="21.1799179">
<ele>314.507</ele>
<time>2026-05-20T16:24:53.442Z</time>
</trkpt>
<trkpt lat="49.6540723" lon="21.1793314">
<ele>314.019</ele>
<time>2026-05-20T16:24:56.470Z</time>
</trkpt>
<trkpt lat="49.6541565" lon="21.1787573">
<ele>313.291</ele>
<time>2026-05-20T16:24:59.455Z</time>
</trkpt>
<trkpt lat="49.6542529" lon="21.1782351">
<ele>311.937</ele>
<time>2026-05-20T16:25:02.296Z</time>
</trkpt>
<trkpt lat="49.6544120" lon="21.1776868">
<ele>310.397</ele>
<time>2026-05-20T16:25:05.514Z</time>
</trkpt>
<trkpt lat="49.6545930" lon="21.1771728">
<ele>309.342</ele>
<time>2026-05-20T16:25:08.664Z</time>
</trkpt>
<trkpt lat="49.6547036" lon="21.1766347">
<ele>308.854</ele>
<time>2026-05-20T16:25:11.717Z</time>
</trkpt>
<trkpt lat="49.6547890" lon="21.1760830">
<ele>308.509</ele>
<time>2026-05-20T16:25:14.754Z</time>
</trkpt>
<trkpt lat="49.6548652" lon="21.1755220">
<ele>307.944</ele>
<time>2026-05-20T16:25:17.777Z</time>
</trkpt>
<trkpt lat="49.6548739" lon="21.1749416">
<ele>307.312</ele>
<time>2026-05-20T16:25:20.751Z</time>
</trkpt>
<trkpt lat="49.6547952" lon="21.1743383">
<ele>306.948</ele>
<time>2026-05-20T16:25:23.787Z</time>
</trkpt>
<trkpt lat="49.6547203" lon="21.1737265">
<ele>306.770</ele>
<time>2026-05-20T16:25:26.782Z</time>
</trkpt>
<trkpt lat="49.6547383" lon="21.1730894">
<ele>306.342</ele>
<time>2026-05-20T16:25:29.791Z</time>
</trkpt>
<trkpt lat="49.6548123" lon="21.1724558">
<ele>305.223</ele>
<time>2026-05-20T16:25:32.795Z</time>
</trkpt>
<trkpt lat="49.6548897" lon="21.1718490">
<ele>303.362</ele>
<time>2026-05-20T16:25:35.750Z</time>
</trkpt>
<trkpt lat="49.6549451" lon="21.1712785">
<ele>301.074</ele>
<time>2026-05-20T16:25:38.664Z</time>
</trkpt>
<trkpt lat="49.6549386" lon="21.1707344">
<ele>298.715</ele>
<time>2026-05-20T16:25:41.546Z</time>
</trkpt>
<trkpt lat="49.6548292" lon="21.1701799">
<ele>296.488</ele>
<time>2026-05-20T16:25:44.645Z</time>
</trkpt>
<trkpt lat="49.6546409" lon="21.1696874">
<ele>294.441</ele>
<time>2026-05-20T16:25:47.673Z</time>
</trkpt>
<trkpt lat="49.6543828" lon="21.1692570">
<ele>292.570</ele>
<time>2026-05-20T16:25:50.757Z</time>
</trkpt>
<trkpt lat="49.6541417" lon="21.1688465">
<ele>290.856</ele>
<time>2026-05-20T16:25:53.721Z</time>
</trkpt>
<trkpt lat="49.6539470" lon="21.1684013">
<ele>289.449</ele>
<time>2026-05-20T16:25:56.722Z</time>
</trkpt>
<trkpt lat="49.6538678" lon="21.1679011">
<ele>288.716</ele>
<time>2026-05-20T16:25:59.698Z</time>
</trkpt>
<trkpt lat="49.6538273" lon="21.1673838">
<ele>288.783</ele>
<time>2026-05-20T16:26:02.704Z</time>
</trkpt>
<trkpt lat="49.6537913" lon="21.1668420">
<ele>289.267</ele>
<time>2026-05-20T16:26:05.753Z</time>
</trkpt>
<trkpt lat="49.6537731" lon="21.1662917">
<ele>289.699</ele>
<time>2026-05-20T16:26:08.751Z</time>
</trkpt>
<trkpt lat="49.6537619" lon="21.1659196">
<ele>289.889</ele>
<time>2026-05-20T16:26:10.782Z</time>
</trkpt>
<trkpt lat="49.6537372" lon="21.1653977">
<ele>289.898</ele>
<time>2026-05-20T16:26:13.734Z</time>
</trkpt>
<trkpt lat="49.6537305" lon="21.1650674">
<ele>289.818</ele>
<time>2026-05-20T16:26:15.692Z</time>
</trkpt>
<trkpt lat="49.6537268" lon="21.1647377">
<ele>289.732</ele>
<time>2026-05-20T16:26:17.675Z</time>
</trkpt>
<trkpt lat="49.6537056" lon="21.1643955">
<ele>289.693</ele>
<time>2026-05-20T16:26:19.738Z</time>
</trkpt>
<trkpt lat="49.6536901" lon="21.1638838">
<ele>289.695</ele>
<time>2026-05-20T16:26:22.873Z</time>
</trkpt>
<trkpt lat="49.6536849" lon="21.1634388">
<ele>289.708</ele>
<time>2026-05-20T16:26:25.854Z</time>
</trkpt>
<trkpt lat="49.6537455" lon="21.1630681">
<ele>289.743</ele>
<time>2026-05-20T16:26:28.767Z</time>
</trkpt>
<trkpt lat="49.6538527" lon="21.1627749">
<ele>289.814</ele>
<time>2026-05-20T16:26:31.605Z</time>
</trkpt>
<trkpt lat="49.6539618" lon="21.1624968">
<ele>289.885</ele>
<time>2026-05-20T16:26:34.474Z</time>
</trkpt>
<trkpt lat="49.6541052" lon="21.1622062">
<ele>289.863</ele>
<time>2026-05-20T16:26:37.623Z</time>
</trkpt>
<trkpt lat="49.6542333" lon="21.1619331">
<ele>289.660</ele>
<time>2026-05-20T16:26:40.577Z</time>
</trkpt>
<trkpt lat="49.6543637" lon="21.1617076">
<ele>289.237</ele>
<time>2026-05-20T16:26:43.544Z</time>
</trkpt>
<trkpt lat="49.6544474" lon="21.1615090">
<ele>288.655</ele>
<time>2026-05-20T16:26:46.209Z</time>
</trkpt>
<trkpt lat="49.6545552" lon="21.1612434">
<ele>288.102</ele>
<time>2026-05-20T16:26:49.791Z</time>
</trkpt>
<trkpt lat="49.6545984" lon="21.1609817">
<ele>287.764</ele>
<time>2026-05-20T16:26:52.949Z</time>
</trkpt>
<trkpt lat="49.6546345" lon="21.1607926">
<ele>287.676</ele>
<time>2026-05-20T16:26:55.647Z</time>
</trkpt>
<trkpt lat="49.6546639" lon="21.1606225">
<ele>287.753</ele>
<time>2026-05-20T16:26:58.895Z</time>
</trkpt>
<trkpt lat="49.6546879" lon="21.1604869">
<ele>287.870</ele>
<time>2026-05-20T16:27:02.883Z</time>
</trkpt>
<trkpt lat="49.6546879" lon="21.1604869">
<ele>287.943</ele>
<time>2026-05-20T16:27:03.883Z</time>
</trkpt>
<trkpt lat="49.6546879" lon="21.1604869">
<ele>287.921</ele>
<time>2026-05-20T16:27:38.095Z</time>
</trkpt>
<trkpt lat="49.6547461" lon="21.1602793">
<ele>287.797</ele>
<time>2026-05-20T16:27:46.521Z</time>
</trkpt>
<trkpt lat="49.6547917" lon="21.1601571">
<ele>287.692</ele>
<time>2026-05-20T16:27:49.882Z</time>
</trkpt>
<trkpt lat="49.6547917" lon="21.1601571">
<ele>287.704</ele>
<time>2026-05-20T16:28:04.882Z</time>
</trkpt>
<trkpt lat="49.6547917" lon="21.1601571">
<ele>287.709</ele>
<time>2026-05-20T16:28:04.982Z</time>
</trkpt>
<trkpt lat="49.6548402" lon="21.1597964">
<ele>287.594</ele>
<time>2026-05-20T16:28:16.469Z</time>
</trkpt>
<trkpt lat="49.6547610" lon="21.1596489">
<ele>287.587</ele>
<time>2026-05-20T16:28:19.071Z</time>
</trkpt>
<trkpt lat="49.6546283" lon="21.1594928">
<ele>287.882</ele>
<time>2026-05-20T16:28:21.827Z</time>
</trkpt>
<trkpt lat="49.6544572" lon="21.1593115">
<ele>288.251</ele>
<time>2026-05-20T16:28:24.791Z</time>
</trkpt>
<trkpt lat="49.6543333" lon="21.1591855">
<ele>288.445</ele>
<time>2026-05-20T16:28:26.816Z</time>
</trkpt>
<trkpt lat="49.6541674" lon="21.1589517">
<ele>288.564</ele>
<time>2026-05-20T16:28:29.703Z</time>
</trkpt>
<trkpt lat="49.6539688" lon="21.1587232">
<ele>288.827</ele>
<time>2026-05-20T16:28:32.836Z</time>
</trkpt>
<trkpt lat="49.6537823" lon="21.1584860">
<ele>289.274</ele>
<time>2026-05-20T16:28:36.321Z</time>
</trkpt>
<trkpt lat="49.6536356" lon="21.1583049">
<ele>289.711</ele>
<time>2026-05-20T16:28:39.161Z</time>
</trkpt>
<trkpt lat="49.6534814" lon="21.1581044">
<ele>289.939</ele>
<time>2026-05-20T16:28:41.803Z</time>
</trkpt>
<trkpt lat="49.6532773" lon="21.1578574">
<ele>289.944</ele>
<time>2026-05-20T16:28:44.814Z</time>
</trkpt>
<trkpt lat="49.6530627" lon="21.1576101">
<ele>289.921</ele>
<time>2026-05-20T16:28:47.759Z</time>
</trkpt>
<trkpt lat="49.6528407" lon="21.1573377">
<ele>290.052</ele>
<time>2026-05-20T16:28:50.653Z</time>
</trkpt>
<trkpt lat="49.6525816" lon="21.1570473">
<ele>290.339</ele>
<time>2026-05-20T16:28:53.721Z</time>
</trkpt>
<trkpt lat="49.6523266" lon="21.1567371">
<ele>290.657</ele>
<time>2026-05-20T16:28:56.838Z</time>
</trkpt>
<trkpt lat="49.6520835" lon="21.1564394">
<ele>290.769</ele>
<time>2026-05-20T16:29:00.179Z</time>
</trkpt>
<trkpt lat="49.6518851" lon="21.1561900">
<ele>290.455</ele>
<time>2026-05-20T16:29:03.347Z</time>
</trkpt>
<trkpt lat="49.6517128" lon="21.1559809">
<ele>289.853</ele>
<time>2026-05-20T16:29:06.098Z</time>
</trkpt>
<trkpt lat="49.6515199" lon="21.1557462">
<ele>289.365</ele>
<time>2026-05-20T16:29:08.990Z</time>
</trkpt>
<trkpt lat="49.6513131" lon="21.1554990">
<ele>289.271</ele>
<time>2026-05-20T16:29:11.915Z</time>
</trkpt>
<trkpt lat="49.6510968" lon="21.1552455">
<ele>289.707</ele>
<time>2026-05-20T16:29:14.663Z</time>
</trkpt>
<trkpt lat="49.6508538" lon="21.1549388">
<ele>290.522</ele>
<time>2026-05-20T16:29:17.551Z</time>
</trkpt>
<trkpt lat="49.6505831" lon="21.1546105">
<ele>291.246</ele>
<time>2026-05-20T16:29:20.674Z</time>
</trkpt>
<trkpt lat="49.6503305" lon="21.1543141">
<ele>291.604</ele>
<time>2026-05-20T16:29:23.556Z</time>
</trkpt>
<trkpt lat="49.6500662" lon="21.1539991">
<ele>291.680</ele>
<time>2026-05-20T16:29:26.435Z</time>
</trkpt>
<trkpt lat="49.6497800" lon="21.1536616">
<ele>291.624</ele>
<time>2026-05-20T16:29:29.311Z</time>
</trkpt>
<trkpt lat="49.6494685" lon="21.1532844">
<ele>291.531</ele>
<time>2026-05-20T16:29:32.329Z</time>
</trkpt>
<trkpt lat="49.6491600" lon="21.1529026">
<ele>291.450</ele>
<time>2026-05-20T16:29:35.504Z</time>
</trkpt>
<trkpt lat="49.6488855" lon="21.1525796">
<ele>291.401</ele>
<time>2026-05-20T16:29:38.575Z</time>
</trkpt>
<trkpt lat="49.6486376" lon="21.1522653">
<ele>291.331</ele>
<time>2026-05-20T16:29:41.417Z</time>
</trkpt>
<trkpt lat="49.6483517" lon="21.1519264">
<ele>291.186</ele>
<time>2026-05-20T16:29:44.342Z</time>
</trkpt>
<trkpt lat="49.6480284" lon="21.1515471">
<ele>291.067</ele>
<time>2026-05-20T16:29:47.394Z</time>
</trkpt>
<trkpt lat="49.6476882" lon="21.1511524">
<ele>291.116</ele>
<time>2026-05-20T16:29:50.485Z</time>
</trkpt>
<trkpt lat="49.6473352" lon="21.1508085">
<ele>291.360</ele>
<time>2026-05-20T16:29:53.454Z</time>
</trkpt>
<trkpt lat="49.6469648" lon="21.1504639">
<ele>291.701</ele>
<time>2026-05-20T16:29:56.461Z</time>
</trkpt>
<trkpt lat="49.6466010" lon="21.1501188">
<ele>292.000</ele>
<time>2026-05-20T16:29:59.385Z</time>
</trkpt>
<trkpt lat="49.6462246" lon="21.1497828">
<ele>292.353</ele>
<time>2026-05-20T16:30:02.364Z</time>
</trkpt>
<trkpt lat="49.6458638" lon="21.1494309">
<ele>292.935</ele>
<time>2026-05-20T16:30:05.361Z</time>
</trkpt>
<trkpt lat="49.6455162" lon="21.1490709">
<ele>293.836</ele>
<time>2026-05-20T16:30:08.406Z</time>
</trkpt>
<trkpt lat="49.6451932" lon="21.1487123">
<ele>295.017</ele>
<time>2026-05-20T16:30:11.357Z</time>
</trkpt>
<trkpt lat="49.6448826" lon="21.1483353">
<ele>296.251</ele>
<time>2026-05-20T16:30:14.287Z</time>
</trkpt>
<trkpt lat="49.6445670" lon="21.1479485">
<ele>297.202</ele>
<time>2026-05-20T16:30:17.253Z</time>
</trkpt>
<trkpt lat="49.6442419" lon="21.1475574">
<ele>297.670</ele>
<time>2026-05-20T16:30:20.278Z</time>
</trkpt>
<trkpt lat="49.6439124" lon="21.1471672">
<ele>297.692</ele>
<time>2026-05-20T16:30:23.320Z</time>
</trkpt>
<trkpt lat="49.6436870" lon="21.1469043">
<ele>297.516</ele>
<time>2026-05-20T16:30:25.386Z</time>
</trkpt>
<trkpt lat="49.6433391" lon="21.1465326">
<ele>297.315</ele>
<time>2026-05-20T16:30:28.485Z</time>
</trkpt>
<trkpt lat="49.6430087" lon="21.1461594">
<ele>297.149</ele>
<time>2026-05-20T16:30:31.425Z</time>
</trkpt>
<trkpt lat="49.6426790" lon="21.1457523">
<ele>297.041</ele>
<time>2026-05-20T16:30:34.369Z</time>
</trkpt>
<trkpt lat="49.6423387" lon="21.1453486">
<ele>296.995</ele>
<time>2026-05-20T16:30:37.313Z</time>
</trkpt>
<trkpt lat="49.6419989" lon="21.1449401">
<ele>297.016</ele>
<time>2026-05-20T16:30:40.215Z</time>
</trkpt>
<trkpt lat="49.6416503" lon="21.1445226">
<ele>297.194</ele>
<time>2026-05-20T16:30:43.086Z</time>
</trkpt>
<trkpt lat="49.6412757" lon="21.1440766">
<ele>297.604</ele>
<time>2026-05-20T16:30:46.029Z</time>
</trkpt>
<trkpt lat="49.6408710" lon="21.1435991">
<ele>298.346</ele>
<time>2026-05-20T16:30:49.107Z</time>
</trkpt>
<trkpt lat="49.6404697" lon="21.1431445">
<ele>299.336</ele>
<time>2026-05-20T16:30:52.131Z</time>
</trkpt>
<trkpt lat="49.6400908" lon="21.1426866">
<ele>300.001</ele>
<time>2026-05-20T16:30:55.121Z</time>
</trkpt>
<trkpt lat="49.6397113" lon="21.1422525">
<ele>299.983</ele>
<time>2026-05-20T16:30:58.143Z</time>
</trkpt>
<trkpt lat="49.6393518" lon="21.1418119">
<ele>299.694</ele>
<time>2026-05-20T16:31:01.148Z</time>
</trkpt>
<trkpt lat="49.6389899" lon="21.1413856">
<ele>299.604</ele>
<time>2026-05-20T16:31:04.134Z</time>
</trkpt>
<trkpt lat="49.6386278" lon="21.1409668">
<ele>299.836</ele>
<time>2026-05-20T16:31:07.067Z</time>
</trkpt>
<trkpt lat="49.6382609" lon="21.1405516">
<ele>300.266</ele>
<time>2026-05-20T16:31:09.996Z</time>
</trkpt>
<trkpt lat="49.6379001" lon="21.1401186">
<ele>300.650</ele>
<time>2026-05-20T16:31:12.958Z</time>
</trkpt>
<trkpt lat="49.6375428" lon="21.1396913">
<ele>300.871</ele>
<time>2026-05-20T16:31:15.884Z</time>
</trkpt>
<trkpt lat="49.6372036" lon="21.1391856">
<ele>301.084</ele>
<time>2026-05-20T16:31:18.857Z</time>
</trkpt>
<trkpt lat="49.6369283" lon="21.1385526">
<ele>301.504</ele>
<time>2026-05-20T16:31:21.846Z</time>
</trkpt>
<trkpt lat="49.6366318" lon="21.1378913">
<ele>302.186</ele>
<time>2026-05-20T16:31:24.872Z</time>
</trkpt>
<trkpt lat="49.6363281" lon="21.1372179">
<ele>302.926</ele>
<time>2026-05-20T16:31:27.899Z</time>
</trkpt>
<trkpt lat="49.6360307" lon="21.1365581">
<ele>303.428</ele>
<time>2026-05-20T16:31:30.875Z</time>
</trkpt>
<trkpt lat="49.6357352" lon="21.1358995">
<ele>303.608</ele>
<time>2026-05-20T16:31:33.841Z</time>
</trkpt>
<trkpt lat="49.6354305" lon="21.1352306">
<ele>303.601</ele>
<time>2026-05-20T16:31:36.890Z</time>
</trkpt>
<trkpt lat="49.6351397" lon="21.1345836">
<ele>303.535</ele>
<time>2026-05-20T16:31:39.998Z</time>
</trkpt>
<trkpt lat="49.6348781" lon="21.1340254">
<ele>303.413</ele>
<time>2026-05-20T16:31:42.909Z</time>
</trkpt>
<trkpt lat="49.6346277" lon="21.1334606">
<ele>303.210</ele>
<time>2026-05-20T16:31:45.860Z</time>
</trkpt>
<trkpt lat="49.6343608" lon="21.1328885">
<ele>303.021</ele>
<time>2026-05-20T16:31:48.854Z</time>
</trkpt>
<trkpt lat="49.6340653" lon="21.1323218">
<ele>302.969</ele>
<time>2026-05-20T16:31:51.896Z</time>
</trkpt>
<trkpt lat="49.6337306" lon="21.1318082">
<ele>303.053</ele>
<time>2026-05-20T16:31:54.925Z</time>
</trkpt>
<trkpt lat="49.6333989" lon="21.1312893">
<ele>303.181</ele>
<time>2026-05-20T16:31:57.933Z</time>
</trkpt>
<trkpt lat="49.6330684" lon="21.1307803">
<ele>303.377</ele>
<time>2026-05-20T16:32:00.876Z</time>
</trkpt>
<trkpt lat="49.6327341" lon="21.1302723">
<ele>303.735</ele>
<time>2026-05-20T16:32:03.810Z</time>
</trkpt>
<trkpt lat="49.6323971" lon="21.1297536">
<ele>304.092</ele>
<time>2026-05-20T16:32:06.789Z</time>
</trkpt>
<trkpt lat="49.6320617" lon="21.1292398">
<ele>304.242</ele>
<time>2026-05-20T16:32:09.779Z</time>
</trkpt>
<trkpt lat="49.6317313" lon="21.1287353">
<ele>304.202</ele>
<time>2026-05-20T16:32:12.785Z</time>
</trkpt>
<trkpt lat="49.6314116" lon="21.1282413">
<ele>304.071</ele>
<time>2026-05-20T16:32:15.821Z</time>
</trkpt>
<trkpt lat="49.6311309" lon="21.1277450">
<ele>303.945</ele>
<time>2026-05-20T16:32:18.786Z</time>
</trkpt>
<trkpt lat="49.6308942" lon="21.1271967">
<ele>303.865</ele>
<time>2026-05-20T16:32:21.741Z</time>
</trkpt>
<trkpt lat="49.6306602" lon="21.1266187">
<ele>303.768</ele>
<time>2026-05-20T16:32:24.715Z</time>
</trkpt>
<trkpt lat="49.6304248" lon="21.1260401">
<ele>303.633</ele>
<time>2026-05-20T16:32:27.653Z</time>
</trkpt>
<trkpt lat="49.6302726" lon="21.1256561">
<ele>303.559</ele>
<time>2026-05-20T16:32:29.645Z</time>
</trkpt>
<trkpt lat="49.6300682" lon="21.1250958">
<ele>303.607</ele>
<time>2026-05-20T16:32:32.584Z</time>
</trkpt>
<trkpt lat="49.6298654" lon="21.1245464">
<ele>303.698</ele>
<time>2026-05-20T16:32:35.573Z</time>
</trkpt>
<trkpt lat="49.6297274" lon="21.1241854">
<ele>303.767</ele>
<time>2026-05-20T16:32:37.570Z</time>
</trkpt>
<trkpt lat="49.6295212" lon="21.1236364">
<ele>303.833</ele>
<time>2026-05-20T16:32:40.560Z</time>
</trkpt>
<trkpt lat="49.6293803" lon="21.1232569">
<ele>303.952</ele>
<time>2026-05-20T16:32:42.541Z</time>
</trkpt>
<trkpt lat="49.6291600" lon="21.1226686">
<ele>304.169</ele>
<time>2026-05-20T16:32:45.529Z</time>
</trkpt>
<trkpt lat="49.6289290" lon="21.1220472">
<ele>304.567</ele>
<time>2026-05-20T16:32:48.562Z</time>
</trkpt>
<trkpt lat="49.6286923" lon="21.1214154">
<ele>305.104</ele>
<time>2026-05-20T16:32:51.605Z</time>
</trkpt>
<trkpt lat="49.6284679" lon="21.1207978">
<ele>305.591</ele>
<time>2026-05-20T16:32:54.619Z</time>
</trkpt>
<trkpt lat="49.6282570" lon="21.1202194">
<ele>305.851</ele>
<time>2026-05-20T16:32:57.544Z</time>
</trkpt>
<trkpt lat="49.6280404" lon="21.1196479">
<ele>305.888</ele>
<time>2026-05-20T16:33:00.525Z</time>
</trkpt>
<trkpt lat="49.6278294" lon="21.1190835">
<ele>305.855</ele>
<time>2026-05-20T16:33:03.515Z</time>
</trkpt>
<trkpt lat="49.6276252" lon="21.1185324">
<ele>305.879</ele>
<time>2026-05-20T16:33:06.475Z</time>
</trkpt>
<trkpt lat="49.6274188" lon="21.1179746">
<ele>305.935</ele>
<time>2026-05-20T16:33:09.535Z</time>
</trkpt>
<trkpt lat="49.6272303" lon="21.1174633">
<ele>306.026</ele>
<time>2026-05-20T16:33:12.401Z</time>
</trkpt>
<trkpt lat="49.6270327" lon="21.1169294">
<ele>306.316</ele>
<time>2026-05-20T16:33:15.365Z</time>
</trkpt>
<trkpt lat="49.6268341" lon="21.1163705">
<ele>306.998</ele>
<time>2026-05-20T16:33:18.373Z</time>
</trkpt>
<trkpt lat="49.6266308" lon="21.1158255">
<ele>308.027</ele>
<time>2026-05-20T16:33:21.377Z</time>
</trkpt>
<trkpt lat="49.6264452" lon="21.1152968">
<ele>309.136</ele>
<time>2026-05-20T16:33:24.351Z</time>
</trkpt>
<trkpt lat="49.6262550" lon="21.1148055">
<ele>310.110</ele>
<time>2026-05-20T16:33:27.254Z</time>
</trkpt>
<trkpt lat="49.6259946" lon="21.1143643">
<ele>311.293</ele>
<time>2026-05-20T16:33:30.237Z</time>
</trkpt>
<trkpt lat="49.6257012" lon="21.1139193">
<ele>312.873</ele>
<time>2026-05-20T16:33:33.259Z</time>
</trkpt>
<trkpt lat="49.6253857" lon="21.1134744">
<ele>314.229</ele>
<time>2026-05-20T16:33:36.307Z</time>
</trkpt>
<trkpt lat="49.6251139" lon="21.1130043">
<ele>315.028</ele>
<time>2026-05-20T16:33:39.251Z</time>
</trkpt>
<trkpt lat="49.6249067" lon="21.1124647">
<ele>315.718</ele>
<time>2026-05-20T16:33:42.207Z</time>
</trkpt>
<trkpt lat="49.6248375" lon="21.1118167">
<ele>316.647</ele>
<time>2026-05-20T16:33:45.236Z</time>
</trkpt>
<trkpt lat="49.6249152" lon="21.1111547">
<ele>317.705</ele>
<time>2026-05-20T16:33:48.288Z</time>
</trkpt>
<trkpt lat="49.6250041" lon="21.1105290">
<ele>318.520</ele>
<time>2026-05-20T16:33:51.242Z</time>
</trkpt>
<trkpt lat="49.6250920" lon="21.1099366">
<ele>318.584</ele>
<time>2026-05-20T16:33:54.132Z</time>
</trkpt>
<trkpt lat="49.6251747" lon="21.1093181">
<ele>317.452</ele>
<time>2026-05-20T16:33:57.148Z</time>
</trkpt>
<trkpt lat="49.6252169" lon="21.1088842">
<ele>315.496</ele>
<time>2026-05-20T16:33:59.161Z</time>
</trkpt>
<trkpt lat="49.6252805" lon="21.1081937">
<ele>313.697</ele>
<time>2026-05-20T16:34:02.257Z</time>
</trkpt>
<trkpt lat="49.6253423" lon="21.1075060">
<ele>312.492</ele>
<time>2026-05-20T16:34:05.286Z</time>
</trkpt>
<trkpt lat="49.6254058" lon="21.1068408">
<ele>311.680</ele>
<time>2026-05-20T16:34:08.260Z</time>
</trkpt>
<trkpt lat="49.6254689" lon="21.1061920">
<ele>311.105</ele>
<time>2026-05-20T16:34:11.228Z</time>
</trkpt>
<trkpt lat="49.6255191" lon="21.1055587">
<ele>310.791</ele>
<time>2026-05-20T16:34:14.194Z</time>
</trkpt>
<trkpt lat="49.6255772" lon="21.1049436">
<ele>310.814</ele>
<time>2026-05-20T16:34:17.177Z</time>
</trkpt>
<trkpt lat="49.6255784" lon="21.1043325">
<ele>311.107</ele>
<time>2026-05-20T16:34:20.175Z</time>
</trkpt>
<trkpt lat="49.6254680" lon="21.1037466">
<ele>311.467</ele>
<time>2026-05-20T16:34:23.128Z</time>
</trkpt>
<trkpt lat="49.6253182" lon="21.1031407">
<ele>311.869</ele>
<time>2026-05-20T16:34:26.136Z</time>
</trkpt>
<trkpt lat="49.6251596" lon="21.1025127">
<ele>312.475</ele>
<time>2026-05-20T16:34:29.172Z</time>
</trkpt>
<trkpt lat="49.6250072" lon="21.1018910">
<ele>313.157</ele>
<time>2026-05-20T16:34:32.151Z</time>
</trkpt>
<trkpt lat="49.6248516" lon="21.1012621">
<ele>313.577</ele>
<time>2026-05-20T16:34:35.170Z</time>
</trkpt>
<trkpt lat="49.6247487" lon="21.1008523">
<ele>313.614</ele>
<time>2026-05-20T16:34:37.156Z</time>
</trkpt>
<trkpt lat="49.6246545" lon="21.1004504">
<ele>313.399</ele>
<time>2026-05-20T16:34:39.112Z</time>
</trkpt>
<trkpt lat="49.6245566" lon="21.1000483">
<ele>313.147</ele>
<time>2026-05-20T16:34:41.098Z</time>
</trkpt>
<trkpt lat="49.6244533" lon="21.0996526">
<ele>313.123</ele>
<time>2026-05-20T16:34:43.076Z</time>
</trkpt>
<trkpt lat="49.6243112" lon="21.0990457">
<ele>313.420</ele>
<time>2026-05-20T16:34:46.073Z</time>
</trkpt>
<trkpt lat="49.6241623" lon="21.0984450">
<ele>313.996</ele>
<time>2026-05-20T16:34:49.053Z</time>
</trkpt>
<trkpt lat="49.6240175" lon="21.0978308">
<ele>314.871</ele>
<time>2026-05-20T16:34:52.065Z</time>
</trkpt>
<trkpt lat="49.6238732" lon="21.0972248">
<ele>316.197</ele>
<time>2026-05-20T16:34:55.070Z</time>
</trkpt>
<trkpt lat="49.6237386" lon="21.0966590">
<ele>318.280</ele>
<time>2026-05-20T16:34:58.009Z</time>
</trkpt>
<trkpt lat="49.6235971" lon="21.0961402">
<ele>321.428</ele>
<time>2026-05-20T16:35:00.949Z</time>
</trkpt>
<trkpt lat="49.6233694" lon="21.0957116">
<ele>325.325</ele>
<time>2026-05-20T16:35:03.969Z</time>
</trkpt>
<trkpt lat="49.6231162" lon="21.0953353">
<ele>329.129</ele>
<time>2026-05-20T16:35:06.931Z</time>
</trkpt>
<trkpt lat="49.6228438" lon="21.0949899">
<ele>332.154</ele>
<time>2026-05-20T16:35:09.896Z</time>
</trkpt>
<trkpt lat="49.6225830" lon="21.0946035">
<ele>334.145</ele>
<time>2026-05-20T16:35:12.916Z</time>
</trkpt>
<trkpt lat="49.6224162" lon="21.0941011">
<ele>335.172</ele>
<time>2026-05-20T16:35:15.917Z</time>
</trkpt>
<trkpt lat="49.6223348" lon="21.0935207">
<ele>335.550</ele>
<time>2026-05-20T16:35:19.031Z</time>
</trkpt>
<trkpt lat="49.6222841" lon="21.0929543">
<ele>335.599</ele>
<time>2026-05-20T16:35:22.101Z</time>
</trkpt>
<trkpt lat="49.6223295" lon="21.0924429">
<ele>335.578</ele>
<time>2026-05-20T16:35:25.029Z</time>
</trkpt>
<trkpt lat="49.6224875" lon="21.0919956">
<ele>335.693</ele>
<time>2026-05-20T16:35:27.965Z</time>
</trkpt>
<trkpt lat="49.6226694" lon="21.0915477">
<ele>336.302</ele>
<time>2026-05-20T16:35:30.943Z</time>
</trkpt>
<trkpt lat="49.6228436" lon="21.0911115">
<ele>337.868</ele>
<time>2026-05-20T16:35:33.968Z</time>
</trkpt>
<trkpt lat="49.6229912" lon="21.0907849">
<ele>340.038</ele>
<time>2026-05-20T16:35:36.674Z</time>
</trkpt>
<trkpt lat="49.6230705" lon="21.0904335">
<ele>341.709</ele>
<time>2026-05-20T16:35:39.525Z</time>
</trkpt>
<trkpt lat="49.6230305" lon="21.0900143">
<ele>342.286</ele>
<time>2026-05-20T16:35:42.653Z</time>
</trkpt>
<trkpt lat="49.6228080" lon="21.0896337">
<ele>341.713</ele>
<time>2026-05-20T16:35:45.852Z</time>
</trkpt>
<trkpt lat="49.6225465" lon="21.0892104">
<ele>340.381</ele>
<time>2026-05-20T16:35:48.965Z</time>
</trkpt>
<trkpt lat="49.6222959" lon="21.0887411">
<ele>339.136</ele>
<time>2026-05-20T16:35:51.896Z</time>
</trkpt>
<trkpt lat="49.6220695" lon="21.0881473">
<ele>338.458</ele>
<time>2026-05-20T16:35:54.915Z</time>
</trkpt>
<trkpt lat="49.6218393" lon="21.0875025">
<ele>337.880</ele>
<time>2026-05-20T16:35:57.927Z</time>
</trkpt>
<trkpt lat="49.6216161" lon="21.0868864">
<ele>336.721</ele>
<time>2026-05-20T16:36:00.824Z</time>
</trkpt>
<trkpt lat="49.6213462" lon="21.0863779">
<ele>334.849</ele>
<time>2026-05-20T16:36:03.646Z</time>
</trkpt>
<trkpt lat="49.6209948" lon="21.0859891">
<ele>332.654</ele>
<time>2026-05-20T16:36:06.628Z</time>
</trkpt>
<trkpt lat="49.6206594" lon="21.0856089">
<ele>330.749</ele>
<time>2026-05-20T16:36:09.586Z</time>
</trkpt>
<trkpt lat="49.6203445" lon="21.0852008">
<ele>329.836</ele>
<time>2026-05-20T16:36:12.592Z</time>
</trkpt>
<trkpt lat="49.6200449" lon="21.0847715">
<ele>330.190</ele>
<time>2026-05-20T16:36:15.619Z</time>
</trkpt>
<trkpt lat="49.6197504" lon="21.0843344">
<ele>331.496</ele>
<time>2026-05-20T16:36:18.654Z</time>
</trkpt>
<trkpt lat="49.6195160" lon="21.0838405">
<ele>333.128</ele>
<time>2026-05-20T16:36:21.618Z</time>
</trkpt>
<trkpt lat="49.6194031" lon="21.0832436">
<ele>334.704</ele>
<time>2026-05-20T16:36:24.614Z</time>
</trkpt>
<trkpt lat="49.6193268" lon="21.0826200">
<ele>336.323</ele>
<time>2026-05-20T16:36:27.612Z</time>
</trkpt>
<trkpt lat="49.6192609" lon="21.0819913">
<ele>337.896</ele>
<time>2026-05-20T16:36:30.647Z</time>
</trkpt>
<trkpt lat="49.6191925" lon="21.0814338">
<ele>338.956</ele>
<time>2026-05-20T16:36:33.622Z</time>
</trkpt>
<trkpt lat="49.6190143" lon="21.0810588">
<ele>339.202</ele>
<time>2026-05-20T16:36:36.435Z</time>
</trkpt>
<trkpt lat="49.6187183" lon="21.0808561">
<ele>338.817</ele>
<time>2026-05-20T16:36:39.608Z</time>
</trkpt>
<trkpt lat="49.6185383" lon="21.0806759">
<ele>338.071</ele>
<time>2026-05-20T16:36:41.607Z</time>
</trkpt>
<trkpt lat="49.6183119" lon="21.0802601">
<ele>337.079</ele>
<time>2026-05-20T16:36:44.718Z</time>
</trkpt>
<trkpt lat="49.6182028" lon="21.0798951">
<ele>335.974</ele>
<time>2026-05-20T16:36:46.776Z</time>
</trkpt>
<trkpt lat="49.6180871" lon="21.0792190">
<ele>334.900</ele>
<time>2026-05-20T16:36:49.967Z</time>
</trkpt>
<trkpt lat="49.6179700" lon="21.0784874">
<ele>333.699</ele>
<time>2026-05-20T16:36:53.097Z</time>
</trkpt>
<trkpt lat="49.6177982" lon="21.0777805">
<ele>332.026</ele>
<time>2026-05-20T16:36:56.158Z</time>
</trkpt>
<trkpt lat="49.6176018" lon="21.0771050">
<ele>330.051</ele>
<time>2026-05-20T16:36:59.158Z</time>
</trkpt>
<trkpt lat="49.6173999" lon="21.0764368">
<ele>328.509</ele>
<time>2026-05-20T16:37:02.114Z</time>
</trkpt>
<trkpt lat="49.6171831" lon="21.0757277">
<ele>327.764</ele>
<time>2026-05-20T16:37:05.145Z</time>
</trkpt>
<trkpt lat="49.6169632" lon="21.0749878">
<ele>327.592</ele>
<time>2026-05-20T16:37:08.149Z</time>
</trkpt>
<trkpt lat="49.6167341" lon="21.0742280">
<ele>327.849</ele>
<time>2026-05-20T16:37:11.143Z</time>
</trkpt>
<trkpt lat="49.6164978" lon="21.0734482">
<ele>328.398</ele>
<time>2026-05-20T16:37:14.172Z</time>
</trkpt>
<trkpt lat="49.6162648" lon="21.0726791">
<ele>329.111</ele>
<time>2026-05-20T16:37:17.167Z</time>
</trkpt>
<trkpt lat="49.6160382" lon="21.0719265">
<ele>329.887</ele>
<time>2026-05-20T16:37:20.134Z</time>
</trkpt>
<trkpt lat="49.6158090" lon="21.0711796">
<ele>330.498</ele>
<time>2026-05-20T16:37:23.116Z</time>
</trkpt>
<trkpt lat="49.6155826" lon="21.0704313">
<ele>330.705</ele>
<time>2026-05-20T16:37:26.098Z</time>
</trkpt>
<trkpt lat="49.6153564" lon="21.0696824">
<ele>330.552</ele>
<time>2026-05-20T16:37:29.091Z</time>
</trkpt>
<trkpt lat="49.6151332" lon="21.0689454">
<ele>330.209</ele>
<time>2026-05-20T16:37:32.129Z</time>
</trkpt>
<trkpt lat="49.6149308" lon="21.0682774">
<ele>329.681</ele>
<time>2026-05-20T16:37:35.093Z</time>
</trkpt>
<trkpt lat="49.6147444" lon="21.0676677">
<ele>328.834</ele>
<time>2026-05-20T16:37:38.014Z</time>
</trkpt>
<trkpt lat="49.6145580" lon="21.0670653">
<ele>327.902</ele>
<time>2026-05-20T16:37:40.983Z</time>
</trkpt>
<trkpt lat="49.6143760" lon="21.0664545">
<ele>327.350</ele>
<time>2026-05-20T16:37:43.950Z</time>
</trkpt>
<trkpt lat="49.6142030" lon="21.0658249">
<ele>327.360</ele>
<time>2026-05-20T16:37:46.927Z</time>
</trkpt>
<trkpt lat="49.6140344" lon="21.0651754">
<ele>327.944</ele>
<time>2026-05-20T16:37:49.927Z</time>
</trkpt>
<trkpt lat="49.6138218" lon="21.0645269">
<ele>328.957</ele>
<time>2026-05-20T16:37:53.007Z</time>
</trkpt>
<trkpt lat="49.6135824" lon="21.0639087">
<ele>329.939</ele>
<time>2026-05-20T16:37:56.062Z</time>
</trkpt>
<trkpt lat="49.6133365" lon="21.0632947">
<ele>330.539</ele>
<time>2026-05-20T16:37:59.148Z</time>
</trkpt>
<trkpt lat="49.6131286" lon="21.0626654">
<ele>330.914</ele>
<time>2026-05-20T16:38:02.191Z</time>
</trkpt>
<trkpt lat="49.6130027" lon="21.0619707">
<ele>331.467</ele>
<time>2026-05-20T16:38:05.276Z</time>
</trkpt>
<trkpt lat="49.6129664" lon="21.0612641">
<ele>332.373</ele>
<time>2026-05-20T16:38:08.239Z</time>
</trkpt>
<trkpt lat="49.6129361" lon="21.0605341">
<ele>333.407</ele>
<time>2026-05-20T16:38:11.274Z</time>
</trkpt>
<trkpt lat="49.6129184" lon="21.0598060">
<ele>334.565</ele>
<time>2026-05-20T16:38:14.347Z</time>
</trkpt>
<trkpt lat="49.6128900" lon="21.0590762">
<ele>335.961</ele>
<time>2026-05-20T16:38:17.463Z</time>
</trkpt>
<trkpt lat="49.6128756" lon="21.0583470">
<ele>337.276</ele>
<time>2026-05-20T16:38:20.550Z</time>
</trkpt>
<trkpt lat="49.6129392" lon="21.0576206">
<ele>338.140</ele>
<time>2026-05-20T16:38:23.656Z</time>
</trkpt>
<trkpt lat="49.6130344" lon="21.0569405">
<ele>338.542</ele>
<time>2026-05-20T16:38:26.663Z</time>
</trkpt>
<trkpt lat="49.6130842" lon="21.0562973">
<ele>338.608</ele>
<time>2026-05-20T16:38:29.485Z</time>
</trkpt>
<trkpt lat="49.6130857" lon="21.0556308">
<ele>338.426</ele>
<time>2026-05-20T16:38:32.363Z</time>
</trkpt>
<trkpt lat="49.6130131" lon="21.0549452">
<ele>338.079</ele>
<time>2026-05-20T16:38:35.346Z</time>
</trkpt>
<trkpt lat="49.6129293" lon="21.0542523">
<ele>337.856</ele>
<time>2026-05-20T16:38:38.363Z</time>
</trkpt>
<trkpt lat="49.6127768" lon="21.0535414">
<ele>337.932</ele>
<time>2026-05-20T16:38:41.514Z</time>
</trkpt>
<trkpt lat="49.6125937" lon="21.0528362">
<ele>338.110</ele>
<time>2026-05-20T16:38:44.650Z</time>
</trkpt>
<trkpt lat="49.6123807" lon="21.0521644">
<ele>338.024</ele>
<time>2026-05-20T16:38:47.690Z</time>
</trkpt>
<trkpt lat="49.6121975" lon="21.0517543">
<ele>337.346</ele>
<time>2026-05-20T16:38:49.667Z</time>
</trkpt>
<trkpt lat="49.6120022" lon="21.0513505">
<ele>336.211</ele>
<time>2026-05-20T16:38:51.636Z</time>
</trkpt>
<trkpt lat="49.6118119" lon="21.0509347">
<ele>335.239</ele>
<time>2026-05-20T16:38:53.602Z</time>
</trkpt>
<trkpt lat="49.6115190" lon="21.0503012">
<ele>334.883</ele>
<time>2026-05-20T16:38:56.559Z</time>
</trkpt>
<trkpt lat="49.6112107" lon="21.0496371">
<ele>335.079</ele>
<time>2026-05-20T16:38:59.563Z</time>
</trkpt>
<trkpt lat="49.6108883" lon="21.0489577">
<ele>335.640</ele>
<time>2026-05-20T16:39:02.565Z</time>
</trkpt>
<trkpt lat="49.6105685" lon="21.0482691">
<ele>336.485</ele>
<time>2026-05-20T16:39:05.581Z</time>
</trkpt>
<trkpt lat="49.6102622" lon="21.0476186">
<ele>337.439</ele>
<time>2026-05-20T16:39:08.599Z</time>
</trkpt>
<trkpt lat="49.6100162" lon="21.0470385">
<ele>338.100</ele>
<time>2026-05-20T16:39:11.402Z</time>
</trkpt>
<trkpt lat="49.6097394" lon="21.0465123">
<ele>338.333</ele>
<time>2026-05-20T16:39:14.251Z</time>
</trkpt>
<trkpt lat="49.6094163" lon="21.0460399">
<ele>338.370</ele>
<time>2026-05-20T16:39:17.145Z</time>
</trkpt>
<trkpt lat="49.6090837" lon="21.0455659">
<ele>338.585</ele>
<time>2026-05-20T16:39:20.076Z</time>
</trkpt>
<trkpt lat="49.6087347" lon="21.0450928">
<ele>339.244</ele>
<time>2026-05-20T16:39:23.073Z</time>
</trkpt>
<trkpt lat="49.6083833" lon="21.0446307">
<ele>340.171</ele>
<time>2026-05-20T16:39:26.031Z</time>
</trkpt>
<trkpt lat="49.6079522" lon="21.0443050">
<ele>341.155</ele>
<time>2026-05-20T16:39:29.062Z</time>
</trkpt>
<trkpt lat="49.6075192" lon="21.0439917">
<ele>342.294</ele>
<time>2026-05-20T16:39:32.065Z</time>
</trkpt>
<trkpt lat="49.6070968" lon="21.0436940">
<ele>343.626</ele>
<time>2026-05-20T16:39:35.040Z</time>
</trkpt>
<trkpt lat="49.6066892" lon="21.0433649">
<ele>345.106</ele>
<time>2026-05-20T16:39:38.072Z</time>
</trkpt>
<trkpt lat="49.6063197" lon="21.0429706">
<ele>346.656</ele>
<time>2026-05-20T16:39:41.091Z</time>
</trkpt>
<trkpt lat="49.6059971" lon="21.0425007">
<ele>348.321</ele>
<time>2026-05-20T16:39:44.101Z</time>
</trkpt>
<trkpt lat="49.6057402" lon="21.0419480">
<ele>350.507</ele>
<time>2026-05-20T16:39:47.110Z</time>
</trkpt>
<trkpt lat="49.6055459" lon="21.0413570">
<ele>353.355</ele>
<time>2026-05-20T16:39:50.105Z</time>
</trkpt>
<trkpt lat="49.6053980" lon="21.0407631">
<ele>356.122</ele>
<time>2026-05-20T16:39:53.054Z</time>
</trkpt>
<trkpt lat="49.6053157" lon="21.0401354">
<ele>357.902</ele>
<time>2026-05-20T16:39:56.112Z</time>
</trkpt>
<trkpt lat="49.6053020" lon="21.0395733">
<ele>358.669</ele>
<time>2026-05-20T16:39:59.035Z</time>
</trkpt>
<trkpt lat="49.6052802" lon="21.0390596">
<ele>358.947</ele>
<time>2026-05-20T16:40:02.103Z</time>
</trkpt>
<trkpt lat="49.6052534" lon="21.0386248">
<ele>358.531</ele>
<time>2026-05-20T16:40:05.122Z</time>
</trkpt>
<trkpt lat="49.6052320" lon="21.0382402">
<ele>356.794</ele>
<time>2026-05-20T16:40:08.205Z</time>
</trkpt>
<trkpt lat="49.6052111" lon="21.0379062">
<ele>354.273</ele>
<time>2026-05-20T16:40:11.231Z</time>
</trkpt>
<trkpt lat="49.6051938" lon="21.0376002">
<ele>352.350</ele>
<time>2026-05-20T16:40:14.547Z</time>
</trkpt>
<trkpt lat="49.6051042" lon="21.0374642">
<ele>351.528</ele>
<time>2026-05-20T16:40:17.145Z</time>
</trkpt>
<trkpt lat="49.6049672" lon="21.0375628">
<ele>351.402</ele>
<time>2026-05-20T16:40:20.173Z</time>
</trkpt>
<trkpt lat="49.6048671" lon="21.0378403">
<ele>351.635</ele>
<time>2026-05-20T16:40:23.151Z</time>
</trkpt>
<trkpt lat="49.6047608" lon="21.0382710">
<ele>352.049</ele>
<time>2026-05-20T16:40:26.298Z</time>
</trkpt>
<trkpt lat="49.6046752" lon="21.0388030">
<ele>352.375</ele>
<time>2026-05-20T16:40:29.470Z</time>
</trkpt>
<trkpt lat="49.6046274" lon="21.0393079">
<ele>352.331</ele>
<time>2026-05-20T16:40:32.428Z</time>
</trkpt>
<trkpt lat="49.6045580" lon="21.0397431">
<ele>351.916</ele>
<time>2026-05-20T16:40:35.251Z</time>
</trkpt>
<trkpt lat="49.6044817" lon="21.0401368">
<ele>351.304</ele>
<time>2026-05-20T16:40:38.081Z</time>
</trkpt>
<trkpt lat="49.6043979" lon="21.0405087">
<ele>350.572</ele>
<time>2026-05-20T16:40:40.899Z</time>
</trkpt>
<trkpt lat="49.6042584" lon="21.0409044">
<ele>349.449</ele>
<time>2026-05-20T16:40:43.911Z</time>
</trkpt>
<trkpt lat="49.6040383" lon="21.0413247">
<ele>347.775</ele>
<time>2026-05-20T16:40:47.078Z</time>
</trkpt>
<trkpt lat="49.6037993" lon="21.0417715">
<ele>345.602</ele>
<time>2026-05-20T16:40:50.137Z</time>
</trkpt>
<trkpt lat="49.6034515" lon="21.0420904">
<ele>343.130</ele>
<time>2026-05-20T16:40:53.232Z</time>
</trkpt>
<trkpt lat="49.6032009" lon="21.0422396">
<ele>340.961</ele>
<time>2026-05-20T16:40:55.205Z</time>
</trkpt>
<trkpt lat="49.6028039" lon="21.0424502">
<ele>339.623</ele>
<time>2026-05-20T16:40:58.232Z</time>
</trkpt>
<trkpt lat="49.6025427" lon="21.0425927">
<ele>338.895</ele>
<time>2026-05-20T16:41:00.222Z</time>
</trkpt>
<trkpt lat="49.6022864" lon="21.0427310">
<ele>338.463</ele>
<time>2026-05-20T16:41:02.269Z</time>
</trkpt>
<trkpt lat="49.6020512" lon="21.0428134">
<ele>338.440</ele>
<time>2026-05-20T16:41:04.324Z</time>
</trkpt>
<trkpt lat="49.6017511" lon="21.0428622">
<ele>338.931</ele>
<time>2026-05-20T16:41:07.174Z</time>
</trkpt>
<trkpt lat="49.6014969" lon="21.0430672">
<ele>339.706</ele>
<time>2026-05-20T16:41:10.086Z</time>
</trkpt>
<trkpt lat="49.6012447" lon="21.0433387">
<ele>340.657</ele>
<time>2026-05-20T16:41:13.093Z</time>
</trkpt>
<trkpt lat="49.6009204" lon="21.0435088">
<ele>341.708</ele>
<time>2026-05-20T16:41:16.164Z</time>
</trkpt>
<trkpt lat="49.6005575" lon="21.0435920">
<ele>342.408</ele>
<time>2026-05-20T16:41:19.257Z</time>
</trkpt>
<trkpt lat="49.6002134" lon="21.0437745">
<ele>342.502</ele>
<time>2026-05-20T16:41:22.305Z</time>
</trkpt>
<trkpt lat="49.5998820" lon="21.0439682">
<ele>342.267</ele>
<time>2026-05-20T16:41:25.360Z</time>
</trkpt>
<trkpt lat="49.5995493" lon="21.0440696">
<ele>341.993</ele>
<time>2026-05-20T16:41:28.396Z</time>
</trkpt>
<trkpt lat="49.5992279" lon="21.0440222">
<ele>341.647</ele>
<time>2026-05-20T16:41:31.367Z</time>
</trkpt>
<trkpt lat="49.5989150" lon="21.0438443">
<ele>341.189</ele>
<time>2026-05-20T16:41:34.477Z</time>
</trkpt>
<trkpt lat="49.5986246" lon="21.0436683">
<ele>340.820</ele>
<time>2026-05-20T16:41:37.431Z</time>
</trkpt>
<trkpt lat="49.5983172" lon="21.0435176">
<ele>340.758</ele>
<time>2026-05-20T16:41:40.444Z</time>
</trkpt>
<trkpt lat="49.5979901" lon="21.0434410">
<ele>341.025</ele>
<time>2026-05-20T16:41:43.488Z</time>
</trkpt>
<trkpt lat="49.5976821" lon="21.0435071">
<ele>341.424</ele>
<time>2026-05-20T16:41:46.408Z</time>
</trkpt>
<trkpt lat="49.5973768" lon="21.0435023">
<ele>341.647</ele>
<time>2026-05-20T16:41:49.429Z</time>
</trkpt>
<trkpt lat="49.5971305" lon="21.0433806">
<ele>341.554</ele>
<time>2026-05-20T16:41:52.352Z</time>
</trkpt>
<trkpt lat="49.5969578" lon="21.0432394">
<ele>341.170</ele>
<time>2026-05-20T16:41:55.008Z</time>
</trkpt>
<trkpt lat="49.5969366" lon="21.0429613">
<ele>340.667</ele>
<time>2026-05-20T16:41:57.709Z</time>
</trkpt>
<trkpt lat="49.5969434" lon="21.0425791">
<ele>340.606</ele>
<time>2026-05-20T16:42:00.920Z</time>
</trkpt>
<trkpt lat="49.5969690" lon="21.0421355">
<ele>341.622</ele>
<time>2026-05-20T16:42:04.039Z</time>
</trkpt>
<trkpt lat="49.5969749" lon="21.0416426">
<ele>343.520</ele>
<time>2026-05-20T16:42:07.173Z</time>
</trkpt>
<trkpt lat="49.5969493" lon="21.0411282">
<ele>345.767</ele>
<time>2026-05-20T16:42:10.284Z</time>
</trkpt>
<trkpt lat="49.5968783" lon="21.0406167">
<ele>348.395</ele>
<time>2026-05-20T16:42:13.339Z</time>
</trkpt>
<trkpt lat="49.5968087" lon="21.0400982">
<ele>351.652</ele>
<time>2026-05-20T16:42:16.391Z</time>
</trkpt>
<trkpt lat="49.5967185" lon="21.0396053">
<ele>355.444</ele>
<time>2026-05-20T16:42:19.400Z</time>
</trkpt>
<trkpt lat="49.5965133" lon="21.0392209">
<ele>359.299</ele>
<time>2026-05-20T16:42:22.387Z</time>
</trkpt>
<trkpt lat="49.5961881" lon="21.0390873">
<ele>362.671</ele>
<time>2026-05-20T16:42:25.375Z</time>
</trkpt>
<trkpt lat="49.5958196" lon="21.0390355">
<ele>365.424</ele>
<time>2026-05-20T16:42:28.386Z</time>
</trkpt>
<trkpt lat="49.5954300" lon="21.0389680">
<ele>367.845</ele>
<time>2026-05-20T16:42:31.423Z</time>
</trkpt>
<trkpt lat="49.5950507" lon="21.0389213">
<ele>370.315</ele>
<time>2026-05-20T16:42:34.569Z</time>
</trkpt>
<trkpt lat="49.5947607" lon="21.0388591">
<ele>372.833</ele>
<time>2026-05-20T16:42:37.400Z</time>
</trkpt>
<trkpt lat="49.5945433" lon="21.0385978">
<ele>374.873</ele>
<time>2026-05-20T16:42:40.305Z</time>
</trkpt>
<trkpt lat="49.5944547" lon="21.0381466">
<ele>376.166</ele>
<time>2026-05-20T16:42:43.326Z</time>
</trkpt>
<trkpt lat="49.5944359" lon="21.0376167">
<ele>377.310</ele>
<time>2026-05-20T16:42:46.354Z</time>
</trkpt>
<trkpt lat="49.5944171" lon="21.0370558">
<ele>378.881</ele>
<time>2026-05-20T16:42:49.323Z</time>
</trkpt>
<trkpt lat="49.5944232" lon="21.0364735">
<ele>380.871</ele>
<time>2026-05-20T16:42:52.295Z</time>
</trkpt>
<trkpt lat="49.5944454" lon="21.0358789">
<ele>383.174</ele>
<time>2026-05-20T16:42:55.279Z</time>
</trkpt>
<trkpt lat="49.5944748" lon="21.0352723">
<ele>385.694</ele>
<time>2026-05-20T16:42:58.278Z</time>
</trkpt>
<trkpt lat="49.5944894" lon="21.0348611">
<ele>388.165</ele>
<time>2026-05-20T16:43:00.319Z</time>
</trkpt>
<trkpt lat="49.5945156" lon="21.0342814">
<ele>390.291</ele>
<time>2026-05-20T16:43:03.277Z</time>
</trkpt>
<trkpt lat="49.5945292" lon="21.0339052">
<ele>392.034</ele>
<time>2026-05-20T16:43:05.255Z</time>
</trkpt>
<trkpt lat="49.5945507" lon="21.0333381">
<ele>393.600</ele>
<time>2026-05-20T16:43:08.217Z</time>
</trkpt>
<trkpt lat="49.5945940" lon="21.0327480">
<ele>395.280</ele>
<time>2026-05-20T16:43:11.254Z</time>
</trkpt>
<trkpt lat="49.5946813" lon="21.0323758">
<ele>397.354</ele>
<time>2026-05-20T16:43:13.263Z</time>
</trkpt>
<trkpt lat="49.5948666" lon="21.0318604">
<ele>399.603</ele>
<time>2026-05-20T16:43:16.229Z</time>
</trkpt>
<trkpt lat="49.5950645" lon="21.0313387">
<ele>401.515</ele>
<time>2026-05-20T16:43:19.205Z</time>
</trkpt>
<trkpt lat="49.5952609" lon="21.0308033">
<ele>403.125</ele>
<time>2026-05-20T16:43:22.180Z</time>
</trkpt>
<trkpt lat="49.5954703" lon="21.0302771">
<ele>404.948</ele>
<time>2026-05-20T16:43:25.189Z</time>
</trkpt>
<trkpt lat="49.5956470" lon="21.0297573">
<ele>407.405</ele>
<time>2026-05-20T16:43:28.211Z</time>
</trkpt>
<trkpt lat="49.5957001" lon="21.0292342">
<ele>410.348</ele>
<time>2026-05-20T16:43:31.198Z</time>
</trkpt>
<trkpt lat="49.5956203" lon="21.0287706">
<ele>413.183</ele>
<time>2026-05-20T16:43:34.077Z</time>
</trkpt>
<trkpt lat="49.5954642" lon="21.0283256">
<ele>415.580</ele>
<time>2026-05-20T16:43:37.050Z</time>
</trkpt>
<trkpt lat="49.5952446" lon="21.0278768">
<ele>417.646</ele>
<time>2026-05-20T16:43:40.108Z</time>
</trkpt>
<trkpt lat="49.5950240" lon="21.0273843">
<ele>419.883</ele>
<time>2026-05-20T16:43:43.140Z</time>
</trkpt>
<trkpt lat="49.5947864" lon="21.0268804">
<ele>422.709</ele>
<time>2026-05-20T16:43:46.139Z</time>
</trkpt>
<trkpt lat="49.5945501" lon="21.0263623">
<ele>425.929</ele>
<time>2026-05-20T16:43:49.128Z</time>
</trkpt>
<trkpt lat="49.5943192" lon="21.0258635">
<ele>429.158</ele>
<time>2026-05-20T16:43:52.078Z</time>
</trkpt>
<trkpt lat="49.5940795" lon="21.0254114">
<ele>432.184</ele>
<time>2026-05-20T16:43:54.985Z</time>
</trkpt>
<trkpt lat="49.5937814" lon="21.0250505">
<ele>434.953</ele>
<time>2026-05-20T16:43:57.948Z</time>
</trkpt>
<trkpt lat="49.5934616" lon="21.0247097">
<ele>437.773</ele>
<time>2026-05-20T16:44:00.986Z</time>
</trkpt>
<trkpt lat="49.5931310" lon="21.0243608">
<ele>441.012</ele>
<time>2026-05-20T16:44:04.036Z</time>
</trkpt>
<trkpt lat="49.5927824" lon="21.0240101">
<ele>444.418</ele>
<time>2026-05-20T16:44:07.057Z</time>
</trkpt>
<trkpt lat="49.5924326" lon="21.0236270">
<ele>447.499</ele>
<time>2026-05-20T16:44:10.031Z</time>
</trkpt>
<trkpt lat="49.5920693" lon="21.0232522">
<ele>450.421</ele>
<time>2026-05-20T16:44:13.042Z</time>
</trkpt>
<trkpt lat="49.5917631" lon="21.0228841">
<ele>453.476</ele>
<time>2026-05-20T16:44:15.892Z</time>
</trkpt>
<trkpt lat="49.5915931" lon="21.0224082">
<ele>456.313</ele>
<time>2026-05-20T16:44:18.689Z</time>
</trkpt>
<trkpt lat="49.5914767" lon="21.0218538">
<ele>458.806</ele>
<time>2026-05-20T16:44:21.722Z</time>
</trkpt>
<trkpt lat="49.5913677" lon="21.0212762">
<ele>461.384</ele>
<time>2026-05-20T16:44:24.766Z</time>
</trkpt>
<trkpt lat="49.5912542" lon="21.0207016">
<ele>464.367</ele>
<time>2026-05-20T16:44:27.823Z</time>
</trkpt>
<trkpt lat="49.5911374" lon="21.0201662">
<ele>467.607</ele>
<time>2026-05-20T16:44:30.809Z</time>
</trkpt>
<trkpt lat="49.5909615" lon="21.0196617">
<ele>470.694</ele>
<time>2026-05-20T16:44:33.872Z</time>
</trkpt>
<trkpt lat="49.5906985" lon="21.0192129">
<ele>473.467</ele>
<time>2026-05-20T16:44:36.995Z</time>
</trkpt>
<trkpt lat="49.5904202" lon="21.0187534">
<ele>476.235</ele>
<time>2026-05-20T16:44:40.139Z</time>
</trkpt>
<trkpt lat="49.5901347" lon="21.0183272">
<ele>479.215</ele>
<time>2026-05-20T16:44:43.192Z</time>
</trkpt>
<trkpt lat="49.5897979" lon="21.0180251">
<ele>482.261</ele>
<time>2026-05-20T16:44:46.188Z</time>
</trkpt>
<trkpt lat="49.5894322" lon="21.0177933">
<ele>485.181</ele>
<time>2026-05-20T16:44:49.210Z</time>
</trkpt>
<trkpt lat="49.5890590" lon="21.0176022">
<ele>487.937</ele>
<time>2026-05-20T16:44:52.220Z</time>
</trkpt>
<trkpt lat="49.5887183" lon="21.0172968">
<ele>490.601</ele>
<time>2026-05-20T16:44:55.303Z</time>
</trkpt>
<trkpt lat="49.5885110" lon="21.0168365">
<ele>493.142</ele>
<time>2026-05-20T16:44:58.243Z</time>
</trkpt>
<trkpt lat="49.5884183" lon="21.0162735">
<ele>495.559</ele>
<time>2026-05-20T16:45:01.290Z</time>
</trkpt>
<trkpt lat="49.5883184" lon="21.0156960">
<ele>498.167</ele>
<time>2026-05-20T16:45:04.311Z</time>
</trkpt>
<trkpt lat="49.5882410" lon="21.0152823">
<ele>501.111</ele>
<time>2026-05-20T16:45:06.387Z</time>
</trkpt>
<trkpt lat="49.5881381" lon="21.0146640">
<ele>504.169</ele>
<time>2026-05-20T16:45:09.426Z</time>
</trkpt>
<trkpt lat="49.5880361" lon="21.0140582">
<ele>507.159</ele>
<time>2026-05-20T16:45:12.463Z</time>
</trkpt>
<trkpt lat="49.5879377" lon="21.0134819">
<ele>510.274</ele>
<time>2026-05-20T16:45:15.500Z</time>
</trkpt>
<trkpt lat="49.5878509" lon="21.0131310">
<ele>513.646</ele>
<time>2026-05-20T16:45:17.517Z</time>
</trkpt>
<trkpt lat="49.5876501" lon="21.0126743">
<ele>516.634</ele>
<time>2026-05-20T16:45:20.492Z</time>
</trkpt>
<trkpt lat="49.5873493" lon="21.0123477">
<ele>518.858</ele>
<time>2026-05-20T16:45:23.474Z</time>
</trkpt>
<trkpt lat="49.5870151" lon="21.0120516">
<ele>520.978</ele>
<time>2026-05-20T16:45:26.449Z</time>
</trkpt>
<trkpt lat="49.5866584" lon="21.0117347">
<ele>523.296</ele>
<time>2026-05-20T16:45:29.470Z</time>
</trkpt>
<trkpt lat="49.5862751" lon="21.0114450">
<ele>525.575</ele>
<time>2026-05-20T16:45:32.490Z</time>
</trkpt>
<trkpt lat="49.5858432" lon="21.0113500">
<ele>527.800</ele>
<time>2026-05-20T16:45:35.487Z</time>
</trkpt>
<trkpt lat="49.5853893" lon="21.0114118">
<ele>529.718</ele>
<time>2026-05-20T16:45:38.536Z</time>
</trkpt>
<trkpt lat="49.5849458" lon="21.0114851">
<ele>530.739</ele>
<time>2026-05-20T16:45:41.527Z</time>
</trkpt>
<trkpt lat="49.5845119" lon="21.0115743">
<ele>530.809</ele>
<time>2026-05-20T16:45:44.520Z</time>
</trkpt>
<trkpt lat="49.5840843" lon="21.0116473">
<ele>530.423</ele>
<time>2026-05-20T16:45:47.560Z</time>
</trkpt>
<trkpt lat="49.5836830" lon="21.0116582">
<ele>529.979</ele>
<time>2026-05-20T16:45:50.540Z</time>
</trkpt>
<trkpt lat="49.5833121" lon="21.0114742">
<ele>529.667</ele>
<time>2026-05-20T16:45:53.527Z</time>
</trkpt>
<trkpt lat="49.5829685" lon="21.0111938">
<ele>529.838</ele>
<time>2026-05-20T16:45:56.491Z</time>
</trkpt>
<trkpt lat="49.5826239" lon="21.0108699">
<ele>531.006</ele>
<time>2026-05-20T16:45:59.477Z</time>
</trkpt>
<trkpt lat="49.5822704" lon="21.0105270">
<ele>533.104</ele>
<time>2026-05-20T16:46:02.526Z</time>
</trkpt>
<trkpt lat="49.5819337" lon="21.0101750">
<ele>535.158</ele>
<time>2026-05-20T16:46:05.584Z</time>
</trkpt>
<trkpt lat="49.5816135" lon="21.0098569">
<ele>535.999</ele>
<time>2026-05-20T16:46:08.531Z</time>
</trkpt>
<trkpt lat="49.5812642" lon="21.0095843">
<ele>534.910</ele>
<time>2026-05-20T16:46:11.520Z</time>
</trkpt>
<trkpt lat="49.5809108" lon="21.0092603">
<ele>531.928</ele>
<time>2026-05-20T16:46:14.530Z</time>
</trkpt>
<trkpt lat="49.5805795" lon="21.0088488">
<ele>527.950</ele>
<time>2026-05-20T16:46:17.548Z</time>
</trkpt>
<trkpt lat="49.5803024" lon="21.0083636">
<ele>524.271</ele>
<time>2026-05-20T16:46:20.460Z</time>
</trkpt>
<trkpt lat="49.5800332" lon="21.0078389">
<ele>521.859</ele>
<time>2026-05-20T16:46:23.389Z</time>
</trkpt>
<trkpt lat="49.5797619" lon="21.0073001">
<ele>520.889</ele>
<time>2026-05-20T16:46:26.315Z</time>
</trkpt>
<trkpt lat="49.5795031" lon="21.0067529">
<ele>520.950</ele>
<time>2026-05-20T16:46:29.240Z</time>
</trkpt>
<trkpt lat="49.5792411" lon="21.0062173">
<ele>521.733</ele>
<time>2026-05-20T16:46:32.218Z</time>
</trkpt>
<trkpt lat="49.5789878" lon="21.0057000">
<ele>523.426</ele>
<time>2026-05-20T16:46:35.177Z</time>
</trkpt>
<trkpt lat="49.5787309" lon="21.0051878">
<ele>526.026</ele>
<time>2026-05-20T16:46:38.151Z</time>
</trkpt>
<trkpt lat="49.5784798" lon="21.0046513">
<ele>528.832</ele>
<time>2026-05-20T16:46:41.138Z</time>
</trkpt>
<trkpt lat="49.5782348" lon="21.0040770">
<ele>531.380</ele>
<time>2026-05-20T16:46:44.160Z</time>
</trkpt>
<trkpt lat="49.5779917" lon="21.0034868">
<ele>533.861</ele>
<time>2026-05-20T16:46:47.178Z</time>
</trkpt>
<trkpt lat="49.5777439" lon="21.0028994">
<ele>536.405</ele>
<time>2026-05-20T16:46:50.198Z</time>
</trkpt>
<trkpt lat="49.5775034" lon="21.0023247">
<ele>538.854</ele>
<time>2026-05-20T16:46:53.329Z</time>
</trkpt>
<trkpt lat="49.5772291" lon="21.0020335">
<ele>541.374</ele>
<time>2026-05-20T16:46:56.115Z</time>
</trkpt>
<trkpt lat="49.5769607" lon="21.0020608">
<ele>544.000</ele>
<time>2026-05-20T16:46:58.826Z</time>
</trkpt>
<trkpt lat="49.5766821" lon="21.0021226">
<ele>546.248</ele>
<time>2026-05-20T16:47:01.865Z</time>
</trkpt>
<trkpt lat="49.5763978" lon="21.0022000">
<ele>548.039</ele>
<time>2026-05-20T16:47:04.939Z</time>
</trkpt>
<trkpt lat="49.5761306" lon="21.0022475">
<ele>549.825</ele>
<time>2026-05-20T16:47:07.847Z</time>
</trkpt>
<trkpt lat="49.5758518" lon="21.0023029">
<ele>551.414</ele>
<time>2026-05-20T16:47:10.881Z</time>
</trkpt>
<trkpt lat="49.5756608" lon="21.0023145">
<ele>552.271</ele>
<time>2026-05-20T16:47:12.896Z</time>
</trkpt>
<trkpt lat="49.5753799" lon="21.0022329">
<ele>552.097</ele>
<time>2026-05-20T16:47:15.873Z</time>
</trkpt>
<trkpt lat="49.5751869" lon="21.0021516">
<ele>550.840</ele>
<time>2026-05-20T16:47:17.981Z</time>
</trkpt>
<trkpt lat="49.5749430" lon="21.0020390">
<ele>548.889</ele>
<time>2026-05-20T16:47:20.877Z</time>
</trkpt>
<trkpt lat="49.5748266" lon="21.0019987">
<ele>546.610</ele>
<time>2026-05-20T16:47:22.583Z</time>
</trkpt>
<trkpt lat="49.5747121" lon="21.0020646">
<ele>544.001</ele>
<time>2026-05-20T16:47:24.737Z</time>
</trkpt>
<trkpt lat="49.5746294" lon="21.0023242">
<ele>541.531</ele>
<time>2026-05-20T16:47:28.145Z</time>
</trkpt>
<trkpt lat="49.5745227" lon="21.0027387">
<ele>539.867</ele>
<time>2026-05-20T16:47:31.614Z</time>
</trkpt>
<trkpt lat="49.5744138" lon="21.0032061">
<ele>538.700</ele>
<time>2026-05-20T16:47:34.730Z</time>
</trkpt>
<trkpt lat="49.5742980" lon="21.0036564">
<ele>537.285</ele>
<time>2026-05-20T16:47:37.681Z</time>
</trkpt>
<trkpt lat="49.5741991" lon="21.0041081">
<ele>535.461</ele>
<time>2026-05-20T16:47:40.661Z</time>
</trkpt>
<trkpt lat="49.5741278" lon="21.0045799">
<ele>533.496</ele>
<time>2026-05-20T16:47:43.748Z</time>
</trkpt>
<trkpt lat="49.5740726" lon="21.0050182">
<ele>531.536</ele>
<time>2026-05-20T16:47:46.698Z</time>
</trkpt>
<trkpt lat="49.5740116" lon="21.0054103">
<ele>529.783</ele>
<time>2026-05-20T16:47:49.586Z</time>
</trkpt>
<trkpt lat="49.5738606" lon="21.0056800">
<ele>528.239</ele>
<time>2026-05-20T16:47:52.405Z</time>
</trkpt>
<trkpt lat="49.5736343" lon="21.0057373">
<ele>526.429</ele>
<time>2026-05-20T16:47:55.305Z</time>
</trkpt>
<trkpt lat="49.5733737" lon="21.0057133">
<ele>524.343</ele>
<time>2026-05-20T16:47:58.357Z</time>
</trkpt>
<trkpt lat="49.5730872" lon="21.0055631">
<ele>522.297</ele>
<time>2026-05-20T16:48:01.495Z</time>
</trkpt>
<trkpt lat="49.5728040" lon="21.0053362">
<ele>519.968</ele>
<time>2026-05-20T16:48:04.538Z</time>
</trkpt>
<trkpt lat="49.5725235" lon="21.0051411">
<ele>517.064</ele>
<time>2026-05-20T16:48:07.527Z</time>
</trkpt>
<trkpt lat="49.5722472" lon="21.0051166">
<ele>513.652</ele>
<time>2026-05-20T16:48:10.483Z</time>
</trkpt>
<trkpt lat="49.5720051" lon="21.0052861">
<ele>509.604</ele>
<time>2026-05-20T16:48:13.425Z</time>
</trkpt>
<trkpt lat="49.5717662" lon="21.0055490">
<ele>505.067</ele>
<time>2026-05-20T16:48:16.435Z</time>
</trkpt>
<trkpt lat="49.5715284" lon="21.0058151">
<ele>500.738</ele>
<time>2026-05-20T16:48:19.257Z</time>
</trkpt>
<trkpt lat="49.5712782" lon="21.0060988">
<ele>497.027</ele>
<time>2026-05-20T16:48:22.156Z</time>
</trkpt>
<trkpt lat="49.5710133" lon="21.0064146">
<ele>493.865</ele>
<time>2026-05-20T16:48:25.214Z</time>
</trkpt>
<trkpt lat="49.5707473" lon="21.0067444">
<ele>491.076</ele>
<time>2026-05-20T16:48:28.278Z</time>
</trkpt>
<trkpt lat="49.5704754" lon="21.0070853">
<ele>488.377</ele>
<time>2026-05-20T16:48:31.391Z</time>
</trkpt>
<trkpt lat="49.5702054" lon="21.0074309">
<ele>485.589</ele>
<time>2026-05-20T16:48:34.539Z</time>
</trkpt>
<trkpt lat="49.5699396" lon="21.0077651">
<ele>482.847</ele>
<time>2026-05-20T16:48:37.626Z</time>
</trkpt>
<trkpt lat="49.5696622" lon="21.0081044">
<ele>480.198</ele>
<time>2026-05-20T16:48:40.760Z</time>
</trkpt>
<trkpt lat="49.5694230" lon="21.0084904">
<ele>477.560</ele>
<time>2026-05-20T16:48:43.765Z</time>
</trkpt>
<trkpt lat="49.5691932" lon="21.0089076">
<ele>475.006</ele>
<time>2026-05-20T16:48:46.777Z</time>
</trkpt>
<trkpt lat="49.5689740" lon="21.0093593">
<ele>472.690</ele>
<time>2026-05-20T16:48:49.801Z</time>
</trkpt>
<trkpt lat="49.5687570" lon="21.0098204">
<ele>470.705</ele>
<time>2026-05-20T16:48:52.809Z</time>
</trkpt>
<trkpt lat="49.5685379" lon="21.0102764">
<ele>469.149</ele>
<time>2026-05-20T16:48:55.803Z</time>
</trkpt>
<trkpt lat="49.5683278" lon="21.0107465">
<ele>468.124</ele>
<time>2026-05-20T16:48:58.856Z</time>
</trkpt>
<trkpt lat="49.5681076" lon="21.0111483">
<ele>467.628</ele>
<time>2026-05-20T16:49:01.737Z</time>
</trkpt>
<trkpt lat="49.5678032" lon="21.0114014">
<ele>467.333</ele>
<time>2026-05-20T16:49:04.653Z</time>
</trkpt>
<trkpt lat="49.5674645" lon="21.0115960">
<ele>466.738</ele>
<time>2026-05-20T16:49:07.611Z</time>
</trkpt>
<trkpt lat="49.5671084" lon="21.0117846">
<ele>465.560</ele>
<time>2026-05-20T16:49:10.628Z</time>
</trkpt>
<trkpt lat="49.5667561" lon="21.0120023">
<ele>464.016</ele>
<time>2026-05-20T16:49:13.617Z</time>
</trkpt>
<trkpt lat="49.5663803" lon="21.0122244">
<ele>462.617</ele>
<time>2026-05-20T16:49:16.676Z</time>
</trkpt>
<trkpt lat="49.5659941" lon="21.0124254">
<ele>461.481</ele>
<time>2026-05-20T16:49:19.674Z</time>
</trkpt>
<trkpt lat="49.5657360" lon="21.0125443">
<ele>460.364</ele>
<time>2026-05-20T16:49:21.638Z</time>
</trkpt>
<trkpt lat="49.5653474" lon="21.0127244">
<ele>459.341</ele>
<time>2026-05-20T16:49:24.606Z</time>
</trkpt>
<trkpt lat="49.5650917" lon="21.0128351">
<ele>458.614</ele>
<time>2026-05-20T16:49:26.595Z</time>
</trkpt>
<trkpt lat="49.5647388" lon="21.0129792">
<ele>458.084</ele>
<time>2026-05-20T16:49:29.499Z</time>
</trkpt>
<trkpt lat="49.5644237" lon="21.0130805">
<ele>457.518</ele>
<time>2026-05-20T16:49:32.350Z</time>
</trkpt>
<trkpt lat="49.5641309" lon="21.0130102">
<ele>456.884</ele>
<time>2026-05-20T16:49:35.214Z</time>
</trkpt>
<trkpt lat="49.5639073" lon="21.0126402">
<ele>456.108</ele>
<time>2026-05-20T16:49:38.366Z</time>
</trkpt>
<trkpt lat="49.5637736" lon="21.0121151">
<ele>455.002</ele>
<time>2026-05-20T16:49:41.528Z</time>
</trkpt>
<trkpt lat="49.5636525" lon="21.0115412">
<ele>453.782</ele>
<time>2026-05-20T16:49:44.630Z</time>
</trkpt>
<trkpt lat="49.5635117" lon="21.0110010">
<ele>452.646</ele>
<time>2026-05-20T16:49:47.648Z</time>
</trkpt>
<trkpt lat="49.5633230" lon="21.0105779">
<ele>451.179</ele>
<time>2026-05-20T16:49:50.557Z</time>
</trkpt>
<trkpt lat="49.5630476" lon="21.0103370">
<ele>449.054</ele>
<time>2026-05-20T16:49:53.540Z</time>
</trkpt>
<trkpt lat="49.5627705" lon="21.0101128">
<ele>446.713</ele>
<time>2026-05-20T16:49:56.470Z</time>
</trkpt>
<trkpt lat="49.5624252" lon="21.0099058">
<ele>444.899</ele>
<time>2026-05-20T16:49:59.784Z</time>
</trkpt>
<trkpt lat="49.5620544" lon="21.0097056">
<ele>443.640</ele>
<time>2026-05-20T16:50:03.057Z</time>
</trkpt>
<trkpt lat="49.5616648" lon="21.0094501">
<ele>442.231</ele>
<time>2026-05-20T16:50:06.312Z</time>
</trkpt>
<trkpt lat="49.5612810" lon="21.0092236">
<ele>440.263</ele>
<time>2026-05-20T16:50:09.386Z</time>
</trkpt>
<trkpt lat="49.5609148" lon="21.0089947">
<ele>437.850</ele>
<time>2026-05-20T16:50:12.395Z</time>
</trkpt>
<trkpt lat="49.5605506" lon="21.0087762">
<ele>435.218</ele>
<time>2026-05-20T16:50:15.383Z</time>
</trkpt>
<trkpt lat="49.5601658" lon="21.0085533">
<ele>432.480</ele>
<time>2026-05-20T16:50:18.471Z</time>
</trkpt>
<trkpt lat="49.5597915" lon="21.0083258">
<ele>429.686</ele>
<time>2026-05-20T16:50:21.499Z</time>
</trkpt>
<trkpt lat="49.5594276" lon="21.0081108">
<ele>426.731</ele>
<time>2026-05-20T16:50:24.516Z</time>
</trkpt>
<trkpt lat="49.5590943" lon="21.0078835">
<ele>423.333</ele>
<time>2026-05-20T16:50:27.458Z</time>
</trkpt>
<trkpt lat="49.5587676" lon="21.0076774">
<ele>419.556</ele>
<time>2026-05-20T16:50:30.411Z</time>
</trkpt>
<trkpt lat="49.5584677" lon="21.0073946">
<ele>416.046</ele>
<time>2026-05-20T16:50:33.385Z</time>
</trkpt>
<trkpt lat="49.5582354" lon="21.0069842">
<ele>413.350</ele>
<time>2026-05-20T16:50:36.327Z</time>
</trkpt>
<trkpt lat="49.5580114" lon="21.0065293">
<ele>411.515</ele>
<time>2026-05-20T16:50:39.316Z</time>
</trkpt>
<trkpt lat="49.5577833" lon="21.0060676">
<ele>410.279</ele>
<time>2026-05-20T16:50:42.291Z</time>
</trkpt>
<trkpt lat="49.5575585" lon="21.0055855">
<ele>409.103</ele>
<time>2026-05-20T16:50:45.360Z</time>
</trkpt>
<trkpt lat="49.5573496" lon="21.0051467">
<ele>407.115</ele>
<time>2026-05-20T16:50:48.244Z</time>
</trkpt>
<trkpt lat="49.5571406" lon="21.0046743">
<ele>404.098</ele>
<time>2026-05-20T16:50:51.321Z</time>
</trkpt>
<trkpt lat="49.5569243" lon="21.0042496">
<ele>401.003</ele>
<time>2026-05-20T16:50:54.311Z</time>
</trkpt>
<trkpt lat="49.5567320" lon="21.0038514">
<ele>398.751</ele>
<time>2026-05-20T16:50:57.222Z</time>
</trkpt>
<trkpt lat="49.5565419" lon="21.0034722">
<ele>397.137</ele>
<time>2026-05-20T16:51:00.167Z</time>
</trkpt>
<trkpt lat="49.5563712" lon="21.0030815">
<ele>395.693</ele>
<time>2026-05-20T16:51:03.119Z</time>
</trkpt>
<trkpt lat="49.5561933" lon="21.0026882">
<ele>394.604</ele>
<time>2026-05-20T16:51:06.127Z</time>
</trkpt>
<trkpt lat="49.5559968" lon="21.0023066">
<ele>394.137</ele>
<time>2026-05-20T16:51:09.203Z</time>
</trkpt>
<trkpt lat="49.5558165" lon="21.0019435">
<ele>393.922</ele>
<time>2026-05-20T16:51:12.269Z</time>
</trkpt>
<trkpt lat="49.5556728" lon="21.0016465">
<ele>393.579</ele>
<time>2026-05-20T16:51:15.063Z</time>
</trkpt>
<trkpt lat="49.5555460" lon="21.0013633">
<ele>393.193</ele>
<time>2026-05-20T16:51:17.891Z</time>
</trkpt>
<trkpt lat="49.5553630" lon="21.0010869">
<ele>392.917</ele>
<time>2026-05-20T16:51:21.040Z</time>
</trkpt>
<trkpt lat="49.5551976" lon="21.0009431">
<ele>392.635</ele>
<time>2026-05-20T16:51:23.171Z</time>
</trkpt>
<trkpt lat="49.5550245" lon="21.0008318">
<ele>392.381</ele>
<time>2026-05-20T16:51:25.246Z</time>
</trkpt>
<trkpt lat="49.5547863" lon="21.0006979">
<ele>392.360</ele>
<time>2026-05-20T16:51:28.179Z</time>
</trkpt>
<trkpt lat="49.5546525" lon="21.0006235">
<ele>392.704</ele>
<time>2026-05-20T16:51:30.175Z</time>
</trkpt>
<trkpt lat="49.5545292" lon="21.0005072">
<ele>393.324</ele>
<time>2026-05-20T16:51:32.569Z</time>
</trkpt>
<trkpt lat="49.5545385" lon="21.0002934">
<ele>393.913</ele>
<time>2026-05-20T16:51:35.357Z</time>
</trkpt>
<trkpt lat="49.5546753" lon="20.9999728">
<ele>394.448</ele>
<time>2026-05-20T16:51:39.022Z</time>
</trkpt>
<trkpt lat="49.5548366" lon="20.9995587">
<ele>395.104</ele>
<time>2026-05-20T16:51:42.260Z</time>
</trkpt>
<trkpt lat="49.5550188" lon="20.9990902">
<ele>395.667</ele>
<time>2026-05-20T16:51:45.326Z</time>
</trkpt>
<trkpt lat="49.5552162" lon="20.9985742">
<ele>395.905</ele>
<time>2026-05-20T16:51:48.384Z</time>
</trkpt>
<trkpt lat="49.5554293" lon="20.9980475">
<ele>395.946</ele>
<time>2026-05-20T16:51:51.400Z</time>
</trkpt>
<trkpt lat="49.5556401" lon="20.9975084">
<ele>395.973</ele>
<time>2026-05-20T16:51:54.379Z</time>
</trkpt>
<trkpt lat="49.5558454" lon="20.9969536">
<ele>396.053</ele>
<time>2026-05-20T16:51:57.330Z</time>
</trkpt>
<trkpt lat="49.5560554" lon="20.9963612">
<ele>396.076</ele>
<time>2026-05-20T16:52:00.339Z</time>
</trkpt>
<trkpt lat="49.5562686" lon="20.9957395">
<ele>395.949</ele>
<time>2026-05-20T16:52:03.367Z</time>
</trkpt>
<trkpt lat="49.5564816" lon="20.9951297">
<ele>395.740</ele>
<time>2026-05-20T16:52:06.331Z</time>
</trkpt>
<trkpt lat="49.5566962" lon="20.9945308">
<ele>395.498</ele>
<time>2026-05-20T16:52:09.301Z</time>
</trkpt>
<trkpt lat="49.5569560" lon="20.9939862">
<ele>395.234</ele>
<time>2026-05-20T16:52:12.290Z</time>
</trkpt>
<trkpt lat="49.5572165" lon="20.9934662">
<ele>395.023</ele>
<time>2026-05-20T16:52:15.266Z</time>
</trkpt>
<trkpt lat="49.5574623" lon="20.9929608">
<ele>394.909</ele>
<time>2026-05-20T16:52:18.231Z</time>
</trkpt>
<trkpt lat="49.5576993" lon="20.9924844">
<ele>394.731</ele>
<time>2026-05-20T16:52:21.172Z</time>
</trkpt>
<trkpt lat="49.5579240" lon="20.9920160">
<ele>394.289</ele>
<time>2026-05-20T16:52:24.101Z</time>
</trkpt>
<trkpt lat="49.5581788" lon="20.9915573">
<ele>393.543</ele>
<time>2026-05-20T16:52:27.143Z</time>
</trkpt>
<trkpt lat="49.5584277" lon="20.9911180">
<ele>392.495</ele>
<time>2026-05-20T16:52:30.122Z</time>
</trkpt>
<trkpt lat="49.5586465" lon="20.9906790">
<ele>391.167</ele>
<time>2026-05-20T16:52:33.084Z</time>
</trkpt>
<trkpt lat="49.5588416" lon="20.9902532">
<ele>389.909</ele>
<time>2026-05-20T16:52:36.059Z</time>
</trkpt>
<trkpt lat="49.5590242" lon="20.9898768">
<ele>388.958</ele>
<time>2026-05-20T16:52:39.035Z</time>
</trkpt>
<trkpt lat="49.5591986" lon="20.9896395">
<ele>388.095</ele>
<time>2026-05-20T16:52:41.714Z</time>
</trkpt>
<trkpt lat="49.5594009" lon="20.9895986">
<ele>387.142</ele>
<time>2026-05-20T16:52:44.499Z</time>
</trkpt>
<trkpt lat="49.5596283" lon="20.9897056">
<ele>386.298</ele>
<time>2026-05-20T16:52:47.712Z</time>
</trkpt>
<trkpt lat="49.5598810" lon="20.9898359">
<ele>385.916</ele>
<time>2026-05-20T16:52:50.898Z</time>
</trkpt>
<trkpt lat="49.5601531" lon="20.9899353">
<ele>386.081</ele>
<time>2026-05-20T16:52:54.136Z</time>
</trkpt>
<trkpt lat="49.5603697" lon="20.9898584">
<ele>386.514</ele>
<time>2026-05-20T16:52:56.879Z</time>
</trkpt>
<trkpt lat="49.5605166" lon="20.9895352">
<ele>386.973</ele>
<time>2026-05-20T16:52:59.926Z</time>
</trkpt>
<trkpt lat="49.5606216" lon="20.9890149">
<ele>387.341</ele>
<time>2026-05-20T16:53:03.161Z</time>
</trkpt>
<trkpt lat="49.5607449" lon="20.9883679">
<ele>387.708</ele>
<time>2026-05-20T16:53:06.380Z</time>
</trkpt>
<trkpt lat="49.5608670" lon="20.9877361">
<ele>388.201</ele>
<time>2026-05-20T16:53:09.432Z</time>
</trkpt>
<trkpt lat="49.5609514" lon="20.9871660">
<ele>388.337</ele>
<time>2026-05-20T16:53:12.286Z</time>
</trkpt>
<trkpt lat="49.5609513" lon="20.9865691">
<ele>387.672</ele>
<time>2026-05-20T16:53:15.308Z</time>
</trkpt>
<trkpt lat="49.5609410" lon="20.9859928">
<ele>386.548</ele>
<time>2026-05-20T16:53:18.356Z</time>
</trkpt>
<trkpt lat="49.5609712" lon="20.9854962">
<ele>385.339</ele>
<time>2026-05-20T16:53:21.185Z</time>
</trkpt>
<trkpt lat="49.5611123" lon="20.9850396">
<ele>384.076</ele>
<time>2026-05-20T16:53:24.198Z</time>
</trkpt>
<trkpt lat="49.5613661" lon="20.9847306">
<ele>382.979</ele>
<time>2026-05-20T16:53:27.218Z</time>
</trkpt>
<trkpt lat="49.5615599" lon="20.9845969">
<ele>382.345</ele>
<time>2026-05-20T16:53:29.257Z</time>
</trkpt>
<trkpt lat="49.5618266" lon="20.9844151">
<ele>382.181</ele>
<time>2026-05-20T16:53:32.240Z</time>
</trkpt>
<trkpt lat="49.5619981" lon="20.9841560">
<ele>382.364</ele>
<time>2026-05-20T16:53:34.945Z</time>
</trkpt>
<trkpt lat="49.5620662" lon="20.9838822">
<ele>382.893</ele>
<time>2026-05-20T16:53:37.130Z</time>
</trkpt>
<trkpt lat="49.5621475" lon="20.9834742">
<ele>383.589</ele>
<time>2026-05-20T16:53:40.235Z</time>
</trkpt>
<trkpt lat="49.5621860" lon="20.9832235">
<ele>384.171</ele>
<time>2026-05-20T16:53:42.381Z</time>
</trkpt>
<trkpt lat="49.5622278" lon="20.9829915">
<ele>384.625</ele>
<time>2026-05-20T16:53:44.894Z</time>
</trkpt>
<trkpt lat="49.5622235" lon="20.9828478">
<ele>385.118</ele>
<time>2026-05-20T16:53:46.943Z</time>
</trkpt>
<trkpt lat="49.5622235" lon="20.9828478">
<ele>385.641</ele>
<time>2026-05-20T16:53:50.943Z</time>
</trkpt>
<trkpt lat="49.5622235" lon="20.9828478">
<ele>385.893</ele>
<time>2026-05-20T16:53:51.043Z</time>
</trkpt>
<trkpt lat="49.5620839" lon="20.9828047">
<ele>385.713</ele>
<time>2026-05-20T16:53:56.498Z</time>
</trkpt>
<trkpt lat="49.5618776" lon="20.9829264">
<ele>386.222</ele>
<time>2026-05-20T16:53:59.950Z</time>
</trkpt>
<trkpt lat="49.5616118" lon="20.9830535">
<ele>388.405</ele>
<time>2026-05-20T16:54:03.118Z</time>
</trkpt>
<trkpt lat="49.5613363" lon="20.9831696">
<ele>391.274</ele>
<time>2026-05-20T16:54:05.972Z</time>
</trkpt>
<trkpt lat="49.5610092" lon="20.9833338">
<ele>393.550</ele>
<time>2026-05-20T16:54:09.197Z</time>
</trkpt>
<trkpt lat="49.5606953" lon="20.9834882">
<ele>395.047</ele>
<time>2026-05-20T16:54:12.244Z</time>
</trkpt>
<trkpt lat="49.5603890" lon="20.9836431">
<ele>395.759</ele>
<time>2026-05-20T16:54:15.138Z</time>
</trkpt>
<trkpt lat="49.5600467" lon="20.9838333">
<ele>395.617</ele>
<time>2026-05-20T16:54:18.255Z</time>
</trkpt>
<trkpt lat="49.5597080" lon="20.9839944">
<ele>394.843</ele>
<time>2026-05-20T16:54:21.242Z</time>
</trkpt>
<trkpt lat="49.5593592" lon="20.9841057">
<ele>394.108</ele>
<time>2026-05-20T16:54:24.217Z</time>
</trkpt>
<trkpt lat="49.5589975" lon="20.9841605">
<ele>393.951</ele>
<time>2026-05-20T16:54:27.194Z</time>
</trkpt>
<trkpt lat="49.5586264" lon="20.9842122">
<ele>394.239</ele>
<time>2026-05-20T16:54:30.160Z</time>
</trkpt>
<trkpt lat="49.5582420" lon="20.9842674">
<ele>394.591</ele>
<time>2026-05-20T16:54:33.167Z</time>
</trkpt>
<trkpt lat="49.5578605" lon="20.9843014">
<ele>394.833</ele>
<time>2026-05-20T16:54:36.121Z</time>
</trkpt>
<trkpt lat="49.5574781" lon="20.9843518">
<ele>395.042</ele>
<time>2026-05-20T16:54:39.066Z</time>
</trkpt>
<trkpt lat="49.5570859" lon="20.9844086">
<ele>395.250</ele>
<time>2026-05-20T16:54:42.041Z</time>
</trkpt>
<trkpt lat="49.5566873" lon="20.9844625">
<ele>395.560</ele>
<time>2026-05-20T16:54:45.019Z</time>
</trkpt>
<trkpt lat="49.5562865" lon="20.9845130">
<ele>396.138</ele>
<time>2026-05-20T16:54:47.974Z</time>
</trkpt>
<trkpt lat="49.5558829" lon="20.9845648">
<ele>396.867</ele>
<time>2026-05-20T16:54:50.926Z</time>
</trkpt>
<trkpt lat="49.5554768" lon="20.9846350">
<ele>397.591</ele>
<time>2026-05-20T16:54:53.877Z</time>
</trkpt>
<trkpt lat="49.5550603" lon="20.9846897">
<ele>398.575</ele>
<time>2026-05-20T16:54:56.896Z</time>
</trkpt>
<trkpt lat="49.5546620" lon="20.9847361">
<ele>399.846</ele>
<time>2026-05-20T16:54:59.853Z</time>
</trkpt>
<trkpt lat="49.5542769" lon="20.9847817">
<ele>400.868</ele>
<time>2026-05-20T16:55:02.795Z</time>
</trkpt>
<trkpt lat="49.5538956" lon="20.9848362">
<ele>401.344</ele>
<time>2026-05-20T16:55:05.750Z</time>
</trkpt>
<trkpt lat="49.5535120" lon="20.9848828">
<ele>401.696</ele>
<time>2026-05-20T16:55:08.677Z</time>
</trkpt>
<trkpt lat="49.5531008" lon="20.9848580">
<ele>402.258</ele>
<time>2026-05-20T16:55:11.746Z</time>
</trkpt>
<trkpt lat="49.5527109" lon="20.9848020">
<ele>402.765</ele>
<time>2026-05-20T16:55:14.676Z</time>
</trkpt>
<trkpt lat="49.5523204" lon="20.9847361">
<ele>402.893</ele>
<time>2026-05-20T16:55:18.032Z</time>
</trkpt>
<trkpt lat="49.5521062" lon="20.9846788">
<ele>402.741</ele>
<time>2026-05-20T16:55:21.099Z</time>
</trkpt>
<trkpt lat="49.5520414" lon="20.9845828">
<ele>402.548</ele>
<time>2026-05-20T16:55:22.718Z</time>
</trkpt>
<trkpt lat="49.5520155" lon="20.9844361">
<ele>402.491</ele>
<time>2026-05-20T16:55:25.960Z</time>
</trkpt>
<trkpt lat="49.5520168" lon="20.9842656">
<ele>402.642</ele>
<time>2026-05-20T16:55:29.942Z</time>
</trkpt>
<trkpt lat="49.5520168" lon="20.9842656">
<ele>402.923</ele>
<time>2026-05-20T16:55:33.944Z</time>
</trkpt>
<trkpt lat="49.5520168" lon="20.9842656">
<ele>403.047</ele>
<time>2026-05-20T16:55:34.044Z</time>
</trkpt>
<trkpt lat="49.5520168" lon="20.9842656">
<ele>402.601</ele>
<time>2026-05-20T16:56:31.944Z</time>
</trkpt>
<trkpt lat="49.5520168" lon="20.9842656">
<ele>402.442</ele>
<time>2026-05-20T16:58:48.083Z</time>
</trkpt>
<trkpt lat="49.5519116" lon="20.9841253">
<ele>403.467</ele>
<time>2026-05-20T16:59:17.084Z</time>
</trkpt>
<trkpt lat="49.5519116" lon="20.9841253">
<ele>403.281</ele>
<time>2026-05-20T16:59:19.084Z</time>
</trkpt>
<trkpt lat="49.5519832" lon="20.9842041">
<ele>404.438</ele>
<time>2026-05-20T17:00:34.945Z</time>
</trkpt>
<trkpt lat="49.5519832" lon="20.9842041">
<ele>404.252</ele>
<time>2026-05-20T17:00:42.945Z</time>
</trkpt>
<trkpt lat="49.5519832" lon="20.9842041">
<ele>404.148</ele>
<time>2026-05-20T17:07:05.728Z</time>
</trkpt>
<trkpt lat="49.5520765" lon="20.9842419">
<ele>404.059</ele>
<time>2026-05-20T17:07:57.965Z</time>
</trkpt>
<trkpt lat="49.5520765" lon="20.9842419">
<ele>403.962</ele>
<time>2026-05-20T17:08:02.965Z</time>
</trkpt>
<trkpt lat="49.5520765" lon="20.9842419">
<ele>403.840</ele>
<time>2026-05-20T17:08:03.065Z</time>
</trkpt>
<trkpt lat="49.5520765" lon="20.9842419">
<ele>403.556</ele>
<time>2026-05-20T17:08:25.965Z</time>
</trkpt>
<trkpt lat="49.5520765" lon="20.9842419">
<ele>403.449</ele>
<time>2026-05-20T17:09:14.169Z</time>
</trkpt>
<trkpt lat="49.5518419" lon="20.9843597">
<ele>403.336</ele>
<time>2026-05-20T17:09:28.593Z</time>
</trkpt>
<trkpt lat="49.5517640" lon="20.9844520">
<ele>403.900</ele>
<time>2026-05-20T17:09:31.175Z</time>
</trkpt>
<trkpt lat="49.5516628" lon="20.9844481">
<ele>405.756</ele>
<time>2026-05-20T17:09:33.747Z</time>
</trkpt>
<trkpt lat="49.5515526" lon="20.9844738">
<ele>407.987</ele>
<time>2026-05-20T17:09:36.590Z</time>
</trkpt>
<trkpt lat="49.5514802" lon="20.9845566">
<ele>409.047</ele>
<time>2026-05-20T17:09:38.967Z</time>
</trkpt>
<trkpt lat="49.5514802" lon="20.9845566">
<ele>408.707</ele>
<time>2026-05-20T17:09:38.967Z</time>
</trkpt>
<trkpt lat="49.5514802" lon="20.9845566">
<ele>408.003</ele>
<time>2026-05-20T17:09:39.067Z</time>
</trkpt>
<trkpt lat="49.5512466" lon="20.9845350">
<ele>407.803</ele>
<time>2026-05-20T17:09:44.758Z</time>
</trkpt>
<trkpt lat="49.5509953" lon="20.9844938">
<ele>407.865</ele>
<time>2026-05-20T17:09:47.851Z</time>
</trkpt>
<trkpt lat="49.5506951" lon="20.9844501">
<ele>407.762</ele>
<time>2026-05-20T17:09:50.917Z</time>
</trkpt>
<trkpt lat="49.5503729" lon="20.9843919">
<ele>407.579</ele>
<time>2026-05-20T17:09:53.904Z</time>
</trkpt>
<trkpt lat="49.5500315" lon="20.9843333">
<ele>407.515</ele>
<time>2026-05-20T17:09:56.888Z</time>
</trkpt>
<trkpt lat="49.5496777" lon="20.9842746">
<ele>407.525</ele>
<time>2026-05-20T17:09:59.874Z</time>
</trkpt>
<trkpt lat="49.5493163" lon="20.9842172">
<ele>407.518</ele>
<time>2026-05-20T17:10:02.860Z</time>
</trkpt>
<trkpt lat="49.5489512" lon="20.9841546">
<ele>407.532</ele>
<time>2026-05-20T17:10:05.852Z</time>
</trkpt>
<trkpt lat="49.5485879" lon="20.9841049">
<ele>407.632</ele>
<time>2026-05-20T17:10:08.804Z</time>
</trkpt>
<trkpt lat="49.5482139" lon="20.9841181">
<ele>407.836</ele>
<time>2026-05-20T17:10:11.789Z</time>
</trkpt>
<trkpt lat="49.5478366" lon="20.9841661">
<ele>408.141</ele>
<time>2026-05-20T17:10:14.762Z</time>
</trkpt>
<trkpt lat="49.5474559" lon="20.9842144">
<ele>408.674</ele>
<time>2026-05-20T17:10:17.734Z</time>
</trkpt>
<trkpt lat="49.5470726" lon="20.9842663">
<ele>409.570</ele>
<time>2026-05-20T17:10:20.709Z</time>
</trkpt>
<trkpt lat="49.5466864" lon="20.9843288">
<ele>410.642</ele>
<time>2026-05-20T17:10:23.685Z</time>
</trkpt>
<trkpt lat="49.5462973" lon="20.9843836">
<ele>411.628</ele>
<time>2026-05-20T17:10:26.657Z</time>
</trkpt>
<trkpt lat="49.5459126" lon="20.9844393">
<ele>412.599</ele>
<time>2026-05-20T17:10:29.550Z</time>
</trkpt>
<trkpt lat="49.5455052" lon="20.9844838">
<ele>413.655</ele>
<time>2026-05-20T17:10:32.521Z</time>
</trkpt>
<trkpt lat="49.5450891" lon="20.9845394">
<ele>414.596</ele>
<time>2026-05-20T17:10:35.554Z</time>
</trkpt>
<trkpt lat="49.5447061" lon="20.9845678">
<ele>414.993</ele>
<time>2026-05-20T17:10:38.445Z</time>
</trkpt>
<trkpt lat="49.5443348" lon="20.9846316">
<ele>414.664</ele>
<time>2026-05-20T17:10:41.377Z</time>
</trkpt>
<trkpt lat="49.5439768" lon="20.9847915">
<ele>413.998</ele>
<time>2026-05-20T17:10:44.393Z</time>
</trkpt>
<trkpt lat="49.5436491" lon="20.9849823">
<ele>413.660</ele>
<time>2026-05-20T17:10:47.341Z</time>
</trkpt>
<trkpt lat="49.5433301" lon="20.9851243">
<ele>413.911</ele>
<time>2026-05-20T17:10:50.240Z</time>
</trkpt>
<trkpt lat="49.5429953" lon="20.9850494">
<ele>414.449</ele>
<time>2026-05-20T17:10:53.215Z</time>
</trkpt>
<trkpt lat="49.5426871" lon="20.9848166">
<ele>414.907</ele>
<time>2026-05-20T17:10:56.170Z</time>
</trkpt>
<trkpt lat="49.5423330" lon="20.9847260">
<ele>415.189</ele>
<time>2026-05-20T17:10:59.168Z</time>
</trkpt>
<trkpt lat="49.5420826" lon="20.9847370">
<ele>415.367</ele>
<time>2026-05-20T17:11:01.174Z</time>
</trkpt>
<trkpt lat="49.5417063" lon="20.9848445">
<ele>415.521</ele>
<time>2026-05-20T17:11:04.150Z</time>
</trkpt>
<trkpt lat="49.5413265" lon="20.9850093">
<ele>415.741</ele>
<time>2026-05-20T17:11:07.129Z</time>
</trkpt>
<trkpt lat="49.5410682" lon="20.9851180">
<ele>416.091</ele>
<time>2026-05-20T17:11:09.118Z</time>
</trkpt>
<trkpt lat="49.5406812" lon="20.9852858">
<ele>416.444</ele>
<time>2026-05-20T17:11:12.102Z</time>
</trkpt>
<trkpt lat="49.5402973" lon="20.9854468">
<ele>416.645</ele>
<time>2026-05-20T17:11:15.098Z</time>
</trkpt>
<trkpt lat="49.5399347" lon="20.9855498">
<ele>416.693</ele>
<time>2026-05-20T17:11:18.013Z</time>
</trkpt>
<trkpt lat="49.5396138" lon="20.9853622">
<ele>416.642</ele>
<time>2026-05-20T17:11:20.881Z</time>
</trkpt>
<trkpt lat="49.5393396" lon="20.9850057">
<ele>416.727</ele>
<time>2026-05-20T17:11:23.862Z</time>
</trkpt>
<trkpt lat="49.5390574" lon="20.9846041">
<ele>417.291</ele>
<time>2026-05-20T17:11:26.913Z</time>
</trkpt>
<trkpt lat="49.5387786" lon="20.9842349">
<ele>418.486</ele>
<time>2026-05-20T17:11:29.861Z</time>
</trkpt>
<trkpt lat="49.5385220" lon="20.9838904">
<ele>419.918</ele>
<time>2026-05-20T17:11:32.728Z</time>
</trkpt>
<trkpt lat="49.5382220" lon="20.9836217">
<ele>421.159</ele>
<time>2026-05-20T17:11:35.713Z</time>
</trkpt>
<trkpt lat="49.5378595" lon="20.9834609">
<ele>422.124</ele>
<time>2026-05-20T17:11:38.869Z</time>
</trkpt>
<trkpt lat="49.5374869" lon="20.9834643">
<ele>422.659</ele>
<time>2026-05-20T17:11:41.858Z</time>
</trkpt>
<trkpt lat="49.5371085" lon="20.9835932">
<ele>422.619</ele>
<time>2026-05-20T17:11:44.840Z</time>
</trkpt>
<trkpt lat="49.5367156" lon="20.9837662">
<ele>422.335</ele>
<time>2026-05-20T17:11:47.841Z</time>
</trkpt>
<trkpt lat="49.5363110" lon="20.9839352">
<ele>422.207</ele>
<time>2026-05-20T17:11:50.805Z</time>
</trkpt>
<trkpt lat="49.5358794" lon="20.9841137">
<ele>422.382</ele>
<time>2026-05-20T17:11:53.829Z</time>
</trkpt>
<trkpt lat="49.5353882" lon="20.9843323">
<ele>422.871</ele>
<time>2026-05-20T17:11:57.053Z</time>
</trkpt>
<trkpt lat="49.5348871" lon="20.9845573">
<ele>423.590</ele>
<time>2026-05-20T17:12:00.123Z</time>
</trkpt>
<trkpt lat="49.5343798" lon="20.9847840">
<ele>424.508</ele>
<time>2026-05-20T17:12:03.124Z</time>
</trkpt>
<trkpt lat="49.5338760" lon="20.9849969">
<ele>425.524</ele>
<time>2026-05-20T17:12:06.086Z</time>
</trkpt>
<trkpt lat="49.5333798" lon="20.9852076">
<ele>426.324</ele>
<time>2026-05-20T17:12:09.032Z</time>
</trkpt>
<trkpt lat="49.5328917" lon="20.9854675">
<ele>426.772</ele>
<time>2026-05-20T17:12:11.998Z</time>
</trkpt>
<trkpt lat="49.5323974" lon="20.9857316">
<ele>427.217</ele>
<time>2026-05-20T17:12:15.000Z</time>
</trkpt>
<trkpt lat="49.5319197" lon="20.9859778">
<ele>428.078</ele>
<time>2026-05-20T17:12:17.931Z</time>
</trkpt>
<trkpt lat="49.5314549" lon="20.9862271">
<ele>429.316</ele>
<time>2026-05-20T17:12:20.872Z</time>
</trkpt>
<trkpt lat="49.5309897" lon="20.9864875">
<ele>430.473</ele>
<time>2026-05-20T17:12:23.903Z</time>
</trkpt>
<trkpt lat="49.5305386" lon="20.9867213">
<ele>431.357</ele>
<time>2026-05-20T17:12:26.854Z</time>
</trkpt>
<trkpt lat="49.5300355" lon="20.9868690">
<ele>432.063</ele>
<time>2026-05-20T17:12:29.976Z</time>
</trkpt>
<trkpt lat="49.5295241" lon="20.9869347">
<ele>432.632</ele>
<time>2026-05-20T17:12:33.027Z</time>
</trkpt>
<trkpt lat="49.5290186" lon="20.9869722">
<ele>433.201</ele>
<time>2026-05-20T17:12:36.012Z</time>
</trkpt>
<trkpt lat="49.5284978" lon="20.9869985">
<ele>433.845</ele>
<time>2026-05-20T17:12:39.073Z</time>
</trkpt>
<trkpt lat="49.5279905" lon="20.9871514">
<ele>434.751</ele>
<time>2026-05-20T17:12:42.099Z</time>
</trkpt>
<trkpt lat="49.5274904" lon="20.9873194">
<ele>436.247</ele>
<time>2026-05-20T17:12:45.071Z</time>
</trkpt>
<trkpt lat="49.5269758" lon="20.9874807">
<ele>437.976</ele>
<time>2026-05-20T17:12:48.100Z</time>
</trkpt>
<trkpt lat="49.5264917" lon="20.9876472">
<ele>439.133</ele>
<time>2026-05-20T17:12:51.064Z</time>
</trkpt>
<trkpt lat="49.5260637" lon="20.9877811">
<ele>439.489</ele>
<time>2026-05-20T17:12:53.894Z</time>
</trkpt>
<trkpt lat="49.5256799" lon="20.9880211">
<ele>439.333</ele>
<time>2026-05-20T17:12:56.777Z</time>
</trkpt>
<trkpt lat="49.5253409" lon="20.9884244">
<ele>439.217</ele>
<time>2026-05-20T17:12:59.777Z</time>
</trkpt>
<trkpt lat="49.5250263" lon="20.9888805">
<ele>439.550</ele>
<time>2026-05-20T17:13:02.738Z</time>
</trkpt>
<trkpt lat="49.5247057" lon="20.9893219">
<ele>440.750</ele>
<time>2026-05-20T17:13:05.709Z</time>
</trkpt>
<trkpt lat="49.5245017" lon="20.9895960">
<ele>442.748</ele>
<time>2026-05-20T17:13:07.684Z</time>
</trkpt>
<trkpt lat="49.5243260" lon="20.9898401">
<ele>444.578</ele>
<time>2026-05-20T17:13:09.529Z</time>
</trkpt>
<trkpt lat="49.5241159" lon="20.9900296">
<ele>445.616</ele>
<time>2026-05-20T17:13:11.528Z</time>
</trkpt>
<trkpt lat="49.5237713" lon="20.9902246">
<ele>446.296</ele>
<time>2026-05-20T17:13:14.550Z</time>
</trkpt>
<trkpt lat="49.5234025" lon="20.9903874">
<ele>447.336</ele>
<time>2026-05-20T17:13:17.674Z</time>
</trkpt>
<trkpt lat="49.5231806" lon="20.9904415">
<ele>449.096</ele>
<time>2026-05-20T17:13:19.570Z</time>
</trkpt>
<trkpt lat="49.5228456" lon="20.9903084">
<ele>451.141</ele>
<time>2026-05-20T17:13:22.563Z</time>
</trkpt>
<trkpt lat="49.5225026" lon="20.9900610">
<ele>452.870</ele>
<time>2026-05-20T17:13:25.693Z</time>
</trkpt>
<trkpt lat="49.5221654" lon="20.9898048">
<ele>454.291</ele>
<time>2026-05-20T17:13:28.692Z</time>
</trkpt>
<trkpt lat="49.5218394" lon="20.9895439">
<ele>455.536</ele>
<time>2026-05-20T17:13:31.657Z</time>
</trkpt>
<trkpt lat="49.5215085" lon="20.9893036">
<ele>456.530</ele>
<time>2026-05-20T17:13:34.660Z</time>
</trkpt>
<trkpt lat="49.5211849" lon="20.9890634">
<ele>457.206</ele>
<time>2026-05-20T17:13:37.630Z</time>
</trkpt>
<trkpt lat="49.5208437" lon="20.9888191">
<ele>457.631</ele>
<time>2026-05-20T17:13:40.671Z</time>
</trkpt>
<trkpt lat="49.5204804" lon="20.9885828">
<ele>457.895</ele>
<time>2026-05-20T17:13:43.685Z</time>
</trkpt>
<trkpt lat="49.5200935" lon="20.9883461">
<ele>458.051</ele>
<time>2026-05-20T17:13:46.704Z</time>
</trkpt>
<trkpt lat="49.5197066" lon="20.9881056">
<ele>458.098</ele>
<time>2026-05-20T17:13:49.681Z</time>
</trkpt>
<trkpt lat="49.5193217" lon="20.9878594">
<ele>458.111</ele>
<time>2026-05-20T17:13:52.688Z</time>
</trkpt>
<trkpt lat="49.5189359" lon="20.9876320">
<ele>458.362</ele>
<time>2026-05-20T17:13:55.728Z</time>
</trkpt>
<trkpt lat="49.5185662" lon="20.9873825">
<ele>459.162</ele>
<time>2026-05-20T17:13:58.733Z</time>
</trkpt>
<trkpt lat="49.5181921" lon="20.9871447">
<ele>460.458</ele>
<time>2026-05-20T17:14:01.722Z</time>
</trkpt>
<trkpt lat="49.5178089" lon="20.9869106">
<ele>461.923</ele>
<time>2026-05-20T17:14:04.722Z</time>
</trkpt>
<trkpt lat="49.5174276" lon="20.9866736">
<ele>463.357</ele>
<time>2026-05-20T17:14:07.706Z</time>
</trkpt>
<trkpt lat="49.5170596" lon="20.9864345">
<ele>464.644</ele>
<time>2026-05-20T17:14:10.655Z</time>
</trkpt>
<trkpt lat="49.5166979" lon="20.9862183">
<ele>465.649</ele>
<time>2026-05-20T17:14:13.601Z</time>
</trkpt>
<trkpt lat="49.5163539" lon="20.9859975">
<ele>466.449</ele>
<time>2026-05-20T17:14:16.526Z</time>
</trkpt>
<trkpt lat="49.5160220" lon="20.9857805">
<ele>467.238</ele>
<time>2026-05-20T17:14:19.448Z</time>
</trkpt>
<trkpt lat="49.5156903" lon="20.9855740">
<ele>468.133</ele>
<time>2026-05-20T17:14:22.400Z</time>
</trkpt>
<trkpt lat="49.5153523" lon="20.9853549">
<ele>469.080</ele>
<time>2026-05-20T17:14:25.389Z</time>
</trkpt>
<trkpt lat="49.5149870" lon="20.9851279">
<ele>469.951</ele>
<time>2026-05-20T17:14:28.493Z</time>
</trkpt>
<trkpt lat="49.5146285" lon="20.9848963">
<ele>470.643</ele>
<time>2026-05-20T17:14:31.479Z</time>
</trkpt>
<trkpt lat="49.5142623" lon="20.9846585">
<ele>470.935</ele>
<time>2026-05-20T17:14:34.477Z</time>
</trkpt>
<trkpt lat="49.5138889" lon="20.9844211">
<ele>470.684</ele>
<time>2026-05-20T17:14:37.483Z</time>
</trkpt>
<trkpt lat="49.5135174" lon="20.9841796">
<ele>470.246</ele>
<time>2026-05-20T17:14:40.469Z</time>
</trkpt>
<trkpt lat="49.5131472" lon="20.9839547">
<ele>470.040</ele>
<time>2026-05-20T17:14:43.424Z</time>
</trkpt>
<trkpt lat="49.5127737" lon="20.9837252">
<ele>470.234</ele>
<time>2026-05-20T17:14:46.410Z</time>
</trkpt>
<trkpt lat="49.5124084" lon="20.9834733">
<ele>470.869</ele>
<time>2026-05-20T17:14:49.387Z</time>
</trkpt>
<trkpt lat="49.5120798" lon="20.9831438">
<ele>471.990</ele>
<time>2026-05-20T17:14:52.330Z</time>
</trkpt>
<trkpt lat="49.5118109" lon="20.9827336">
<ele>473.460</ele>
<time>2026-05-20T17:14:55.232Z</time>
</trkpt>
<trkpt lat="49.5115232" lon="20.9823421">
<ele>474.977</ele>
<time>2026-05-20T17:14:58.207Z</time>
</trkpt>
<trkpt lat="49.5111645" lon="20.9820673">
<ele>476.519</ele>
<time>2026-05-20T17:15:01.246Z</time>
</trkpt>
<trkpt lat="49.5107837" lon="20.9818068">
<ele>478.279</ele>
<time>2026-05-20T17:15:04.302Z</time>
</trkpt>
<trkpt lat="49.5103856" lon="20.9815377">
<ele>480.169</ele>
<time>2026-05-20T17:15:07.336Z</time>
</trkpt>
<trkpt lat="49.5099652" lon="20.9812418">
<ele>482.076</ele>
<time>2026-05-20T17:15:10.421Z</time>
</trkpt>
<trkpt lat="49.5096869" lon="20.9810446">
<ele>483.996</ele>
<time>2026-05-20T17:15:12.429Z</time>
</trkpt>
<trkpt lat="49.5094208" lon="20.9808422">
<ele>485.720</ele>
<time>2026-05-20T17:15:14.391Z</time>
</trkpt>
<trkpt lat="49.5090088" lon="20.9805933">
<ele>486.947</ele>
<time>2026-05-20T17:15:17.386Z</time>
</trkpt>
<trkpt lat="49.5087543" lon="20.9804512">
<ele>487.622</ele>
<time>2026-05-20T17:15:19.306Z</time>
</trkpt>
<trkpt lat="49.5083784" lon="20.9803043">
<ele>488.098</ele>
<time>2026-05-20T17:15:22.189Z</time>
</trkpt>
<trkpt lat="49.5079638" lon="20.9801507">
<ele>488.747</ele>
<time>2026-05-20T17:15:25.276Z</time>
</trkpt>
<trkpt lat="49.5075078" lon="20.9799413">
<ele>489.538</ele>
<time>2026-05-20T17:15:28.372Z</time>
</trkpt>
<trkpt lat="49.5070698" lon="20.9795549">
<ele>490.594</ele>
<time>2026-05-20T17:15:31.391Z</time>
</trkpt>
<trkpt lat="49.5066431" lon="20.9790953">
<ele>492.320</ele>
<time>2026-05-20T17:15:34.408Z</time>
</trkpt>
<trkpt lat="49.5062388" lon="20.9786820">
<ele>494.603</ele>
<time>2026-05-20T17:15:37.299Z</time>
</trkpt>
<trkpt lat="49.5058530" lon="20.9782858">
<ele>496.793</ele>
<time>2026-05-20T17:15:40.193Z</time>
</trkpt>
<trkpt lat="49.5054697" lon="20.9778584">
<ele>498.505</ele>
<time>2026-05-20T17:15:43.160Z</time>
</trkpt>
<trkpt lat="49.5050773" lon="20.9774377">
<ele>499.809</ele>
<time>2026-05-20T17:15:46.185Z</time>
</trkpt>
<trkpt lat="49.5048099" lon="20.9769610">
<ele>500.693</ele>
<time>2026-05-20T17:15:48.988Z</time>
</trkpt>
<trkpt lat="49.5046602" lon="20.9764295">
<ele>500.921</ele>
<time>2026-05-20T17:15:51.871Z</time>
</trkpt>
<trkpt lat="49.5044962" lon="20.9758631">
<ele>500.558</ele>
<time>2026-05-20T17:15:54.981Z</time>
</trkpt>
<trkpt lat="49.5043095" lon="20.9752291">
<ele>500.207</ele>
<time>2026-05-20T17:15:58.142Z</time>
</trkpt>
<trkpt lat="49.5041044" lon="20.9745459">
<ele>500.491</ele>
<time>2026-05-20T17:16:01.229Z</time>
</trkpt>
<trkpt lat="49.5038944" lon="20.9738477">
<ele>501.704</ele>
<time>2026-05-20T17:16:04.219Z</time>
</trkpt>
<trkpt lat="49.5036890" lon="20.9731593">
<ele>503.891</ele>
<time>2026-05-20T17:16:07.146Z</time>
</trkpt>
<trkpt lat="49.5035142" lon="20.9725101">
<ele>506.720</ele>
<time>2026-05-20T17:16:09.972Z</time>
</trkpt>
<trkpt lat="49.5033421" lon="20.9719269">
<ele>509.495</ele>
<time>2026-05-20T17:16:12.753Z</time>
</trkpt>
<trkpt lat="49.5031714" lon="20.9713588">
<ele>511.775</ele>
<time>2026-05-20T17:16:15.648Z</time>
</trkpt>
<trkpt lat="49.5030075" lon="20.9707682">
<ele>513.716</ele>
<time>2026-05-20T17:16:18.695Z</time>
</trkpt>
<trkpt lat="49.5028271" lon="20.9701397">
<ele>515.396</ele>
<time>2026-05-20T17:16:21.826Z</time>
</trkpt>
<trkpt lat="49.5026307" lon="20.9694607">
<ele>516.469</ele>
<time>2026-05-20T17:16:24.929Z</time>
</trkpt>
<trkpt lat="49.5024312" lon="20.9687809">
<ele>516.965</ele>
<time>2026-05-20T17:16:27.887Z</time>
</trkpt>
<trkpt lat="49.5022323" lon="20.9680920">
<ele>517.364</ele>
<time>2026-05-20T17:16:30.872Z</time>
</trkpt>
<trkpt lat="49.5020474" lon="20.9674463">
<ele>518.084</ele>
<time>2026-05-20T17:16:33.772Z</time>
</trkpt>
<trkpt lat="49.5018881" lon="20.9668855">
<ele>519.140</ele>
<time>2026-05-20T17:16:36.535Z</time>
</trkpt>
<trkpt lat="49.5018342" lon="20.9663289">
<ele>520.350</ele>
<time>2026-05-20T17:16:39.305Z</time>
</trkpt>
<trkpt lat="49.5018614" lon="20.9657253">
<ele>521.832</ele>
<time>2026-05-20T17:16:42.330Z</time>
</trkpt>
<trkpt lat="49.5018959" lon="20.9650579">
<ele>523.792</ele>
<time>2026-05-20T17:16:45.458Z</time>
</trkpt>
<trkpt lat="49.5019392" lon="20.9643567">
<ele>525.939</ele>
<time>2026-05-20T17:16:48.502Z</time>
</trkpt>
<trkpt lat="49.5019756" lon="20.9637166">
<ele>527.647</ele>
<time>2026-05-20T17:16:51.278Z</time>
</trkpt>
<trkpt lat="49.5020115" lon="20.9630876">
<ele>528.505</ele>
<time>2026-05-20T17:16:54.107Z</time>
</trkpt>
<trkpt lat="49.5020488" lon="20.9624478">
<ele>528.648</ele>
<time>2026-05-20T17:16:57.086Z</time>
</trkpt>
<trkpt lat="49.5020861" lon="20.9618121">
<ele>528.508</ele>
<time>2026-05-20T17:17:00.128Z</time>
</trkpt>
<trkpt lat="49.5021236" lon="20.9611877">
<ele>528.393</ele>
<time>2026-05-20T17:17:03.192Z</time>
</trkpt>
<trkpt lat="49.5021547" lon="20.9606346">
<ele>528.429</ele>
<time>2026-05-20T17:17:06.068Z</time>
</trkpt>
<trkpt lat="49.5020954" lon="20.9601656">
<ele>528.745</ele>
<time>2026-05-20T17:17:08.803Z</time>
</trkpt>
<trkpt lat="49.5018735" lon="20.9598254">
<ele>529.306</ele>
<time>2026-05-20T17:17:11.793Z</time>
</trkpt>
<trkpt lat="49.5015627" lon="20.9597350">
<ele>529.857</ele>
<time>2026-05-20T17:17:14.845Z</time>
</trkpt>
<trkpt lat="49.5013351" lon="20.9597860">
<ele>530.550</ele>
<time>2026-05-20T17:17:16.995Z</time>
</trkpt>
<trkpt lat="49.5010572" lon="20.9598151">
<ele>531.799</ele>
<time>2026-05-20T17:17:19.616Z</time>
</trkpt>
<trkpt lat="49.5007308" lon="20.9596440">
<ele>533.465</ele>
<time>2026-05-20T17:17:22.958Z</time>
</trkpt>
<trkpt lat="49.5004154" lon="20.9593098">
<ele>535.290</ele>
<time>2026-05-20T17:17:26.339Z</time>
</trkpt>
<trkpt lat="49.5000806" lon="20.9589339">
<ele>537.378</ele>
<time>2026-05-20T17:17:29.525Z</time>
</trkpt>
<trkpt lat="49.4998335" lon="20.9586648">
<ele>539.860</ele>
<time>2026-05-20T17:17:31.677Z</time>
</trkpt>
<trkpt lat="49.4994306" lon="20.9582577">
<ele>542.495</ele>
<time>2026-05-20T17:17:34.872Z</time>
</trkpt>
<trkpt lat="49.4989942" lon="20.9578637">
<ele>545.011</ele>
<time>2026-05-20T17:17:38.000Z</time>
</trkpt>
<trkpt lat="49.4985729" lon="20.9574720">
<ele>547.387</ele>
<time>2026-05-20T17:17:40.960Z</time>
</trkpt>
<trkpt lat="49.4981577" lon="20.9571238">
<ele>549.616</ele>
<time>2026-05-20T17:17:43.865Z</time>
</trkpt>
<trkpt lat="49.4977328" lon="20.9568005">
<ele>552.007</ele>
<time>2026-05-20T17:17:46.840Z</time>
</trkpt>
<trkpt lat="49.4972977" lon="20.9564945">
<ele>555.006</ele>
<time>2026-05-20T17:17:49.850Z</time>
</trkpt>
<trkpt lat="49.4968876" lon="20.9561698">
<ele>558.265</ele>
<time>2026-05-20T17:17:52.777Z</time>
</trkpt>
<trkpt lat="49.4964571" lon="20.9558718">
<ele>560.932</ele>
<time>2026-05-20T17:17:55.798Z</time>
</trkpt>
<trkpt lat="49.4960482" lon="20.9555764">
<ele>562.973</ele>
<time>2026-05-20T17:17:58.726Z</time>
</trkpt>
<trkpt lat="49.4957019" lon="20.9552927">
<ele>564.935</ele>
<time>2026-05-20T17:18:01.445Z</time>
</trkpt>
<trkpt lat="49.4954354" lon="20.9548474">
<ele>567.033</ele>
<time>2026-05-20T17:18:04.350Z</time>
</trkpt>
<trkpt lat="49.4951842" lon="20.9543241">
<ele>569.292</ele>
<time>2026-05-20T17:18:07.471Z</time>
</trkpt>
<trkpt lat="49.4949234" lon="20.9537994">
<ele>571.782</ele>
<time>2026-05-20T17:18:10.514Z</time>
</trkpt>
<trkpt lat="49.4946977" lon="20.9532440">
<ele>574.165</ele>
<time>2026-05-20T17:18:13.479Z</time>
</trkpt>
<trkpt lat="49.4945706" lon="20.9526538">
<ele>576.148</ele>
<time>2026-05-20T17:18:16.346Z</time>
</trkpt>
<trkpt lat="49.4945273" lon="20.9519644">
<ele>578.029</ele>
<time>2026-05-20T17:18:19.530Z</time>
</trkpt>
<trkpt lat="49.4944799" lon="20.9513060">
<ele>580.333</ele>
<time>2026-05-20T17:18:22.508Z</time>
</trkpt>
<trkpt lat="49.4944874" lon="20.9506655">
<ele>582.716</ele>
<time>2026-05-20T17:18:25.432Z</time>
</trkpt>
<trkpt lat="49.4945122" lon="20.9500323">
<ele>584.553</ele>
<time>2026-05-20T17:18:28.393Z</time>
</trkpt>
<trkpt lat="49.4945952" lon="20.9494257">
<ele>586.216</ele>
<time>2026-05-20T17:18:31.331Z</time>
</trkpt>
<trkpt lat="49.4946897" lon="20.9489156">
<ele>588.513</ele>
<time>2026-05-20T17:18:34.013Z</time>
</trkpt>
<trkpt lat="49.4947418" lon="20.9484409">
<ele>591.214</ele>
<time>2026-05-20T17:18:36.735Z</time>
</trkpt>
<trkpt lat="49.4946732" lon="20.9480732">
<ele>593.394</ele>
<time>2026-05-20T17:18:39.231Z</time>
</trkpt>
<trkpt lat="49.4944604" lon="20.9478616">
<ele>594.668</ele>
<time>2026-05-20T17:18:42.140Z</time>
</trkpt>
<trkpt lat="49.4941416" lon="20.9477313">
<ele>595.719</ele>
<time>2026-05-20T17:18:45.776Z</time>
</trkpt>
<trkpt lat="49.4937955" lon="20.9475662">
<ele>597.419</ele>
<time>2026-05-20T17:18:49.029Z</time>
</trkpt>
<trkpt lat="49.4934412" lon="20.9474094">
<ele>599.933</ele>
<time>2026-05-20T17:18:52.035Z</time>
</trkpt>
<trkpt lat="49.4930597" lon="20.9472352">
<ele>602.823</ele>
<time>2026-05-20T17:18:55.166Z</time>
</trkpt>
<trkpt lat="49.4926745" lon="20.9470489">
<ele>605.644</ele>
<time>2026-05-20T17:18:58.247Z</time>
</trkpt>
<trkpt lat="49.4923530" lon="20.9469024">
<ele>607.945</ele>
<time>2026-05-20T17:19:00.928Z</time>
</trkpt>
<trkpt lat="49.4920908" lon="20.9468688">
<ele>609.418</ele>
<time>2026-05-20T17:19:03.310Z</time>
</trkpt>
<trkpt lat="49.4918715" lon="20.9471056">
<ele>610.235</ele>
<time>2026-05-20T17:19:06.123Z</time>
</trkpt>
<trkpt lat="49.4915702" lon="20.9474755">
<ele>611.092</ele>
<time>2026-05-20T17:19:10.267Z</time>
</trkpt>
<trkpt lat="49.4913766" lon="20.9478472">
<ele>612.361</ele>
<time>2026-05-20T17:19:13.204Z</time>
</trkpt>
<trkpt lat="49.4913876" lon="20.9482274">
<ele>613.634</ele>
<time>2026-05-20T17:19:15.757Z</time>
</trkpt>
<trkpt lat="49.4916076" lon="20.9485030">
<ele>614.500</ele>
<time>2026-05-20T17:19:19.059Z</time>
</trkpt>
<trkpt lat="49.4919006" lon="20.9486738">
<ele>615.572</ele>
<time>2026-05-20T17:19:22.564Z</time>
</trkpt>
<trkpt lat="49.4921212" lon="20.9487361">
<ele>617.510</ele>
<time>2026-05-20T17:19:24.789Z</time>
</trkpt>
<trkpt lat="49.4922849" lon="20.9488391">
<ele>619.660</ele>
<time>2026-05-20T17:19:26.534Z</time>
</trkpt>
<trkpt lat="49.4924363" lon="20.9492200">
<ele>621.107</ele>
<time>2026-05-20T17:19:29.606Z</time>
</trkpt>
<trkpt lat="49.4925202" lon="20.9496529">
<ele>622.190</ele>
<time>2026-05-20T17:19:32.719Z</time>
</trkpt>
<trkpt lat="49.4924512" lon="20.9500925">
<ele>623.825</ele>
<time>2026-05-20T17:19:35.663Z</time>
</trkpt>
<trkpt lat="49.4922824" lon="20.9506132">
<ele>626.242</ele>
<time>2026-05-20T17:19:39.081Z</time>
</trkpt>
<trkpt lat="49.4919940" lon="20.9510249">
<ele>628.650</ele>
<time>2026-05-20T17:19:42.178Z</time>
</trkpt>
<trkpt lat="49.4916815" lon="20.9514028">
<ele>630.441</ele>
<time>2026-05-20T17:19:45.187Z</time>
</trkpt>
<trkpt lat="49.4914248" lon="20.9517181">
<ele>631.695</ele>
<time>2026-05-20T17:19:47.868Z</time>
</trkpt>
<trkpt lat="49.4911326" lon="20.9518368">
<ele>632.509</ele>
<time>2026-05-20T17:19:50.625Z</time>
</trkpt>
<trkpt lat="49.4907738" lon="20.9518616">
<ele>633.282</ele>
<time>2026-05-20T17:19:53.837Z</time>
</trkpt>
<trkpt lat="49.4903750" lon="20.9518970">
<ele>634.563</ele>
<time>2026-05-20T17:19:57.092Z</time>
</trkpt>
<trkpt lat="49.4899682" lon="20.9518122">
<ele>636.188</ele>
<time>2026-05-20T17:20:00.251Z</time>
</trkpt>
<trkpt lat="49.4895408" lon="20.9516652">
<ele>637.693</ele>
<time>2026-05-20T17:20:03.443Z</time>
</trkpt>
<trkpt lat="49.4891256" lon="20.9515179">
<ele>639.075</ele>
<time>2026-05-20T17:20:06.420Z</time>
</trkpt>
<trkpt lat="49.4887246" lon="20.9512983">
<ele>640.733</ele>
<time>2026-05-20T17:20:09.414Z</time>
</trkpt>
<trkpt lat="49.4883418" lon="20.9511365">
<ele>642.736</ele>
<time>2026-05-20T17:20:12.328Z</time>
</trkpt>
<trkpt lat="49.4879799" lon="20.9509390">
<ele>644.464</ele>
<time>2026-05-20T17:20:15.252Z</time>
</trkpt>
<trkpt lat="49.4876098" lon="20.9507177">
<ele>645.800</ele>
<time>2026-05-20T17:20:18.270Z</time>
</trkpt>
<trkpt lat="49.4872169" lon="20.9505446">
<ele>647.355</ele>
<time>2026-05-20T17:20:21.409Z</time>
</trkpt>
<trkpt lat="49.4868328" lon="20.9504237">
<ele>649.563</ele>
<time>2026-05-20T17:20:24.560Z</time>
</trkpt>
<trkpt lat="49.4864993" lon="20.9503265">
<ele>652.018</ele>
<time>2026-05-20T17:20:27.614Z</time>
</trkpt>
<trkpt lat="49.4862822" lon="20.9503790">
<ele>653.661</ele>
<time>2026-05-20T17:20:30.055Z</time>
</trkpt>
<trkpt lat="49.4861529" lon="20.9507396">
<ele>654.022</ele>
<time>2026-05-20T17:20:33.643Z</time>
</trkpt>
<trkpt lat="49.4861903" lon="20.9511312">
<ele>653.877</ele>
<time>2026-05-20T17:20:36.756Z</time>
</trkpt>
<trkpt lat="49.4863970" lon="20.9514062">
<ele>654.463</ele>
<time>2026-05-20T17:20:39.817Z</time>
</trkpt>
<trkpt lat="49.4865516" lon="20.9517641">
<ele>656.379</ele>
<time>2026-05-20T17:20:42.852Z</time>
</trkpt>
<trkpt lat="49.4865601" lon="20.9522160">
<ele>658.873</ele>
<time>2026-05-20T17:20:46.038Z</time>
</trkpt>
<trkpt lat="49.4866827" lon="20.9525809">
<ele>660.955</ele>
<time>2026-05-20T17:20:49.014Z</time>
</trkpt>
<trkpt lat="49.4869162" lon="20.9527667">
<ele>662.759</ele>
<time>2026-05-20T17:20:51.964Z</time>
</trkpt>
<trkpt lat="49.4871221" lon="20.9529830">
<ele>664.869</ele>
<time>2026-05-20T17:20:54.775Z</time>
</trkpt>
<trkpt lat="49.4871954" lon="20.9533633">
<ele>667.016</ele>
<time>2026-05-20T17:20:57.716Z</time>
</trkpt>
<trkpt lat="49.4873131" lon="20.9537534">
<ele>668.734</ele>
<time>2026-05-20T17:21:00.801Z</time>
</trkpt>
<trkpt lat="49.4875822" lon="20.9540170">
<ele>670.349</ele>
<time>2026-05-20T17:21:04.018Z</time>
</trkpt>
<trkpt lat="49.4878461" lon="20.9543164">
<ele>672.437</ele>
<time>2026-05-20T17:21:07.067Z</time>
</trkpt>
<trkpt lat="49.4880416" lon="20.9548033">
<ele>674.872</ele>
<time>2026-05-20T17:21:10.191Z</time>
</trkpt>
<trkpt lat="49.4882631" lon="20.9553677">
<ele>677.152</ele>
<time>2026-05-20T17:21:13.357Z</time>
</trkpt>
<trkpt lat="49.4885089" lon="20.9559281">
<ele>679.099</ele>
<time>2026-05-20T17:21:16.471Z</time>
</trkpt>
<trkpt lat="49.4887551" lon="20.9563717">
<ele>681.059</ele>
<time>2026-05-20T17:21:19.430Z</time>
</trkpt>
<trkpt lat="49.4889556" lon="20.9567305">
<ele>683.164</ele>
<time>2026-05-20T17:21:22.312Z</time>
</trkpt>
<trkpt lat="49.4890313" lon="20.9571245">
<ele>684.992</ele>
<time>2026-05-20T17:21:25.185Z</time>
</trkpt>
<trkpt lat="49.4889050" lon="20.9575473">
<ele>686.253</ele>
<time>2026-05-20T17:21:28.377Z</time>
</trkpt>
<trkpt lat="49.4886703" lon="20.9579020">
<ele>687.163</ele>
<time>2026-05-20T17:21:31.494Z</time>
</trkpt>
<trkpt lat="49.4883576" lon="20.9579912">
<ele>687.876</ele>
<time>2026-05-20T17:21:34.267Z</time>
</trkpt>
<trkpt lat="49.4881224" lon="20.9580024">
<ele>688.743</ele>
<time>2026-05-20T17:21:36.166Z</time>
</trkpt>
<trkpt lat="49.4877306" lon="20.9580073">
<ele>690.116</ele>
<time>2026-05-20T17:21:39.196Z</time>
</trkpt>
<trkpt lat="49.4874625" lon="20.9579305">
<ele>692.016</ele>
<time>2026-05-20T17:21:41.212Z</time>
</trkpt>
<trkpt lat="49.4870371" lon="20.9577557">
<ele>694.377</ele>
<time>2026-05-20T17:21:44.481Z</time>
</trkpt>
<trkpt lat="49.4866647" lon="20.9576051">
<ele>697.022</ele>
<time>2026-05-20T17:21:47.455Z</time>
</trkpt>
<trkpt lat="49.4863298" lon="20.9573255">
<ele>699.481</ele>
<time>2026-05-20T17:21:50.410Z</time>
</trkpt>
<trkpt lat="49.4860058" lon="20.9569291">
<ele>701.724</ele>
<time>2026-05-20T17:21:53.613Z</time>
</trkpt>
<trkpt lat="49.4857268" lon="20.9565847">
<ele>704.030</ele>
<time>2026-05-20T17:21:56.644Z</time>
</trkpt>
<trkpt lat="49.4854565" lon="20.9563722">
<ele>706.329</ele>
<time>2026-05-20T17:21:59.563Z</time>
</trkpt>
<trkpt lat="49.4851740" lon="20.9564088">
<ele>708.264</ele>
<time>2026-05-20T17:22:02.386Z</time>
</trkpt>
<trkpt lat="49.4848655" lon="20.9564976">
<ele>709.841</ele>
<time>2026-05-20T17:22:05.304Z</time>
</trkpt>
<trkpt lat="49.4845076" lon="20.9566379">
<ele>711.211</ele>
<time>2026-05-20T17:22:08.376Z</time>
</trkpt>
<trkpt lat="49.4840683" lon="20.9566521">
<ele>712.384</ele>
<time>2026-05-20T17:22:11.629Z</time>
</trkpt>
<trkpt lat="49.4835937" lon="20.9566364">
<ele>713.412</ele>
<time>2026-05-20T17:22:14.792Z</time>
</trkpt>
<trkpt lat="49.4830893" lon="20.9566064">
<ele>714.685</ele>
<time>2026-05-20T17:22:17.931Z</time>
</trkpt>
<trkpt lat="49.4825877" lon="20.9565449">
<ele>716.408</ele>
<time>2026-05-20T17:22:21.030Z</time>
</trkpt>
<trkpt lat="49.4821161" lon="20.9564459">
<ele>718.423</ele>
<time>2026-05-20T17:22:24.068Z</time>
</trkpt>
<trkpt lat="49.4816803" lon="20.9562546">
<ele>720.751</ele>
<time>2026-05-20T17:22:27.123Z</time>
</trkpt>
<trkpt lat="49.4812620" lon="20.9560639">
<ele>723.293</ele>
<time>2026-05-20T17:22:30.370Z</time>
</trkpt>
<trkpt lat="49.4809053" lon="20.9559453">
<ele>725.369</ele>
<time>2026-05-20T17:22:33.469Z</time>
</trkpt>
<trkpt lat="49.4805756" lon="20.9558443">
<ele>726.559</ele>
<time>2026-05-20T17:22:36.645Z</time>
</trkpt>
<trkpt lat="49.4802674" lon="20.9558801">
<ele>727.174</ele>
<time>2026-05-20T17:22:39.852Z</time>
</trkpt>
<trkpt lat="49.4800470" lon="20.9561547">
<ele>727.581</ele>
<time>2026-05-20T17:22:42.905Z</time>
</trkpt>
<trkpt lat="49.4799494" lon="20.9565832">
<ele>728.002</ele>
<time>2026-05-20T17:22:46.001Z</time>
</trkpt>
<trkpt lat="49.4797680" lon="20.9569529">
<ele>728.669</ele>
<time>2026-05-20T17:22:49.026Z</time>
</trkpt>
<trkpt lat="49.4794613" lon="20.9570171">
<ele>729.820</ele>
<time>2026-05-20T17:22:51.735Z</time>
</trkpt>
<trkpt lat="49.4790908" lon="20.9569363">
<ele>731.707</ele>
<time>2026-05-20T17:22:54.509Z</time>
</trkpt>
<trkpt lat="49.4786575" lon="20.9568367">
<ele>734.286</ele>
<time>2026-05-20T17:22:57.359Z</time>
</trkpt>
<trkpt lat="49.4781683" lon="20.9567093">
<ele>736.866</ele>
<time>2026-05-20T17:23:00.316Z</time>
</trkpt>
<trkpt lat="49.4776470" lon="20.9565865">
<ele>738.740</ele>
<time>2026-05-20T17:23:03.325Z</time>
</trkpt>
<trkpt lat="49.4771117" lon="20.9564518">
<ele>739.739</ele>
<time>2026-05-20T17:23:06.427Z</time>
</trkpt>
<trkpt lat="49.4766156" lon="20.9563337">
<ele>740.067</ele>
<time>2026-05-20T17:23:09.386Z</time>
</trkpt>
<trkpt lat="49.4761177" lon="20.9562226">
<ele>739.963</ele>
<time>2026-05-20T17:23:12.323Z</time>
</trkpt>
<trkpt lat="49.4755883" lon="20.9562212">
<ele>739.695</ele>
<time>2026-05-20T17:23:15.268Z</time>
</trkpt>
<trkpt lat="49.4750283" lon="20.9562381">
<ele>739.678</ele>
<time>2026-05-20T17:23:18.258Z</time>
</trkpt>
<trkpt lat="49.4744527" lon="20.9562455">
<ele>740.354</ele>
<time>2026-05-20T17:23:21.281Z</time>
</trkpt>
<trkpt lat="49.4738808" lon="20.9562429">
<ele>741.824</ele>
<time>2026-05-20T17:23:24.321Z</time>
</trkpt>
<trkpt lat="49.4733305" lon="20.9562360">
<ele>743.964</ele>
<time>2026-05-20T17:23:27.377Z</time>
</trkpt>
<trkpt lat="49.4728248" lon="20.9562362">
<ele>746.594</ele>
<time>2026-05-20T17:23:30.320Z</time>
</trkpt>
<trkpt lat="49.4723252" lon="20.9563217">
<ele>749.315</ele>
<time>2026-05-20T17:23:33.300Z</time>
</trkpt>
<trkpt lat="49.4718300" lon="20.9564245">
<ele>751.695</ele>
<time>2026-05-20T17:23:36.337Z</time>
</trkpt>
<trkpt lat="49.4715242" lon="20.9565213">
<ele>753.496</ele>
<time>2026-05-20T17:23:38.283Z</time>
</trkpt>
<trkpt lat="49.4711997" lon="20.9566213">
<ele>754.740</ele>
<time>2026-05-20T17:23:40.380Z</time>
</trkpt>
<trkpt lat="49.4707548" lon="20.9567605">
<ele>755.801</ele>
<time>2026-05-20T17:23:43.331Z</time>
</trkpt>
<trkpt lat="49.4704583" lon="20.9568556">
<ele>757.075</ele>
<time>2026-05-20T17:23:45.343Z</time>
</trkpt>
<trkpt lat="49.4700252" lon="20.9569866">
<ele>758.354</ele>
<time>2026-05-20T17:23:48.447Z</time>
</trkpt>
<trkpt lat="49.4696468" lon="20.9570762">
<ele>758.945</ele>
<time>2026-05-20T17:23:51.500Z</time>
</trkpt>
<trkpt lat="49.4693269" lon="20.9569516">
<ele>758.637</ele>
<time>2026-05-20T17:23:54.365Z</time>
</trkpt>
<trkpt lat="49.4690739" lon="20.9565851">
<ele>758.162</ele>
<time>2026-05-20T17:23:57.323Z</time>
</trkpt>
<trkpt lat="49.4688107" lon="20.9561808">
<ele>758.234</ele>
<time>2026-05-20T17:24:00.502Z</time>
</trkpt>
<trkpt lat="49.4685412" lon="20.9559068">
<ele>758.737</ele>
<time>2026-05-20T17:24:03.368Z</time>
</trkpt>
<trkpt lat="49.4681917" lon="20.9558633">
<ele>759.120</ele>
<time>2026-05-20T17:24:06.147Z</time>
</trkpt>
<trkpt lat="49.4677274" lon="20.9558773">
<ele>758.851</ele>
<time>2026-05-20T17:24:09.237Z</time>
</trkpt>
<trkpt lat="49.4672123" lon="20.9558553">
<ele>757.943</ele>
<time>2026-05-20T17:24:12.419Z</time>
</trkpt>
<trkpt lat="49.4667581" lon="20.9556976">
<ele>756.831</ele>
<time>2026-05-20T17:24:15.357Z</time>
</trkpt>
<trkpt lat="49.4663165" lon="20.9554506">
<ele>755.404</ele>
<time>2026-05-20T17:24:18.470Z</time>
</trkpt>
<trkpt lat="49.4659195" lon="20.9552482">
<ele>753.554</ele>
<time>2026-05-20T17:24:21.498Z</time>
</trkpt>
<trkpt lat="49.4655598" lon="20.9550654">
<ele>751.722</ele>
<time>2026-05-20T17:24:24.509Z</time>
</trkpt>
<trkpt lat="49.4652145" lon="20.9549569">
<ele>750.011</ele>
<time>2026-05-20T17:24:27.562Z</time>
</trkpt>
<trkpt lat="49.4648948" lon="20.9549172">
<ele>748.334</ele>
<time>2026-05-20T17:24:30.575Z</time>
</trkpt>
<trkpt lat="49.4645954" lon="20.9548897">
<ele>746.717</ele>
<time>2026-05-20T17:24:33.755Z</time>
</trkpt>
<trkpt lat="49.4643447" lon="20.9548822">
<ele>745.253</ele>
<time>2026-05-20T17:24:36.957Z</time>
</trkpt>
<trkpt lat="49.4641318" lon="20.9548740">
<ele>744.220</ele>
<time>2026-05-20T17:24:40.181Z</time>
</trkpt>
<trkpt lat="49.4639482" lon="20.9547913">
<ele>743.706</ele>
<time>2026-05-20T17:24:43.956Z</time>
</trkpt>
<trkpt lat="49.4638276" lon="20.9547358">
<ele>743.531</ele>
<time>2026-05-20T17:24:46.432Z</time>
</trkpt>
<trkpt lat="49.4636917" lon="20.9547578">
<ele>743.416</ele>
<time>2026-05-20T17:24:48.382Z</time>
</trkpt>
<trkpt lat="49.4634752" lon="20.9550147">
<ele>743.137</ele>
<time>2026-05-20T17:24:51.154Z</time>
</trkpt>
<trkpt lat="49.4631766" lon="20.9553177">
<ele>743.048</ele>
<time>2026-05-20T17:24:54.001Z</time>
</trkpt>
<trkpt lat="49.4628035" lon="20.9556300">
<ele>743.790</ele>
<time>2026-05-20T17:24:56.857Z</time>
</trkpt>
<trkpt lat="49.4623681" lon="20.9559626">
<ele>745.251</ele>
<time>2026-05-20T17:24:59.830Z</time>
</trkpt>
<trkpt lat="49.4619062" lon="20.9562968">
<ele>746.569</ele>
<time>2026-05-20T17:25:02.909Z</time>
</trkpt>
<trkpt lat="49.4614716" lon="20.9566253">
<ele>747.273</ele>
<time>2026-05-20T17:25:05.880Z</time>
</trkpt>
<trkpt lat="49.4610176" lon="20.9569611">
<ele>747.560</ele>
<time>2026-05-20T17:25:08.936Z</time>
</trkpt>
<trkpt lat="49.4605399" lon="20.9572963">
<ele>747.600</ele>
<time>2026-05-20T17:25:12.020Z</time>
</trkpt>
<trkpt lat="49.4600357" lon="20.9575393">
<ele>747.419</ele>
<time>2026-05-20T17:25:15.065Z</time>
</trkpt>
<trkpt lat="49.4595182" lon="20.9575970">
<ele>746.958</ele>
<time>2026-05-20T17:25:18.076Z</time>
</trkpt>
<trkpt lat="49.4590202" lon="20.9574715">
<ele>746.268</ele>
<time>2026-05-20T17:25:21.070Z</time>
</trkpt>
<trkpt lat="49.4585712" lon="20.9571951">
<ele>745.647</ele>
<time>2026-05-20T17:25:23.991Z</time>
</trkpt>
<trkpt lat="49.4581753" lon="20.9567639">
<ele>745.232</ele>
<time>2026-05-20T17:25:26.906Z</time>
</trkpt>
<trkpt lat="49.4578346" lon="20.9561807">
<ele>744.711</ele>
<time>2026-05-20T17:25:29.918Z</time>
</trkpt>
<trkpt lat="49.4575681" lon="20.9555288">
<ele>743.815</ele>
<time>2026-05-20T17:25:32.820Z</time>
</trkpt>
<trkpt lat="49.4573564" lon="20.9547858">
<ele>742.501</ele>
<time>2026-05-20T17:25:35.795Z</time>
</trkpt>
<trkpt lat="49.4570801" lon="20.9540601">
<ele>740.863</ele>
<time>2026-05-20T17:25:38.880Z</time>
</trkpt>
<trkpt lat="49.4567767" lon="20.9534514">
<ele>739.192</ele>
<time>2026-05-20T17:25:41.779Z</time>
</trkpt>
<trkpt lat="49.4565232" lon="20.9531038">
<ele>737.611</ele>
<time>2026-05-20T17:25:43.749Z</time>
</trkpt>
<trkpt lat="49.4560718" lon="20.9526887">
<ele>735.942</ele>
<time>2026-05-20T17:25:46.774Z</time>
</trkpt>
<trkpt lat="49.4557377" lon="20.9525307">
<ele>734.282</ele>
<time>2026-05-20T17:25:48.785Z</time>
</trkpt>
<trkpt lat="49.4552194" lon="20.9524396">
<ele>732.847</ele>
<time>2026-05-20T17:25:51.783Z</time>
</trkpt>
<trkpt lat="49.4548735" lon="20.9524519">
<ele>731.589</ele>
<time>2026-05-20T17:25:53.746Z</time>
</trkpt>
<trkpt lat="49.4545179" lon="20.9524968">
<ele>730.452</ele>
<time>2026-05-20T17:25:55.698Z</time>
</trkpt>
<trkpt lat="49.4539477" lon="20.9526235">
<ele>729.399</ele>
<time>2026-05-20T17:25:58.799Z</time>
</trkpt>
<trkpt lat="49.4534124" lon="20.9527785">
<ele>728.364</ele>
<time>2026-05-20T17:26:01.742Z</time>
</trkpt>
<trkpt lat="49.4528838" lon="20.9529698">
<ele>727.248</ele>
<time>2026-05-20T17:26:04.756Z</time>
</trkpt>
<trkpt lat="49.4523801" lon="20.9531747">
<ele>726.142</ele>
<time>2026-05-20T17:26:07.731Z</time>
</trkpt>
<trkpt lat="49.4518768" lon="20.9533301">
<ele>725.723</ele>
<time>2026-05-20T17:26:10.688Z</time>
</trkpt>
<trkpt lat="49.4513507" lon="20.9533638">
<ele>726.509</ele>
<time>2026-05-20T17:26:13.685Z</time>
</trkpt>
<trkpt lat="49.4508249" lon="20.9532500">
<ele>728.047</ele>
<time>2026-05-20T17:26:16.699Z</time>
</trkpt>
<trkpt lat="49.4503325" lon="20.9530129">
<ele>729.666</ele>
<time>2026-05-20T17:26:19.743Z</time>
</trkpt>
<trkpt lat="49.4498806" lon="20.9527777">
<ele>731.045</ele>
<time>2026-05-20T17:26:22.741Z</time>
</trkpt>
<trkpt lat="49.4494565" lon="20.9525495">
<ele>731.966</ele>
<time>2026-05-20T17:26:25.703Z</time>
</trkpt>
<trkpt lat="49.4490485" lon="20.9523089">
<ele>732.370</ele>
<time>2026-05-20T17:26:28.660Z</time>
</trkpt>
<trkpt lat="49.4486755" lon="20.9519749">
<ele>732.423</ele>
<time>2026-05-20T17:26:31.599Z</time>
</trkpt>
<trkpt lat="49.4483396" lon="20.9515296">
<ele>732.184</ele>
<time>2026-05-20T17:26:34.552Z</time>
</trkpt>
<trkpt lat="49.4479687" lon="20.9510721">
<ele>731.569</ele>
<time>2026-05-20T17:26:37.547Z</time>
</trkpt>
<trkpt lat="49.4475309" lon="20.9506812">
<ele>730.515</ele>
<time>2026-05-20T17:26:40.548Z</time>
</trkpt>
<trkpt lat="49.4470249" lon="20.9504501">
<ele>728.840</ele>
<time>2026-05-20T17:26:43.612Z</time>
</trkpt>
<trkpt lat="49.4465275" lon="20.9503749">
<ele>726.361</ele>
<time>2026-05-20T17:26:46.592Z</time>
</trkpt>
<trkpt lat="49.4460534" lon="20.9503316">
<ele>723.175</ele>
<time>2026-05-20T17:26:49.541Z</time>
</trkpt>
<trkpt lat="49.4455951" lon="20.9502989">
<ele>719.568</ele>
<time>2026-05-20T17:26:52.424Z</time>
</trkpt>
<trkpt lat="49.4451181" lon="20.9502741">
<ele>716.088</ele>
<time>2026-05-20T17:26:55.320Z</time>
</trkpt>
<trkpt lat="49.4446106" lon="20.9502374">
<ele>713.288</ele>
<time>2026-05-20T17:26:58.241Z</time>
</trkpt>
<trkpt lat="49.4440702" lon="20.9501970">
<ele>711.287</ele>
<time>2026-05-20T17:27:01.307Z</time>
</trkpt>
<trkpt lat="49.4435684" lon="20.9501023">
<ele>709.536</ele>
<time>2026-05-20T17:27:04.295Z</time>
</trkpt>
<trkpt lat="49.4430803" lon="20.9499029">
<ele>707.241</ele>
<time>2026-05-20T17:27:07.437Z</time>
</trkpt>
<trkpt lat="49.4426258" lon="20.9496498">
<ele>704.294</ele>
<time>2026-05-20T17:27:10.515Z</time>
</trkpt>
<trkpt lat="49.4421630" lon="20.9495006">
<ele>701.150</ele>
<time>2026-05-20T17:27:13.521Z</time>
</trkpt>
<trkpt lat="49.4416891" lon="20.9494967">
<ele>698.049</ele>
<time>2026-05-20T17:27:16.465Z</time>
</trkpt>
<trkpt lat="49.4411986" lon="20.9496456">
<ele>694.940</ele>
<time>2026-05-20T17:27:19.463Z</time>
</trkpt>
<trkpt lat="49.4407298" lon="20.9499707">
<ele>691.679</ele>
<time>2026-05-20T17:27:22.479Z</time>
</trkpt>
<trkpt lat="49.4402665" lon="20.9502875">
<ele>688.307</ele>
<time>2026-05-20T17:27:25.401Z</time>
</trkpt>
<trkpt lat="49.4397332" lon="20.9504489">
<ele>685.194</ele>
<time>2026-05-20T17:27:28.428Z</time>
</trkpt>
<trkpt lat="49.4391763" lon="20.9503556">
<ele>682.433</ele>
<time>2026-05-20T17:27:31.470Z</time>
</trkpt>
<trkpt lat="49.4386466" lon="20.9501688">
<ele>679.515</ele>
<time>2026-05-20T17:27:34.468Z</time>
</trkpt>
<trkpt lat="49.4381562" lon="20.9499880">
<ele>676.026</ele>
<time>2026-05-20T17:27:37.357Z</time>
</trkpt>
<trkpt lat="49.4376651" lon="20.9497962">
<ele>672.181</ele>
<time>2026-05-20T17:27:40.342Z</time>
</trkpt>
<trkpt lat="49.4371865" lon="20.9496162">
<ele>668.286</ele>
<time>2026-05-20T17:27:43.303Z</time>
</trkpt>
<trkpt lat="49.4367130" lon="20.9494472">
<ele>664.503</ele>
<time>2026-05-20T17:27:46.291Z</time>
</trkpt>
<trkpt lat="49.4362474" lon="20.9492950">
<ele>661.022</ele>
<time>2026-05-20T17:27:49.252Z</time>
</trkpt>
<trkpt lat="49.4357580" lon="20.9492308">
<ele>657.929</ele>
<time>2026-05-20T17:27:52.307Z</time>
</trkpt>
<trkpt lat="49.4352844" lon="20.9492991">
<ele>654.975</ele>
<time>2026-05-20T17:27:55.299Z</time>
</trkpt>
<trkpt lat="49.4349795" lon="20.9493786">
<ele>651.969</ele>
<time>2026-05-20T17:27:57.262Z</time>
</trkpt>
<trkpt lat="49.4345042" lon="20.9495138">
<ele>649.085</ele>
<time>2026-05-20T17:28:00.324Z</time>
</trkpt>
<trkpt lat="49.4341913" lon="20.9496079">
<ele>646.337</ele>
<time>2026-05-20T17:28:02.379Z</time>
</trkpt>
<trkpt lat="49.4337435" lon="20.9497383">
<ele>643.516</ele>
<time>2026-05-20T17:28:05.449Z</time>
</trkpt>
<trkpt lat="49.4333266" lon="20.9498557">
<ele>640.390</ele>
<time>2026-05-20T17:28:08.654Z</time>
</trkpt>
<trkpt lat="49.4329942" lon="20.9499645">
<ele>637.038</ele>
<time>2026-05-20T17:28:11.690Z</time>
</trkpt>
<trkpt lat="49.4327235" lon="20.9501284">
<ele>634.013</ele>
<time>2026-05-20T17:28:14.573Z</time>
</trkpt>
<trkpt lat="49.4324974" lon="20.9504217">
<ele>631.643</ele>
<time>2026-05-20T17:28:17.503Z</time>
</trkpt>
<trkpt lat="49.4323185" lon="20.9508198">
<ele>629.812</ele>
<time>2026-05-20T17:28:20.618Z</time>
</trkpt>
<trkpt lat="49.4322037" lon="20.9511951">
<ele>628.583</ele>
<time>2026-05-20T17:28:23.554Z</time>
</trkpt>
<trkpt lat="49.4320902" lon="20.9515012">
<ele>627.817</ele>
<time>2026-05-20T17:28:26.345Z</time>
</trkpt>
<trkpt lat="49.4319777" lon="20.9518227">
<ele>627.068</ele>
<time>2026-05-20T17:28:29.348Z</time>
</trkpt>
<trkpt lat="49.4318389" lon="20.9521288">
<ele>626.210</ele>
<time>2026-05-20T17:28:32.451Z</time>
</trkpt>
<trkpt lat="49.4316930" lon="20.9523641">
<ele>625.335</ele>
<time>2026-05-20T17:28:35.948Z</time>
</trkpt>
<trkpt lat="49.4316230" lon="20.9524654">
<ele>624.468</ele>
<time>2026-05-20T17:28:37.919Z</time>
</trkpt>
<trkpt lat="49.4316230" lon="20.9524654">
<ele>623.835</ele>
<time>2026-05-20T17:28:44.919Z</time>
</trkpt>
<trkpt lat="49.4316230" lon="20.9524654">
<ele>623.608</ele>
<time>2026-05-20T17:29:26.069Z</time>
</trkpt>
<trkpt lat="49.4314139" lon="20.9526508">
<ele>623.619</ele>
<time>2026-05-20T17:29:36.396Z</time>
</trkpt>
<trkpt lat="49.4312346" lon="20.9527367">
<ele>624.996</ele>
<time>2026-05-20T17:29:39.230Z</time>
</trkpt>
<trkpt lat="49.4309945" lon="20.9527929">
<ele>628.443</ele>
<time>2026-05-20T17:29:42.290Z</time>
</trkpt>
<trkpt lat="49.4307368" lon="20.9528660">
<ele>631.721</ele>
<time>2026-05-20T17:29:45.389Z</time>
</trkpt>
<trkpt lat="49.4304844" lon="20.9529310">
<ele>632.515</ele>
<time>2026-05-20T17:29:48.223Z</time>
</trkpt>
<trkpt lat="49.4301767" lon="20.9530227">
<ele>630.911</ele>
<time>2026-05-20T17:29:51.303Z</time>
</trkpt>
<trkpt lat="49.4298369" lon="20.9531358">
<ele>627.696</ele>
<time>2026-05-20T17:29:54.585Z</time>
</trkpt>
<trkpt lat="49.4296423" lon="20.9531851">
<ele>623.962</ele>
<time>2026-05-20T17:29:56.553Z</time>
</trkpt>
<trkpt lat="49.4294485" lon="20.9532444">
<ele>620.905</ele>
<time>2026-05-20T17:29:58.594Z</time>
</trkpt>
<trkpt lat="49.4291771" lon="20.9533056">
<ele>618.923</ele>
<time>2026-05-20T17:30:01.455Z</time>
</trkpt>
<trkpt lat="49.4289844" lon="20.9533738">
<ele>617.347</ele>
<time>2026-05-20T17:30:03.483Z</time>
</trkpt>
<trkpt lat="49.4286955" lon="20.9534584">
<ele>615.648</ele>
<time>2026-05-20T17:30:06.430Z</time>
</trkpt>
<trkpt lat="49.4283921" lon="20.9535604">
<ele>613.992</ele>
<time>2026-05-20T17:30:09.491Z</time>
</trkpt>
<trkpt lat="49.4281036" lon="20.9536740">
<ele>612.649</ele>
<time>2026-05-20T17:30:12.406Z</time>
</trkpt>
<trkpt lat="49.4278247" lon="20.9538867">
<ele>611.692</ele>
<time>2026-05-20T17:30:15.340Z</time>
</trkpt>
<trkpt lat="49.4275380" lon="20.9541409">
<ele>611.021</ele>
<time>2026-05-20T17:30:18.411Z</time>
</trkpt>
<trkpt lat="49.4272748" lon="20.9543766">
<ele>610.309</ele>
<time>2026-05-20T17:30:21.298Z</time>
</trkpt>
<trkpt lat="49.4270075" lon="20.9546019">
<ele>609.349</ele>
<time>2026-05-20T17:30:24.117Z</time>
</trkpt>
<trkpt lat="49.4267161" lon="20.9548606">
<ele>608.352</ele>
<time>2026-05-20T17:30:27.141Z</time>
</trkpt>
<trkpt lat="49.4264340" lon="20.9551179">
<ele>607.819</ele>
<time>2026-05-20T17:30:30.156Z</time>
</trkpt>
<trkpt lat="49.4261592" lon="20.9553502">
<ele>607.923</ele>
<time>2026-05-20T17:30:33.859Z</time>
</trkpt>
<trkpt lat="49.4260214" lon="20.9554729">
<ele>608.289</ele>
<time>2026-05-20T17:30:38.102Z</time>
</trkpt>
<trkpt lat="49.4259210" lon="20.9555494">
<ele>608.543</ele>
<time>2026-05-20T17:30:41.261Z</time>
</trkpt>
<trkpt lat="49.4257864" lon="20.9556504">
<ele>609.063</ele>
<time>2026-05-20T17:30:44.502Z</time>
</trkpt>
<trkpt lat="49.4255950" lon="20.9558207">
<ele>610.479</ele>
<time>2026-05-20T17:30:47.583Z</time>
</trkpt>
<trkpt lat="49.4253521" lon="20.9560577">
<ele>612.386</ele>
<time>2026-05-20T17:30:50.818Z</time>
</trkpt>
<trkpt lat="49.4251001" lon="20.9562906">
<ele>613.739</ele>
<time>2026-05-20T17:30:53.919Z</time>
</trkpt>
<trkpt lat="49.4248554" lon="20.9565232">
<ele>613.938</ele>
<time>2026-05-20T17:30:57.003Z</time>
</trkpt>
<trkpt lat="49.4246332" lon="20.9567422">
<ele>613.116</ele>
<time>2026-05-20T17:30:59.914Z</time>
</trkpt>
<trkpt lat="49.4244015" lon="20.9569521">
<ele>611.655</ele>
<time>2026-05-20T17:31:02.809Z</time>
</trkpt>
<trkpt lat="49.4241602" lon="20.9571879">
<ele>609.903</ele>
<time>2026-05-20T17:31:05.753Z</time>
</trkpt>
<trkpt lat="49.4239136" lon="20.9574099">
<ele>608.111</ele>
<time>2026-05-20T17:31:08.625Z</time>
</trkpt>
<trkpt lat="49.4236637" lon="20.9576526">
<ele>606.379</ele>
<time>2026-05-20T17:31:11.632Z</time>
</trkpt>
<trkpt lat="49.4234387" lon="20.9578822">
<ele>604.637</ele>
<time>2026-05-20T17:31:14.441Z</time>
</trkpt>
<trkpt lat="49.4231910" lon="20.9581057">
<ele>602.912</ele>
<time>2026-05-20T17:31:17.437Z</time>
</trkpt>
<trkpt lat="49.4229492" lon="20.9583366">
<ele>601.341</ele>
<time>2026-05-20T17:31:20.586Z</time>
</trkpt>
<trkpt lat="49.4227543" lon="20.9585118">
<ele>599.961</ele>
<time>2026-05-20T17:31:23.650Z</time>
</trkpt>
<trkpt lat="49.4226218" lon="20.9586318">
<ele>598.517</ele>
<time>2026-05-20T17:31:26.523Z</time>
</trkpt>
<trkpt lat="49.4225263" lon="20.9587133">
<ele>597.079</ele>
<time>2026-05-20T17:31:30.241Z</time>
</trkpt>
<trkpt lat="49.4224516" lon="20.9588027">
<ele>596.158</ele>
<time>2026-05-20T17:31:34.919Z</time>
</trkpt>
<trkpt lat="49.4224516" lon="20.9588027">
<ele>595.903</ele>
<time>2026-05-20T17:31:36.919Z</time>
</trkpt>
<trkpt lat="49.4224516" lon="20.9588027">
<ele>595.887</ele>
<time>2026-05-20T17:31:39.379Z</time>
</trkpt>
<trkpt lat="49.4223169" lon="20.9589481">
<ele>595.762</ele>
<time>2026-05-20T17:31:45.605Z</time>
</trkpt>
<trkpt lat="49.4221590" lon="20.9590904">
<ele>595.556</ele>
<time>2026-05-20T17:31:48.933Z</time>
</trkpt>
<trkpt lat="49.4219881" lon="20.9592492">
<ele>595.425</ele>
<time>2026-05-20T17:31:52.253Z</time>
</trkpt>
<trkpt lat="49.4218173" lon="20.9593492">
<ele>595.457</ele>
<time>2026-05-20T17:31:55.537Z</time>
</trkpt>
<trkpt lat="49.4216561" lon="20.9592672">
<ele>595.870</ele>
<time>2026-05-20T17:31:58.410Z</time>
</trkpt>
<trkpt lat="49.4215736" lon="20.9589808">
<ele>596.882</ele>
<time>2026-05-20T17:32:01.227Z</time>
</trkpt>
<trkpt lat="49.4215007" lon="20.9587544">
<ele>598.176</ele>
<time>2026-05-20T17:32:03.189Z</time>
</trkpt>
<trkpt lat="49.4214480" lon="20.9585012">
<ele>599.035</ele>
<time>2026-05-20T17:32:05.204Z</time>
</trkpt>
<trkpt lat="49.4213851" lon="20.9581281">
<ele>598.997</ele>
<time>2026-05-20T17:32:08.285Z</time>
</trkpt>
<trkpt lat="49.4213408" lon="20.9579147">
<ele>598.035</ele>
<time>2026-05-20T17:32:10.274Z</time>
</trkpt>
<trkpt lat="49.4212628" lon="20.9577438">
<ele>596.682</ele>
<time>2026-05-20T17:32:12.216Z</time>
</trkpt>
<trkpt lat="49.4211661" lon="20.9576035">
<ele>595.728</ele>
<time>2026-05-20T17:32:14.020Z</time>
</trkpt>
<trkpt lat="49.4209679" lon="20.9573974">
<ele>595.447</ele>
<time>2026-05-20T17:32:16.909Z</time>
</trkpt>
<trkpt lat="49.4207356" lon="20.9571474">
<ele>595.658</ele>
<time>2026-05-20T17:32:19.925Z</time>
</trkpt>
<trkpt lat="49.4204930" lon="20.9568698">
<ele>596.094</ele>
<time>2026-05-20T17:32:23.042Z</time>
</trkpt>
<trkpt lat="49.4202696" lon="20.9566277">
<ele>596.455</ele>
<time>2026-05-20T17:32:25.877Z</time>
</trkpt>
<trkpt lat="49.4200338" lon="20.9563724">
<ele>596.480</ele>
<time>2026-05-20T17:32:28.843Z</time>
</trkpt>
<trkpt lat="49.4198136" lon="20.9561334">
<ele>596.118</ele>
<time>2026-05-20T17:32:31.666Z</time>
</trkpt>
<trkpt lat="49.4195916" lon="20.9559278">
<ele>595.418</ele>
<time>2026-05-20T17:32:34.436Z</time>
</trkpt>
<trkpt lat="49.4193494" lon="20.9557450">
<ele>594.342</ele>
<time>2026-05-20T17:32:37.308Z</time>
</trkpt>
<trkpt lat="49.4190907" lon="20.9555765">
<ele>593.110</ele>
<time>2026-05-20T17:32:40.226Z</time>
</trkpt>
<trkpt lat="49.4188078" lon="20.9554115">
<ele>592.113</ele>
<time>2026-05-20T17:32:43.235Z</time>
</trkpt>
<trkpt lat="49.4185120" lon="20.9552645">
<ele>591.330</ele>
<time>2026-05-20T17:32:46.202Z</time>
</trkpt>
<trkpt lat="49.4182016" lon="20.9551765">
<ele>590.530</ele>
<time>2026-05-20T17:32:49.195Z</time>
</trkpt>
<trkpt lat="49.4179003" lon="20.9551151">
<ele>589.643</ele>
<time>2026-05-20T17:32:52.150Z</time>
</trkpt>
<trkpt lat="49.4175947" lon="20.9551185">
<ele>588.648</ele>
<time>2026-05-20T17:32:55.146Z</time>
</trkpt>
<trkpt lat="49.4172787" lon="20.9551402">
<ele>587.566</ele>
<time>2026-05-20T17:32:58.219Z</time>
</trkpt>
<trkpt lat="49.4169884" lon="20.9551853">
<ele>586.472</ele>
<time>2026-05-20T17:33:01.087Z</time>
</trkpt>
<trkpt lat="49.4166953" lon="20.9552851">
<ele>585.275</ele>
<time>2026-05-20T17:33:04.038Z</time>
</trkpt>
<trkpt lat="49.4163930" lon="20.9553911">
<ele>583.757</ele>
<time>2026-05-20T17:33:07.072Z</time>
</trkpt>
<trkpt lat="49.4161029" lon="20.9554910">
<ele>581.892</ele>
<time>2026-05-20T17:33:10.058Z</time>
</trkpt>
<trkpt lat="49.4158201" lon="20.9555952">
<ele>579.738</ele>
<time>2026-05-20T17:33:13.031Z</time>
</trkpt>
<trkpt lat="49.4155236" lon="20.9557690">
<ele>577.269</ele>
<time>2026-05-20T17:33:16.175Z</time>
</trkpt>
<trkpt lat="49.4152263" lon="20.9559532">
<ele>574.798</ele>
<time>2026-05-20T17:33:19.333Z</time>
</trkpt>
<trkpt lat="49.4149627" lon="20.9560682">
<ele>572.918</ele>
<time>2026-05-20T17:33:22.432Z</time>
</trkpt>
<trkpt lat="49.4147732" lon="20.9561135">
<ele>571.768</ele>
<time>2026-05-20T17:33:25.640Z</time>
</trkpt>
<trkpt lat="49.4146854" lon="20.9561921">
<ele>571.003</ele>
<time>2026-05-20T17:33:27.945Z</time>
</trkpt>
<trkpt lat="49.4146401" lon="20.9563282">
<ele>570.476</ele>
<time>2026-05-20T17:33:31.919Z</time>
</trkpt>
<trkpt lat="49.4146401" lon="20.9563282">
<ele>570.230</ele>
<time>2026-05-20T17:33:34.919Z</time>
</trkpt>
<trkpt lat="49.4146401" lon="20.9563282">
<ele>570.130</ele>
<time>2026-05-20T17:33:37.012Z</time>
</trkpt>
<trkpt lat="49.4146218" lon="20.9565722">
<ele>570.002</ele>
<time>2026-05-20T17:33:43.865Z</time>
</trkpt>
<trkpt lat="49.4146105" lon="20.9567416">
<ele>570.132</ele>
<time>2026-05-20T17:33:46.866Z</time>
</trkpt>
<trkpt lat="49.4145827" lon="20.9569100">
<ele>570.859</ele>
<time>2026-05-20T17:33:50.073Z</time>
</trkpt>
<trkpt lat="49.4145632" lon="20.9570636">
<ele>571.908</ele>
<time>2026-05-20T17:33:52.949Z</time>
</trkpt>
<trkpt lat="49.4145375" lon="20.9572199">
<ele>572.797</ele>
<time>2026-05-20T17:33:55.845Z</time>
</trkpt>
<trkpt lat="49.4145235" lon="20.9573756">
<ele>573.445</ele>
<time>2026-05-20T17:33:58.928Z</time>
</trkpt>
<trkpt lat="49.4145152" lon="20.9575213">
<ele>573.950</ele>
<time>2026-05-20T17:34:02.425Z</time>
</trkpt>
<trkpt lat="49.4145122" lon="20.9576822">
<ele>574.298</ele>
<time>2026-05-20T17:34:07.484Z</time>
</trkpt>
<trkpt lat="49.4145311" lon="20.9578330">
<ele>574.412</ele>
<time>2026-05-20T17:34:12.669Z</time>
</trkpt>
<trkpt lat="49.4144042" lon="20.9578166">
<ele>574.350</ele>
<time>2026-05-20T17:34:19.103Z</time>
</trkpt>
<trkpt lat="49.4142976" lon="20.9577983">
<ele>574.424</ele>
<time>2026-05-20T17:34:23.051Z</time>
</trkpt>
<trkpt lat="49.4141725" lon="20.9577916">
<ele>574.826</ele>
<time>2026-05-20T17:34:26.272Z</time>
</trkpt>
<trkpt lat="49.4140657" lon="20.9577869">
<ele>575.121</ele>
<time>2026-05-20T17:34:28.920Z</time>
</trkpt>
<trkpt lat="49.4140657" lon="20.9577869">
<ele>574.924</ele>
<time>2026-05-20T17:34:34.920Z</time>
</trkpt>
<trkpt lat="49.4140657" lon="20.9577869">
<ele>574.524</ele>
<time>2026-05-20T17:34:59.198Z</time>
</trkpt>
<trkpt lat="49.4142185" lon="20.9577997">
<ele>574.301</ele>
<time>2026-05-20T17:35:14.867Z</time>
</trkpt>
<trkpt lat="49.4143621" lon="20.9577997">
<ele>574.543</ele>
<time>2026-05-20T17:35:18.938Z</time>
</trkpt>
<trkpt lat="49.4144512" lon="20.9576965">
<ele>575.277</ele>
<time>2026-05-20T17:35:21.324Z</time>
</trkpt>
<trkpt lat="49.4144814" lon="20.9574847">
<ele>576.009</ele>
<time>2026-05-20T17:35:23.732Z</time>
</trkpt>
<trkpt lat="49.4145121" lon="20.9572442">
<ele>576.499</ele>
<time>2026-05-20T17:35:26.266Z</time>
</trkpt>
<trkpt lat="49.4145491" lon="20.9570163">
<ele>577.032</ele>
<time>2026-05-20T17:35:28.767Z</time>
</trkpt>
<trkpt lat="49.4145773" lon="20.9567887">
<ele>577.620</ele>
<time>2026-05-20T17:35:31.356Z</time>
</trkpt>
<trkpt lat="49.4146044" lon="20.9565799">
<ele>577.923</ele>
<time>2026-05-20T17:35:33.927Z</time>
</trkpt>
<trkpt lat="49.4146406" lon="20.9564028">
<ele>577.756</ele>
<time>2026-05-20T17:35:36.544Z</time>
</trkpt>
<trkpt lat="49.4147158" lon="20.9563091">
<ele>577.276</ele>
<time>2026-05-20T17:35:39.329Z</time>
</trkpt>
<trkpt lat="49.4148290" lon="20.9563105">
<ele>576.702</ele>
<time>2026-05-20T17:35:42.918Z</time>
</trkpt>
<trkpt lat="49.4148290" lon="20.9563105">
<ele>576.189</ele>
<time>2026-05-20T17:35:47.918Z</time>
</trkpt>
<trkpt lat="49.4148290" lon="20.9563105">
<ele>575.830</ele>
<time>2026-05-20T17:36:13.858Z</time>
</trkpt>
<trkpt lat="49.4150342" lon="20.9561377">
<ele>575.615</ele>
<time>2026-05-20T17:36:31.402Z</time>
</trkpt>
<trkpt lat="49.4151754" lon="20.9560585">
<ele>575.506</ele>
<time>2026-05-20T17:36:35.043Z</time>
</trkpt>
<trkpt lat="49.4152826" lon="20.9559871">
<ele>575.563</ele>
<time>2026-05-20T17:36:38.101Z</time>
</trkpt>
<trkpt lat="49.4153738" lon="20.9559217">
<ele>575.828</ele>
<time>2026-05-20T17:36:40.605Z</time>
</trkpt>
<trkpt lat="49.4154744" lon="20.9558355">
<ele>576.259</ele>
<time>2026-05-20T17:36:43.101Z</time>
</trkpt>
<trkpt lat="49.4156159" lon="20.9557708">
<ele>576.915</ele>
<time>2026-05-20T17:36:45.779Z</time>
</trkpt>
<trkpt lat="49.4157828" lon="20.9556961">
<ele>577.993</ele>
<time>2026-05-20T17:36:48.740Z</time>
</trkpt>
<trkpt lat="49.4159435" lon="20.9556254">
<ele>579.435</ele>
<time>2026-05-20T17:36:51.663Z</time>
</trkpt>
<trkpt lat="49.4161034" lon="20.9555735">
<ele>580.800</ele>
<time>2026-05-20T17:36:54.401Z</time>
</trkpt>
<trkpt lat="49.4162835" lon="20.9555307">
<ele>581.795</ele>
<time>2026-05-20T17:36:56.907Z</time>
</trkpt>
<trkpt lat="49.4165422" lon="20.9554448">
<ele>582.620</ele>
<time>2026-05-20T17:36:59.922Z</time>
</trkpt>
<trkpt lat="49.4168433" lon="20.9553417">
<ele>583.761</ele>
<time>2026-05-20T17:37:03.175Z</time>
</trkpt>
<trkpt lat="49.4171256" lon="20.9552649">
<ele>585.614</ele>
<time>2026-05-20T17:37:06.272Z</time>
</trkpt>
<trkpt lat="49.4174167" lon="20.9552409">
<ele>587.905</ele>
<time>2026-05-20T17:37:09.356Z</time>
</trkpt>
<trkpt lat="49.4177079" lon="20.9552251">
<ele>589.792</ele>
<time>2026-05-20T17:37:12.247Z</time>
</trkpt>
<trkpt lat="49.4180140" lon="20.9552372">
<ele>590.923</ele>
<time>2026-05-20T17:37:15.142Z</time>
</trkpt>
<trkpt lat="49.4183326" lon="20.9553022">
<ele>591.616</ele>
<time>2026-05-20T17:37:18.200Z</time>
</trkpt>
<trkpt lat="49.4186188" lon="20.9553802">
<ele>592.108</ele>
<time>2026-05-20T17:37:21.210Z</time>
</trkpt>
<trkpt lat="49.4188694" lon="20.9555188">
<ele>592.358</ele>
<time>2026-05-20T17:37:24.285Z</time>
</trkpt>
<trkpt lat="49.4190927" lon="20.9556480">
<ele>592.357</ele>
<time>2026-05-20T17:37:27.116Z</time>
</trkpt>
<trkpt lat="49.4193233" lon="20.9557992">
<ele>592.245</ele>
<time>2026-05-20T17:37:29.940Z</time>
</trkpt>
<trkpt lat="49.4195695" lon="20.9559924">
<ele>592.149</ele>
<time>2026-05-20T17:37:32.821Z</time>
</trkpt>
<trkpt lat="49.4198298" lon="20.9562488">
<ele>592.169</ele>
<time>2026-05-20T17:37:35.945Z</time>
</trkpt>
<trkpt lat="49.4200572" lon="20.9564957">
<ele>592.456</ele>
<time>2026-05-20T17:37:38.856Z</time>
</trkpt>
<trkpt lat="49.4202762" lon="20.9567337">
<ele>592.991</ele>
<time>2026-05-20T17:37:41.706Z</time>
</trkpt>
<trkpt lat="49.4205068" lon="20.9569670">
<ele>593.574</ele>
<time>2026-05-20T17:37:44.533Z</time>
</trkpt>
<trkpt lat="49.4207607" lon="20.9572286">
<ele>594.066</ele>
<time>2026-05-20T17:37:47.495Z</time>
</trkpt>
<trkpt lat="49.4210236" lon="20.9575169">
<ele>594.416</ele>
<time>2026-05-20T17:37:50.618Z</time>
</trkpt>
<trkpt lat="49.4212361" lon="20.9578291">
<ele>594.579</ele>
<time>2026-05-20T17:37:53.671Z</time>
</trkpt>
<trkpt lat="49.4213351" lon="20.9582078">
<ele>594.302</ele>
<time>2026-05-20T17:37:56.674Z</time>
</trkpt>
<trkpt lat="49.4213872" lon="20.9585802">
<ele>593.187</ele>
<time>2026-05-20T17:37:59.837Z</time>
</trkpt>
<trkpt lat="49.4214355" lon="20.9588862">
<ele>591.544</ele>
<time>2026-05-20T17:38:03.561Z</time>
</trkpt>
<trkpt lat="49.4214593" lon="20.9590346">
<ele>590.205</ele>
<time>2026-05-20T17:38:07.159Z</time>
</trkpt>
<trkpt lat="49.4214902" lon="20.9591747">
<ele>589.505</ele>
<time>2026-05-20T17:38:10.860Z</time>
</trkpt>
<trkpt lat="49.4215079" lon="20.9593308">
<ele>589.561</ele>
<time>2026-05-20T17:38:14.178Z</time>
</trkpt>
<trkpt lat="49.4214668" lon="20.9595227">
<ele>590.396</ele>
<time>2026-05-20T17:38:17.618Z</time>
</trkpt>
<trkpt lat="49.4214099" lon="20.9596850">
<ele>591.426</ele>
<time>2026-05-20T17:38:20.478Z</time>
</trkpt>
<trkpt lat="49.4213060" lon="20.9598415">
<ele>592.039</ele>
<time>2026-05-20T17:38:23.972Z</time>
</trkpt>
<trkpt lat="49.4212247" lon="20.9599156">
<ele>592.133</ele>
<time>2026-05-20T17:38:27.053Z</time>
</trkpt>
<trkpt lat="49.4211674" lon="20.9600503">
<ele>591.983</ele>
<time>2026-05-20T17:38:30.935Z</time>
</trkpt>
<trkpt lat="49.4211948" lon="20.9602238">
<ele>591.963</ele>
<time>2026-05-20T17:38:34.506Z</time>
</trkpt>
<trkpt lat="49.4212283" lon="20.9604153">
<ele>592.201</ele>
<time>2026-05-20T17:38:37.990Z</time>
</trkpt>
<trkpt lat="49.4212236" lon="20.9605809">
<ele>592.557</ele>
<time>2026-05-20T17:38:41.330Z</time>
</trkpt>
<trkpt lat="49.4212344" lon="20.9607330">
<ele>592.942</ele>
<time>2026-05-20T17:38:44.498Z</time>
</trkpt>
<trkpt lat="49.4212564" lon="20.9608900">
<ele>593.414</ele>
<time>2026-05-20T17:38:47.316Z</time>
</trkpt>
<trkpt lat="49.4212860" lon="20.9610920">
<ele>594.015</ele>
<time>2026-05-20T17:38:50.276Z</time>
</trkpt>
<trkpt lat="49.4213282" lon="20.9613276">
<ele>594.702</ele>
<time>2026-05-20T17:38:53.498Z</time>
</trkpt>
<trkpt lat="49.4213565" lon="20.9615412">
<ele>595.634</ele>
<time>2026-05-20T17:38:56.450Z</time>
</trkpt>
<trkpt lat="49.4213896" lon="20.9617549">
<ele>596.929</ele>
<time>2026-05-20T17:38:59.441Z</time>
</trkpt>
<trkpt lat="49.4214274" lon="20.9619709">
<ele>598.366</ele>
<time>2026-05-20T17:39:02.433Z</time>
</trkpt>
<trkpt lat="49.4214503" lon="20.9621944">
<ele>599.675</ele>
<time>2026-05-20T17:39:05.466Z</time>
</trkpt>
<trkpt lat="49.4214673" lon="20.9624191">
<ele>600.855</ele>
<time>2026-05-20T17:39:08.497Z</time>
</trkpt>
<trkpt lat="49.4214974" lon="20.9626393">
<ele>601.878</ele>
<time>2026-05-20T17:39:11.486Z</time>
</trkpt>
<trkpt lat="49.4215289" lon="20.9628505">
<ele>602.545</ele>
<time>2026-05-20T17:39:14.460Z</time>
</trkpt>
<trkpt lat="49.4215562" lon="20.9630301">
<ele>602.810</ele>
<time>2026-05-20T17:39:17.192Z</time>
</trkpt>
<trkpt lat="49.4215860" lon="20.9632082">
<ele>603.079</ele>
<time>2026-05-20T17:39:20.116Z</time>
</trkpt>
<trkpt lat="49.4216053" lon="20.9633891">
<ele>603.854</ele>
<time>2026-05-20T17:39:23.226Z</time>
</trkpt>
<trkpt lat="49.4216055" lon="20.9635557">
<ele>605.238</ele>
<time>2026-05-20T17:39:27.271Z</time>
</trkpt>
<trkpt lat="49.4215623" lon="20.9636811">
<ele>606.945</ele>
<time>2026-05-20T17:39:31.919Z</time>
</trkpt>
<trkpt lat="49.4215623" lon="20.9636811">
<ele>608.473</ele>
<time>2026-05-20T17:39:32.919Z</time>
</trkpt>
<trkpt lat="49.4215623" lon="20.9636811">
<ele>609.140</ele>
<time>2026-05-20T17:39:56.718Z</time>
</trkpt>
<trkpt lat="49.4213667" lon="20.9637652">
<ele>608.814</ele>
<time>2026-05-20T17:40:11.033Z</time>
</trkpt>
<trkpt lat="49.4212439" lon="20.9637633">
<ele>610.383</ele>
<time>2026-05-20T17:40:14.575Z</time>
</trkpt>
<trkpt lat="49.4211440" lon="20.9637780">
<ele>615.762</ele>
<time>2026-05-20T17:40:17.703Z</time>
</trkpt>
<trkpt lat="49.4210456" lon="20.9637794">
<ele>621.138</ele>
<time>2026-05-20T17:40:21.767Z</time>
</trkpt>
<trkpt lat="49.4209435" lon="20.9637987">
<ele>622.358</ele>
<time>2026-05-20T17:40:27.389Z</time>
</trkpt>
<trkpt lat="49.4208518" lon="20.9638138">
<ele>620.003</ele>
<time>2026-05-20T17:40:35.092Z</time>
</trkpt>
<trkpt lat="49.4207727" lon="20.9638826">
<ele>616.376</ele>
<time>2026-05-20T17:40:42.919Z</time>
</trkpt>
<trkpt lat="49.4207727" lon="20.9638826">
<ele>613.421</ele>
<time>2026-05-20T17:40:54.919Z</time>
</trkpt>
<trkpt lat="49.4207727" lon="20.9638826">
<ele>612.031</ele>
<time>2026-05-20T17:42:01.688Z</time>
</trkpt>
<trkpt lat="49.4209330" lon="20.9638503">
<ele>612.347</ele>
<time>2026-05-20T17:42:18.220Z</time>
</trkpt>
<trkpt lat="49.4210408" lon="20.9638001">
<ele>614.523</ele>
<time>2026-05-20T17:42:22.361Z</time>
</trkpt>
<trkpt lat="49.4211397" lon="20.9637594">
<ele>617.878</ele>
<time>2026-05-20T17:42:25.251Z</time>
</trkpt>
<trkpt lat="49.4212587" lon="20.9637356">
<ele>620.656</ele>
<time>2026-05-20T17:42:28.143Z</time>
</trkpt>
<trkpt lat="49.4213857" lon="20.9637235">
<ele>622.136</ele>
<time>2026-05-20T17:42:30.918Z</time>
</trkpt>
<trkpt lat="49.4214752" lon="20.9636923">
<ele>622.971</ele>
<time>2026-05-20T17:42:32.919Z</time>
</trkpt>
<trkpt lat="49.4214752" lon="20.9636923">
<ele>623.542</ele>
<time>2026-05-20T17:42:54.919Z</time>
</trkpt>
<trkpt lat="49.4214752" lon="20.9636923">
<ele>623.692</ele>
<time>2026-05-20T17:42:55.019Z</time>
</trkpt>
<trkpt lat="49.4215403" lon="20.9629432">
<ele>623.011</ele>
<time>2026-05-20T17:43:11.901Z</time>
</trkpt>
<trkpt lat="49.4215196" lon="20.9627172">
<ele>622.111</ele>
<time>2026-05-20T17:43:14.668Z</time>
</trkpt>
<trkpt lat="49.4214948" lon="20.9625425">
<ele>619.932</ele>
<time>2026-05-20T17:43:16.998Z</time>
</trkpt>
<trkpt lat="49.4214636" lon="20.9623550">
<ele>617.012</ele>
<time>2026-05-20T17:43:19.705Z</time>
</trkpt>
<trkpt lat="49.4214493" lon="20.9621877">
<ele>614.440</ele>
<time>2026-05-20T17:43:22.191Z</time>
</trkpt>
<trkpt lat="49.4214207" lon="20.9620208">
<ele>612.470</ele>
<time>2026-05-20T17:43:24.650Z</time>
</trkpt>
<trkpt lat="49.4214037" lon="20.9618318">
<ele>610.945</ele>
<time>2026-05-20T17:43:27.232Z</time>
</trkpt>
<trkpt lat="49.4213771" lon="20.9616576">
<ele>609.754</ele>
<time>2026-05-20T17:43:29.680Z</time>
</trkpt>
<trkpt lat="49.4213529" lon="20.9614902">
<ele>608.663</ele>
<time>2026-05-20T17:43:32.166Z</time>
</trkpt>
<trkpt lat="49.4213376" lon="20.9613459">
<ele>607.365</ele>
<time>2026-05-20T17:43:34.455Z</time>
</trkpt>
<trkpt lat="49.4213037" lon="20.9611926">
<ele>605.827</ele>
<time>2026-05-20T17:43:37.203Z</time>
</trkpt>
<trkpt lat="49.4212835" lon="20.9610376">
<ele>604.308</ele>
<time>2026-05-20T17:43:39.973Z</time>
</trkpt>
<trkpt lat="49.4212771" lon="20.9608917">
<ele>603.034</ele>
<time>2026-05-20T17:43:42.725Z</time>
</trkpt>
<trkpt lat="49.4212485" lon="20.9607499">
<ele>601.870</ele>
<time>2026-05-20T17:43:45.805Z</time>
</trkpt>
<trkpt lat="49.4212255" lon="20.9606106">
<ele>600.458</ele>
<time>2026-05-20T17:43:51.918Z</time>
</trkpt>
<trkpt lat="49.4212255" lon="20.9606106">
<ele>598.851</ele>
<time>2026-05-20T17:43:51.919Z</time>
</trkpt>
<trkpt lat="49.4212255" lon="20.9606106">
<ele>597.536</ele>
<time>2026-05-20T17:43:59.849Z</time>
</trkpt>
<trkpt lat="49.4211642" lon="20.9604184">
<ele>597.030</ele>
<time>2026-05-20T17:44:07.175Z</time>
</trkpt>
<trkpt lat="49.4211452" lon="20.9602693">
<ele>597.326</ele>
<time>2026-05-20T17:44:10.737Z</time>
</trkpt>
<trkpt lat="49.4211630" lon="20.9601087">
<ele>597.855</ele>
<time>2026-05-20T17:44:14.941Z</time>
</trkpt>
<trkpt lat="49.4212260" lon="20.9599909">
<ele>597.949</ele>
<time>2026-05-20T17:44:18.926Z</time>
</trkpt>
<trkpt lat="49.4212975" lon="20.9599011">
<ele>597.207</ele>
<time>2026-05-20T17:44:23.080Z</time>
</trkpt>
<trkpt lat="49.4213706" lon="20.9598137">
<ele>595.928</ele>
<time>2026-05-20T17:44:27.281Z</time>
</trkpt>
<trkpt lat="49.4214517" lon="20.9597323">
<ele>594.922</ele>
<time>2026-05-20T17:44:31.767Z</time>
</trkpt>
<trkpt lat="49.4215720" lon="20.9596844">
<ele>594.540</ele>
<time>2026-05-20T17:44:35.660Z</time>
</trkpt>
<trkpt lat="49.4216264" lon="20.9595404">
<ele>594.562</ele>
<time>2026-05-20T17:44:38.694Z</time>
</trkpt>
<trkpt lat="49.4215840" lon="20.9593875">
<ele>594.804</ele>
<time>2026-05-20T17:44:41.532Z</time>
</trkpt>
<trkpt lat="49.4215222" lon="20.9592281">
<ele>595.180</ele>
<time>2026-05-20T17:44:44.346Z</time>
</trkpt>
<trkpt lat="49.4214738" lon="20.9590153">
<ele>595.651</ele>
<time>2026-05-20T17:44:47.376Z</time>
</trkpt>
<trkpt lat="49.4214429" lon="20.9588583">
<ele>596.171</ele>
<time>2026-05-20T17:44:49.399Z</time>
</trkpt>
<trkpt lat="49.4213981" lon="20.9586107">
<ele>596.482</ele>
<time>2026-05-20T17:44:52.537Z</time>
</trkpt>
<trkpt lat="49.4213786" lon="20.9583621">
<ele>596.292</ele>
<time>2026-05-20T17:44:55.637Z</time>
</trkpt>
<trkpt lat="49.4213415" lon="20.9581312">
<ele>595.549</ele>
<time>2026-05-20T17:44:58.465Z</time>
</trkpt>
<trkpt lat="49.4212762" lon="20.9578538">
<ele>594.460</ele>
<time>2026-05-20T17:45:01.533Z</time>
</trkpt>
<trkpt lat="49.4211302" lon="20.9576017">
<ele>593.505</ele>
<time>2026-05-20T17:45:04.564Z</time>
</trkpt>
<trkpt lat="49.4209365" lon="20.9573751">
<ele>593.154</ele>
<time>2026-05-20T17:45:07.653Z</time>
</trkpt>
<trkpt lat="49.4207388" lon="20.9571616">
<ele>593.399</ele>
<time>2026-05-20T17:45:10.685Z</time>
</trkpt>
<trkpt lat="49.4205508" lon="20.9569509">
<ele>593.823</ele>
<time>2026-05-20T17:45:13.780Z</time>
</trkpt>
<trkpt lat="49.4203908" lon="20.9567686">
<ele>594.043</ele>
<time>2026-05-20T17:45:16.715Z</time>
</trkpt>
<trkpt lat="49.4202413" lon="20.9566088">
<ele>593.988</ele>
<time>2026-05-20T17:45:19.556Z</time>
</trkpt>
<trkpt lat="49.4200846" lon="20.9564405">
<ele>593.757</ele>
<time>2026-05-20T17:45:22.414Z</time>
</trkpt>
<trkpt lat="49.4199053" lon="20.9562391">
<ele>593.506</ele>
<time>2026-05-20T17:45:25.469Z</time>
</trkpt>
<trkpt lat="49.4197191" lon="20.9560541">
<ele>593.297</ele>
<time>2026-05-20T17:45:28.421Z</time>
</trkpt>
<trkpt lat="49.4195331" lon="20.9558972">
<ele>593.075</ele>
<time>2026-05-20T17:45:31.381Z</time>
</trkpt>
<trkpt lat="49.4193798" lon="20.9557631">
<ele>592.743</ele>
<time>2026-05-20T17:45:34.157Z</time>
</trkpt>
<trkpt lat="49.4192453" lon="20.9556713">
<ele>592.213</ele>
<time>2026-05-20T17:45:36.763Z</time>
</trkpt>
<trkpt lat="49.4191088" lon="20.9555685">
<ele>591.532</ele>
<time>2026-05-20T17:45:39.526Z</time>
</trkpt>
<trkpt lat="49.4189419" lon="20.9554742">
<ele>590.941</ele>
<time>2026-05-20T17:45:42.470Z</time>
</trkpt>
<trkpt lat="49.4187468" lon="20.9553688">
<ele>590.579</ele>
<time>2026-05-20T17:45:45.483Z</time>
</trkpt>
<trkpt lat="49.4185330" lon="20.9552759">
<ele>590.313</ele>
<time>2026-05-20T17:45:48.477Z</time>
</trkpt>
<trkpt lat="49.4183304" lon="20.9552145">
<ele>590.032</ele>
<time>2026-05-20T17:45:51.232Z</time>
</trkpt>
<trkpt lat="49.4181170" lon="20.9551629">
<ele>589.813</ele>
<time>2026-05-20T17:45:54.174Z</time>
</trkpt>
<trkpt lat="49.4179306" lon="20.9551131">
<ele>589.669</ele>
<time>2026-05-20T17:45:56.928Z</time>
</trkpt>
<trkpt lat="49.4177216" lon="20.9551079">
<ele>589.312</ele>
<time>2026-05-20T17:46:00.072Z</time>
</trkpt>
<trkpt lat="49.4175141" lon="20.9551210">
<ele>588.539</ele>
<time>2026-05-20T17:46:03.107Z</time>
</trkpt>
<trkpt lat="49.4173183" lon="20.9551342">
<ele>587.502</ele>
<time>2026-05-20T17:46:06.049Z</time>
</trkpt>
<trkpt lat="49.4171734" lon="20.9551477">
<ele>586.397</ele>
<time>2026-05-20T17:46:08.575Z</time>
</trkpt>
<trkpt lat="49.4170772" lon="20.9551921">
<ele>585.393</ele>
<time>2026-05-20T17:46:10.946Z</time>
</trkpt>
<trkpt lat="49.4169866" lon="20.9553009">
<ele>584.672</ele>
<time>2026-05-20T17:46:15.060Z</time>
</trkpt>
<trkpt lat="49.4168879" lon="20.9553140">
<ele>584.243</ele>
<time>2026-05-20T17:46:19.725Z</time>
</trkpt>
<trkpt lat="49.4167862" lon="20.9553181">
<ele>583.977</ele>
<time>2026-05-20T17:46:24.631Z</time>
</trkpt>
<trkpt lat="49.4166914" lon="20.9553301">
<ele>583.687</ele>
<time>2026-05-20T17:46:29.034Z</time>
</trkpt>
<trkpt lat="49.4165984" lon="20.9553735">
<ele>583.254</ele>
<time>2026-05-20T17:46:34.917Z</time>
</trkpt>
<trkpt lat="49.4165984" lon="20.9553735">
<ele>582.798</ele>
<time>2026-05-20T17:46:38.917Z</time>
</trkpt>
<trkpt lat="49.4165984" lon="20.9553735">
<ele>582.510</ele>
<time>2026-05-20T17:46:39.017Z</time>
</trkpt>
<trkpt lat="49.4164227" lon="20.9555581">
<ele>582.436</ele>
<time>2026-05-20T17:47:09.918Z</time>
</trkpt>
<trkpt lat="49.4164227" lon="20.9555581">
<ele>582.419</ele>
<time>2026-05-20T17:47:13.918Z</time>
</trkpt>
<trkpt lat="49.4164227" lon="20.9555581">
<ele>582.272</ele>
<time>2026-05-20T17:49:42.364Z</time>
</trkpt>
<trkpt lat="49.4162461" lon="20.9556449">
<ele>582.010</ele>
<time>2026-05-20T17:50:11.917Z</time>
</trkpt>
<trkpt lat="49.4161465" lon="20.9556747">
<ele>581.803</ele>
<time>2026-05-20T17:50:30.917Z</time>
</trkpt>
</trkseg>
<trkseg>
<trkpt lat="49.4163736" lon="20.9555549">
<ele>583.472</ele>
<time>2026-05-20T17:56:42.716Z</time>
</trkpt>
<trkpt lat="49.4163748" lon="20.9555573">
<ele>583.371</ele>
<time>2026-05-20T18:05:38.007Z</time>
</trkpt>
<trkpt lat="49.4163748" lon="20.9555573">
<ele>583.352</ele>
<time>2026-05-20T18:05:40.007Z</time>
</trkpt>
<trkpt lat="49.4163748" lon="20.9555573">
<ele>583.248</ele>
<time>2026-05-20T18:05:47.324Z</time>
</trkpt>
<trkpt lat="49.4165117" lon="20.9554476">
<ele>583.007</ele>
<time>2026-05-20T18:05:57.267Z</time>
</trkpt>
<trkpt lat="49.4166706" lon="20.9553778">
<ele>583.472</ele>
<time>2026-05-20T18:06:00.657Z</time>
</trkpt>
<trkpt lat="49.4168589" lon="20.9552963">
<ele>585.375</ele>
<time>2026-05-20T18:06:03.609Z</time>
</trkpt>
<trkpt lat="49.4170895" lon="20.9552185">
<ele>588.006</ele>
<time>2026-05-20T18:06:06.878Z</time>
</trkpt>
<trkpt lat="49.4173093" lon="20.9551913">
<ele>590.335</ele>
<time>2026-05-20T18:06:09.935Z</time>
</trkpt>
<trkpt lat="49.4174594" lon="20.9551924">
<ele>591.997</ele>
<time>2026-05-20T18:06:11.927Z</time>
</trkpt>
<trkpt lat="49.4176254" lon="20.9551825">
<ele>592.843</ele>
<time>2026-05-20T18:06:14.064Z</time>
</trkpt>
<trkpt lat="49.4177758" lon="20.9551767">
<ele>593.011</ele>
<time>2026-05-20T18:06:15.972Z</time>
</trkpt>
<trkpt lat="49.4179406" lon="20.9551853">
<ele>592.827</ele>
<time>2026-05-20T18:06:18.039Z</time>
</trkpt>
<trkpt lat="49.4181025" lon="20.9552169">
<ele>592.623</ele>
<time>2026-05-20T18:06:20.054Z</time>
</trkpt>
<trkpt lat="49.4182707" lon="20.9552436">
<ele>592.559</ele>
<time>2026-05-20T18:06:22.117Z</time>
</trkpt>
<trkpt lat="49.4184349" lon="20.9552884">
<ele>592.543</ele>
<time>2026-05-20T18:06:24.152Z</time>
</trkpt>
<trkpt lat="49.4185911" lon="20.9553384">
<ele>592.464</ele>
<time>2026-05-20T18:06:26.119Z</time>
</trkpt>
<trkpt lat="49.4187550" lon="20.9554332">
<ele>592.364</ele>
<time>2026-05-20T18:06:28.300Z</time>
</trkpt>
<trkpt lat="49.4188976" lon="20.9555154">
<ele>592.266</ele>
<time>2026-05-20T18:06:30.176Z</time>
</trkpt>
<trkpt lat="49.4190536" lon="20.9556138">
<ele>592.102</ele>
<time>2026-05-20T18:06:32.233Z</time>
</trkpt>
<trkpt lat="49.4192833" lon="20.9557511">
<ele>591.763</ele>
<time>2026-05-20T18:06:35.186Z</time>
</trkpt>
<trkpt lat="49.4195049" lon="20.9559248">
<ele>591.155</ele>
<time>2026-05-20T18:06:38.070Z</time>
</trkpt>
<trkpt lat="49.4197277" lon="20.9561232">
<ele>590.444</ele>
<time>2026-05-20T18:06:40.921Z</time>
</trkpt>
<trkpt lat="49.4199573" lon="20.9563529">
<ele>590.104</ele>
<time>2026-05-20T18:06:43.820Z</time>
</trkpt>
<trkpt lat="49.4201879" lon="20.9566098">
<ele>590.393</ele>
<time>2026-05-20T18:06:46.713Z</time>
</trkpt>
<trkpt lat="49.4204316" lon="20.9568721">
<ele>591.138</ele>
<time>2026-05-20T18:06:49.593Z</time>
</trkpt>
<trkpt lat="49.4206841" lon="20.9571437">
<ele>592.156</ele>
<time>2026-05-20T18:06:52.419Z</time>
</trkpt>
<trkpt lat="49.4209439" lon="20.9574487">
<ele>593.227</ele>
<time>2026-05-20T18:06:55.414Z</time>
</trkpt>
<trkpt lat="49.4211903" lon="20.9577262">
<ele>593.866</ele>
<time>2026-05-20T18:06:58.525Z</time>
</trkpt>
<trkpt lat="49.4213316" lon="20.9580416">
<ele>593.599</ele>
<time>2026-05-20T18:07:01.438Z</time>
</trkpt>
<trkpt lat="49.4213726" lon="20.9584081">
<ele>592.234</ele>
<time>2026-05-20T18:07:04.403Z</time>
</trkpt>
<trkpt lat="49.4214139" lon="20.9587694">
<ele>590.315</ele>
<time>2026-05-20T18:07:07.484Z</time>
</trkpt>
<trkpt lat="49.4214717" lon="20.9590884">
<ele>589.019</ele>
<time>2026-05-20T18:07:10.905Z</time>
</trkpt>
<trkpt lat="49.4214942" lon="20.9593042">
<ele>588.885</ele>
<time>2026-05-20T18:07:13.863Z</time>
</trkpt>
<trkpt lat="49.4214770" lon="20.9595075">
<ele>589.458</ele>
<time>2026-05-20T18:07:16.940Z</time>
</trkpt>
<trkpt lat="49.4215550" lon="20.9596452">
<ele>590.118</ele>
<time>2026-05-20T18:07:19.931Z</time>
</trkpt>
<trkpt lat="49.4216714" lon="20.9596002">
<ele>590.463</ele>
<time>2026-05-20T18:07:22.584Z</time>
</trkpt>
<trkpt lat="49.4217960" lon="20.9594699">
<ele>590.425</ele>
<time>2026-05-20T18:07:25.340Z</time>
</trkpt>
<trkpt lat="49.4219406" lon="20.9593305">
<ele>590.296</ele>
<time>2026-05-20T18:07:28.089Z</time>
</trkpt>
<trkpt lat="49.4220980" lon="20.9591670">
<ele>590.515</ele>
<time>2026-05-20T18:07:30.937Z</time>
</trkpt>
<trkpt lat="49.4222234" lon="20.9590786">
<ele>591.325</ele>
<time>2026-05-20T18:07:32.951Z</time>
</trkpt>
<trkpt lat="49.4223360" lon="20.9589770">
<ele>592.568</ele>
<time>2026-05-20T18:07:34.844Z</time>
</trkpt>
<trkpt lat="49.4224609" lon="20.9588584">
<ele>593.909</ele>
<time>2026-05-20T18:07:36.884Z</time>
</trkpt>
<trkpt lat="49.4226496" lon="20.9586704">
<ele>595.024</ele>
<time>2026-05-20T18:07:39.877Z</time>
</trkpt>
<trkpt lat="49.4227871" lon="20.9585401">
<ele>595.668</ele>
<time>2026-05-20T18:07:41.907Z</time>
</trkpt>
<trkpt lat="49.4229171" lon="20.9584072">
<ele>595.928</ele>
<time>2026-05-20T18:07:43.878Z</time>
</trkpt>
<trkpt lat="49.4231119" lon="20.9582159">
<ele>596.050</ele>
<time>2026-05-20T18:07:46.837Z</time>
</trkpt>
<trkpt lat="49.4233012" lon="20.9580344">
<ele>596.148</ele>
<time>2026-05-20T18:07:49.851Z</time>
</trkpt>
<trkpt lat="49.4234686" lon="20.9578806">
<ele>596.267</ele>
<time>2026-05-20T18:07:52.925Z</time>
</trkpt>
<trkpt lat="49.4236054" lon="20.9577371">
<ele>596.537</ele>
<time>2026-05-20T18:07:56.305Z</time>
</trkpt>
<trkpt lat="49.4236678" lon="20.9575813">
<ele>596.987</ele>
<time>2026-05-20T18:07:58.961Z</time>
</trkpt>
<trkpt lat="49.4236799" lon="20.9573471">
<ele>597.343</ele>
<time>2026-05-20T18:08:01.874Z</time>
</trkpt>
<trkpt lat="49.4237896" lon="20.9571079">
<ele>597.316</ele>
<time>2026-05-20T18:08:04.915Z</time>
</trkpt>
<trkpt lat="49.4238990" lon="20.9568363">
<ele>596.942</ele>
<time>2026-05-20T18:08:08.052Z</time>
</trkpt>
<trkpt lat="49.4240119" lon="20.9565985">
<ele>596.377</ele>
<time>2026-05-20T18:08:11.092Z</time>
</trkpt>
<trkpt lat="49.4241197" lon="20.9563860">
<ele>595.712</ele>
<time>2026-05-20T18:08:13.914Z</time>
</trkpt>
<trkpt lat="49.4242661" lon="20.9562079">
<ele>595.088</ele>
<time>2026-05-20T18:08:16.805Z</time>
</trkpt>
<trkpt lat="49.4244387" lon="20.9560613">
<ele>594.723</ele>
<time>2026-05-20T18:08:19.737Z</time>
</trkpt>
<trkpt lat="49.4246069" lon="20.9559003">
<ele>594.765</ele>
<time>2026-05-20T18:08:22.608Z</time>
</trkpt>
<trkpt lat="49.4247851" lon="20.9557233">
<ele>595.302</ele>
<time>2026-05-20T18:08:25.690Z</time>
</trkpt>
<trkpt lat="49.4249314" lon="20.9555293">
<ele>596.529</ele>
<time>2026-05-20T18:08:28.622Z</time>
</trkpt>
<trkpt lat="49.4250321" lon="20.9552745">
<ele>598.187</ele>
<time>2026-05-20T18:08:31.866Z</time>
</trkpt>
<trkpt lat="49.4251284" lon="20.9550912">
<ele>599.363</ele>
<time>2026-05-20T18:08:34.856Z</time>
</trkpt>
<trkpt lat="49.4252562" lon="20.9549990">
<ele>599.524</ele>
<time>2026-05-20T18:08:37.932Z</time>
</trkpt>
<trkpt lat="49.4253308" lon="20.9548436">
<ele>599.071</ele>
<time>2026-05-20T18:08:40.739Z</time>
</trkpt>
<trkpt lat="49.4253026" lon="20.9546313">
<ele>598.592</ele>
<time>2026-05-20T18:08:43.792Z</time>
</trkpt>
<trkpt lat="49.4252790" lon="20.9544185">
<ele>598.556</ele>
<time>2026-05-20T18:08:46.938Z</time>
</trkpt>
<trkpt lat="49.4252654" lon="20.9542460">
<ele>599.318</ele>
<time>2026-05-20T18:08:50.165Z</time>
</trkpt>
<trkpt lat="49.4253314" lon="20.9541014">
<ele>600.778</ele>
<time>2026-05-20T18:08:53.836Z</time>
</trkpt>
<trkpt lat="49.4254323" lon="20.9539906">
<ele>602.429</ele>
<time>2026-05-20T18:08:57.120Z</time>
</trkpt>
<trkpt lat="49.4255583" lon="20.9538195">
<ele>603.934</ele>
<time>2026-05-20T18:09:00.489Z</time>
</trkpt>
<trkpt lat="49.4256629" lon="20.9536762">
<ele>605.286</ele>
<time>2026-05-20T18:09:03.656Z</time>
</trkpt>
<trkpt lat="49.4257530" lon="20.9535742">
<ele>606.410</ele>
<time>2026-05-20T18:09:06.746Z</time>
</trkpt>
<trkpt lat="49.4258579" lon="20.9535233">
<ele>607.240</ele>
<time>2026-05-20T18:09:09.850Z</time>
</trkpt>
<trkpt lat="49.4259802" lon="20.9534235">
<ele>608.083</ele>
<time>2026-05-20T18:09:12.847Z</time>
</trkpt>
<trkpt lat="49.4261322" lon="20.9533197">
<ele>609.221</ele>
<time>2026-05-20T18:09:15.933Z</time>
</trkpt>
<trkpt lat="49.4262670" lon="20.9532359">
<ele>610.604</ele>
<time>2026-05-20T18:09:18.548Z</time>
</trkpt>
<trkpt lat="49.4264230" lon="20.9531342">
<ele>612.155</ele>
<time>2026-05-20T18:09:21.545Z</time>
</trkpt>
<trkpt lat="49.4265940" lon="20.9530050">
<ele>613.721</ele>
<time>2026-05-20T18:09:24.754Z</time>
</trkpt>
<trkpt lat="49.4267320" lon="20.9528923">
<ele>614.994</ele>
<time>2026-05-20T18:09:27.593Z</time>
</trkpt>
<trkpt lat="49.4268418" lon="20.9528119">
<ele>615.745</ele>
<time>2026-05-20T18:09:30.321Z</time>
</trkpt>
<trkpt lat="49.4269301" lon="20.9527220">
<ele>615.911</ele>
<time>2026-05-20T18:09:33.082Z</time>
</trkpt>
<trkpt lat="49.4270314" lon="20.9526204">
<ele>615.631</ele>
<time>2026-05-20T18:09:36.176Z</time>
</trkpt>
<trkpt lat="49.4270635" lon="20.9524482">
<ele>615.072</ele>
<time>2026-05-20T18:09:39.239Z</time>
</trkpt>
<trkpt lat="49.4270150" lon="20.9522580">
<ele>614.308</ele>
<time>2026-05-20T18:09:42.521Z</time>
</trkpt>
<trkpt lat="49.4269334" lon="20.9520720">
<ele>613.554</ele>
<time>2026-05-20T18:09:45.710Z</time>
</trkpt>
<trkpt lat="49.4268323" lon="20.9519631">
<ele>613.170</ele>
<time>2026-05-20T18:09:48.387Z</time>
</trkpt>
<trkpt lat="49.4267114" lon="20.9518862">
<ele>613.508</ele>
<time>2026-05-20T18:09:51.330Z</time>
</trkpt>
<trkpt lat="49.4266059" lon="20.9518159">
<ele>614.823</ele>
<time>2026-05-20T18:09:54.011Z</time>
</trkpt>
<trkpt lat="49.4266059" lon="20.9518159">
<ele>616.644</ele>
<time>2026-05-20T18:10:00.011Z</time>
</trkpt>
<trkpt lat="49.4266059" lon="20.9518159">
<ele>617.671</ele>
<time>2026-05-20T18:10:40.702Z</time>
</trkpt>
<trkpt lat="49.4264060" lon="20.9518533">
<ele>617.349</ele>
<time>2026-05-20T18:10:52.905Z</time>
</trkpt>
<trkpt lat="49.4263086" lon="20.9519103">
<ele>617.073</ele>
<time>2026-05-20T18:10:55.838Z</time>
</trkpt>
<trkpt lat="49.4262137" lon="20.9519840">
<ele>618.048</ele>
<time>2026-05-20T18:10:58.639Z</time>
</trkpt>
<trkpt lat="49.4261118" lon="20.9520484">
<ele>619.488</ele>
<time>2026-05-20T18:11:01.537Z</time>
</trkpt>
<trkpt lat="49.4260162" lon="20.9521164">
<ele>620.323</ele>
<time>2026-05-20T18:11:04.337Z</time>
</trkpt>
<trkpt lat="49.4259234" lon="20.9521953">
<ele>620.627</ele>
<time>2026-05-20T18:11:07.163Z</time>
</trkpt>
<trkpt lat="49.4258296" lon="20.9522693">
<ele>620.820</ele>
<time>2026-05-20T18:11:10.055Z</time>
</trkpt>
<trkpt lat="49.4257457" lon="20.9523244">
<ele>621.129</ele>
<time>2026-05-20T18:11:12.720Z</time>
</trkpt>
<trkpt lat="49.4256448" lon="20.9523941">
<ele>621.525</ele>
<time>2026-05-20T18:11:16.344Z</time>
</trkpt>
<trkpt lat="49.4255581" lon="20.9524524">
<ele>621.874</ele>
<time>2026-05-20T18:11:20.011Z</time>
</trkpt>
<trkpt lat="49.4255581" lon="20.9524524">
<ele>622.080</ele>
<time>2026-05-20T18:11:30.011Z</time>
</trkpt>
<trkpt lat="49.4255581" lon="20.9524524">
<ele>622.054</ele>
<time>2026-05-20T18:11:30.111Z</time>
</trkpt>
<trkpt lat="49.4257534" lon="20.9523304">
<ele>621.783</ele>
<time>2026-05-20T18:11:39.011Z</time>
</trkpt>
<trkpt lat="49.4257534" lon="20.9523304">
<ele>621.483</ele>
<time>2026-05-20T18:11:48.013Z</time>
</trkpt>
<trkpt lat="49.4257534" lon="20.9523304">
<ele>621.293</ele>
<time>2026-05-20T18:11:48.113Z</time>
</trkpt>
</trkseg>
<trkseg>
<trkpt lat="49.4269598" lon="20.9534512">
<ele>606.499</ele>
<time>2026-05-21T06:42:55.000Z</time>
</trkpt>
<trkpt lat="49.4269598" lon="20.9534512">
<ele>606.499</ele>
<time>2026-05-21T06:42:55.000Z</time>
</trkpt>
<trkpt lat="49.4269604" lon="20.9534517">
<ele>606.418</ele>
<time>2026-05-21T06:43:03.000Z</time>
</trkpt>
<trkpt lat="49.4269604" lon="20.9534517">
<ele>606.358</ele>
<time>2026-05-21T06:43:03.729Z</time>
</trkpt>
<trkpt lat="49.4270957" lon="20.9534891">
<ele>606.109</ele>
<time>2026-05-21T06:43:11.771Z</time>
</trkpt>
<trkpt lat="49.4272518" lon="20.9534650">
<ele>606.127</ele>
<time>2026-05-21T06:43:15.099Z</time>
</trkpt>
<trkpt lat="49.4274212" lon="20.9534407">
<ele>606.761</ele>
<time>2026-05-21T06:43:18.075Z</time>
</trkpt>
<trkpt lat="49.4275902" lon="20.9534099">
<ele>607.376</ele>
<time>2026-05-21T06:43:20.951Z</time>
</trkpt>
<trkpt lat="49.4277515" lon="20.9533479">
<ele>607.372</ele>
<time>2026-05-21T06:43:23.788Z</time>
</trkpt>
<trkpt lat="49.4279014" lon="20.9532571">
<ele>607.137</ele>
<time>2026-05-21T06:43:26.545Z</time>
</trkpt>
<trkpt lat="49.4280525" lon="20.9531289">
<ele>607.223</ele>
<time>2026-05-21T06:43:29.391Z</time>
</trkpt>
<trkpt lat="49.4282091" lon="20.9529604">
<ele>607.851</ele>
<time>2026-05-21T06:43:32.340Z</time>
</trkpt>
<trkpt lat="49.4283769" lon="20.9527847">
<ele>608.954</ele>
<time>2026-05-21T06:43:35.258Z</time>
</trkpt>
<trkpt lat="49.4285613" lon="20.9525972">
<ele>610.151</ele>
<time>2026-05-21T06:43:38.269Z</time>
</trkpt>
<trkpt lat="49.4287627" lon="20.9524996">
<ele>611.018</ele>
<time>2026-05-21T06:43:41.101Z</time>
</trkpt>
<trkpt lat="49.4289699" lon="20.9524254">
<ele>611.419</ele>
<time>2026-05-21T06:43:43.971Z</time>
</trkpt>
<trkpt lat="49.4291837" lon="20.9525170">
<ele>611.586</ele>
<time>2026-05-21T06:43:46.972Z</time>
</trkpt>
<trkpt lat="49.4293401" lon="20.9527219">
<ele>611.868</ele>
<time>2026-05-21T06:43:49.851Z</time>
</trkpt>
<trkpt lat="49.4294481" lon="20.9529523">
<ele>612.362</ele>
<time>2026-05-21T06:43:52.738Z</time>
</trkpt>
<trkpt lat="49.4295219" lon="20.9531034">
<ele>613.003</ele>
<time>2026-05-21T06:43:54.999Z</time>
</trkpt>
<trkpt lat="49.4295219" lon="20.9531034">
<ele>613.627</ele>
<time>2026-05-21T06:44:00.999Z</time>
</trkpt>
<trkpt lat="49.4295219" lon="20.9531034">
<ele>613.861</ele>
<time>2026-05-21T06:44:13.618Z</time>
</trkpt>
<trkpt lat="49.4297378" lon="20.9531898">
<ele>613.578</ele>
<time>2026-05-21T06:44:28.346Z</time>
</trkpt>
<trkpt lat="49.4298568" lon="20.9531495">
<ele>614.073</ele>
<time>2026-05-21T06:44:31.493Z</time>
</trkpt>
<trkpt lat="49.4299934" lon="20.9530999">
<ele>616.501</ele>
<time>2026-05-21T06:44:34.335Z</time>
</trkpt>
<trkpt lat="49.4301428" lon="20.9530644">
<ele>619.591</ele>
<time>2026-05-21T06:44:37.302Z</time>
</trkpt>
<trkpt lat="49.4302630" lon="20.9530277">
<ele>621.488</ele>
<time>2026-05-21T06:44:40.170Z</time>
</trkpt>
<trkpt lat="49.4303792" lon="20.9529998">
<ele>622.142</ele>
<time>2026-05-21T06:44:43.240Z</time>
</trkpt>
<trkpt lat="49.4304812" lon="20.9529649">
<ele>622.344</ele>
<time>2026-05-21T06:44:46.063Z</time>
</trkpt>
<trkpt lat="49.4305921" lon="20.9529405">
<ele>622.785</ele>
<time>2026-05-21T06:44:48.846Z</time>
</trkpt>
<trkpt lat="49.4307178" lon="20.9528978">
<ele>623.722</ele>
<time>2026-05-21T06:44:51.870Z</time>
</trkpt>
<trkpt lat="49.4308410" lon="20.9528748">
<ele>625.038</ele>
<time>2026-05-21T06:44:54.820Z</time>
</trkpt>
<trkpt lat="49.4309624" lon="20.9528470">
<ele>626.563</ele>
<time>2026-05-21T06:44:58.047Z</time>
</trkpt>
<trkpt lat="49.4310781" lon="20.9528020">
<ele>627.991</ele>
<time>2026-05-21T06:45:01.845Z</time>
</trkpt>
<trkpt lat="49.4311690" lon="20.9527737">
<ele>628.952</ele>
<time>2026-05-21T06:45:04.933Z</time>
</trkpt>
<trkpt lat="49.4312556" lon="20.9527293">
<ele>629.610</ele>
<time>2026-05-21T06:45:08.322Z</time>
</trkpt>
<trkpt lat="49.4313440" lon="20.9526613">
<ele>630.579</ele>
<time>2026-05-21T06:45:12.486Z</time>
</trkpt>
<trkpt lat="49.4314269" lon="20.9525955">
<ele>632.073</ele>
<time>2026-05-21T06:45:16.567Z</time>
</trkpt>
<trkpt lat="49.4315121" lon="20.9525301">
<ele>633.602</ele>
<time>2026-05-21T06:45:20.846Z</time>
</trkpt>
<trkpt lat="49.4316096" lon="20.9524314">
<ele>634.629</ele>
<time>2026-05-21T06:45:25.855Z</time>
</trkpt>
<trkpt lat="49.4317097" lon="20.9523253">
<ele>634.786</ele>
<time>2026-05-21T06:45:30.468Z</time>
</trkpt>
<trkpt lat="49.4317852" lon="20.9522142">
<ele>633.986</ele>
<time>2026-05-21T06:45:34.451Z</time>
</trkpt>
<trkpt lat="49.4318541" lon="20.9520939">
<ele>632.846</ele>
<time>2026-05-21T06:45:38.883Z</time>
</trkpt>
<trkpt lat="49.4319190" lon="20.9519868">
<ele>632.184</ele>
<time>2026-05-21T06:45:43.597Z</time>
</trkpt>
<trkpt lat="49.4319637" lon="20.9518579">
<ele>632.172</ele>
<time>2026-05-21T06:45:48.552Z</time>
</trkpt>
<trkpt lat="49.4320215" lon="20.9517284">
<ele>632.341</ele>
<time>2026-05-21T06:45:53.999Z</time>
</trkpt>
<trkpt lat="49.4320215" lon="20.9517284">
<ele>632.269</ele>
<time>2026-05-21T06:46:05.999Z</time>
</trkpt>
<trkpt lat="49.4320215" lon="20.9517284">
<ele>631.998</ele>
<time>2026-05-21T06:46:09.585Z</time>
</trkpt>
<trkpt lat="49.4321016" lon="20.9515197">
<ele>631.732</ele>
<time>2026-05-21T06:46:19.383Z</time>
</trkpt>
<trkpt lat="49.4321519" lon="20.9513887">
<ele>631.201</ele>
<time>2026-05-21T06:46:23.571Z</time>
</trkpt>
<trkpt lat="49.4322101" lon="20.9512558">
<ele>630.193</ele>
<time>2026-05-21T06:46:26.581Z</time>
</trkpt>
<trkpt lat="49.4322812" lon="20.9510600">
<ele>629.334</ele>
<time>2026-05-21T06:46:29.728Z</time>
</trkpt>
<trkpt lat="49.4323525" lon="20.9508529">
<ele>629.275</ele>
<time>2026-05-21T06:46:32.547Z</time>
</trkpt>
<trkpt lat="49.4324378" lon="20.9506140">
<ele>629.897</ele>
<time>2026-05-21T06:46:35.534Z</time>
</trkpt>
<trkpt lat="49.4325458" lon="20.9503818">
<ele>630.885</ele>
<time>2026-05-21T06:46:38.887Z</time>
</trkpt>
<trkpt lat="49.4326282" lon="20.9502233">
<ele>631.873</ele>
<time>2026-05-21T06:46:41.667Z</time>
</trkpt>
<trkpt lat="49.4326460" lon="20.9500021">
<ele>632.553</ele>
<time>2026-05-21T06:46:44.378Z</time>
</trkpt>
<trkpt lat="49.4327016" lon="20.9497222">
<ele>632.852</ele>
<time>2026-05-21T06:46:47.317Z</time>
</trkpt>
<trkpt lat="49.4327655" lon="20.9493941">
<ele>632.907</ele>
<time>2026-05-21T06:46:50.255Z</time>
</trkpt>
<trkpt lat="49.4328337" lon="20.9490202">
<ele>633.000</ele>
<time>2026-05-21T06:46:53.243Z</time>
</trkpt>
<trkpt lat="49.4329189" lon="20.9486294">
<ele>633.323</ele>
<time>2026-05-21T06:46:56.249Z</time>
</trkpt>
<trkpt lat="49.4329961" lon="20.9482402">
<ele>633.890</ele>
<time>2026-05-21T06:46:59.220Z</time>
</trkpt>
<trkpt lat="49.4331206" lon="20.9478845">
<ele>634.641</ele>
<time>2026-05-21T06:47:02.283Z</time>
</trkpt>
<trkpt lat="49.4332965" lon="20.9476299">
<ele>635.517</ele>
<time>2026-05-21T06:47:05.189Z</time>
</trkpt>
<trkpt lat="49.4335014" lon="20.9474179">
<ele>636.556</ele>
<time>2026-05-21T06:47:08.155Z</time>
</trkpt>
<trkpt lat="49.4337038" lon="20.9472068">
<ele>637.745</ele>
<time>2026-05-21T06:47:11.054Z</time>
</trkpt>
<trkpt lat="49.4338905" lon="20.9469362">
<ele>638.828</ele>
<time>2026-05-21T06:47:14.108Z</time>
</trkpt>
<trkpt lat="49.4340010" lon="20.9466019">
<ele>639.841</ele>
<time>2026-05-21T06:47:17.063Z</time>
</trkpt>
<trkpt lat="49.4340386" lon="20.9462293">
<ele>641.018</ele>
<time>2026-05-21T06:47:19.986Z</time>
</trkpt>
<trkpt lat="49.4340783" lon="20.9458376">
<ele>642.145</ele>
<time>2026-05-21T06:47:22.983Z</time>
</trkpt>
<trkpt lat="49.4342112" lon="20.9454989">
<ele>642.972</ele>
<time>2026-05-21T06:47:25.925Z</time>
</trkpt>
<trkpt lat="49.4343216" lon="20.9451288">
<ele>643.810</ele>
<time>2026-05-21T06:47:28.913Z</time>
</trkpt>
<trkpt lat="49.4343874" lon="20.9447388">
<ele>644.753</ele>
<time>2026-05-21T06:47:31.824Z</time>
</trkpt>
<trkpt lat="49.4343971" lon="20.9443066">
<ele>645.520</ele>
<time>2026-05-21T06:47:34.906Z</time>
</trkpt>
<trkpt lat="49.4344258" lon="20.9438931">
<ele>646.178</ele>
<time>2026-05-21T06:47:37.873Z</time>
</trkpt>
<trkpt lat="49.4345148" lon="20.9434949">
<ele>647.155</ele>
<time>2026-05-21T06:47:40.861Z</time>
</trkpt>
<trkpt lat="49.4346163" lon="20.9430964">
<ele>648.574</ele>
<time>2026-05-21T06:47:43.844Z</time>
</trkpt>
<trkpt lat="49.4346967" lon="20.9426838">
<ele>650.006</ele>
<time>2026-05-21T06:47:46.809Z</time>
</trkpt>
<trkpt lat="49.4347662" lon="20.9422624">
<ele>651.136</ele>
<time>2026-05-21T06:47:49.838Z</time>
</trkpt>
<trkpt lat="49.4348448" lon="20.9418670">
<ele>652.037</ele>
<time>2026-05-21T06:47:52.787Z</time>
</trkpt>
<trkpt lat="49.4349803" lon="20.9415102">
<ele>652.821</ele>
<time>2026-05-21T06:47:55.804Z</time>
</trkpt>
<trkpt lat="49.4351396" lon="20.9412127">
<ele>653.733</ele>
<time>2026-05-21T06:47:58.708Z</time>
</trkpt>
<trkpt lat="49.4352546" lon="20.9408682">
<ele>654.918</ele>
<time>2026-05-21T06:48:01.708Z</time>
</trkpt>
<trkpt lat="49.4353436" lon="20.9405175">
<ele>656.140</ele>
<time>2026-05-21T06:48:04.681Z</time>
</trkpt>
<trkpt lat="49.4354227" lon="20.9401761">
<ele>657.168</ele>
<time>2026-05-21T06:48:07.648Z</time>
</trkpt>
<trkpt lat="49.4354599" lon="20.9398370">
<ele>658.131</ele>
<time>2026-05-21T06:48:10.612Z</time>
</trkpt>
<trkpt lat="49.4355017" lon="20.9395113">
<ele>659.290</ele>
<time>2026-05-21T06:48:13.602Z</time>
</trkpt>
<trkpt lat="49.4355489" lon="20.9392050">
<ele>660.633</ele>
<time>2026-05-21T06:48:16.501Z</time>
</trkpt>
<trkpt lat="49.4356000" lon="20.9388988">
<ele>661.829</ele>
<time>2026-05-21T06:48:19.515Z</time>
</trkpt>
<trkpt lat="49.4356487" lon="20.9386142">
<ele>662.647</ele>
<time>2026-05-21T06:48:22.584Z</time>
</trkpt>
<trkpt lat="49.4356826" lon="20.9383716">
<ele>663.292</ele>
<time>2026-05-21T06:48:25.482Z</time>
</trkpt>
<trkpt lat="49.4357323" lon="20.9381472">
<ele>664.028</ele>
<time>2026-05-21T06:48:28.513Z</time>
</trkpt>
<trkpt lat="49.4357787" lon="20.9379421">
<ele>664.748</ele>
<time>2026-05-21T06:48:31.448Z</time>
</trkpt>
<trkpt lat="49.4357139" lon="20.9377313">
<ele>665.396</ele>
<time>2026-05-21T06:48:34.576Z</time>
</trkpt>
<trkpt lat="49.4356274" lon="20.9375440">
<ele>666.196</ele>
<time>2026-05-21T06:48:37.625Z</time>
</trkpt>
<trkpt lat="49.4355571" lon="20.9373735">
<ele>667.377</ele>
<time>2026-05-21T06:48:40.435Z</time>
</trkpt>
<trkpt lat="49.4354767" lon="20.9372013">
<ele>668.970</ele>
<time>2026-05-21T06:48:43.577Z</time>
</trkpt>
<trkpt lat="49.4353888" lon="20.9370567">
<ele>670.659</ele>
<time>2026-05-21T06:48:46.674Z</time>
</trkpt>
<trkpt lat="49.4353175" lon="20.9369175">
<ele>672.070</ele>
<time>2026-05-21T06:48:49.610Z</time>
</trkpt>
<trkpt lat="49.4352628" lon="20.9367801">
<ele>673.084</ele>
<time>2026-05-21T06:48:52.410Z</time>
</trkpt>
<trkpt lat="49.4351895" lon="20.9366514">
<ele>673.861</ele>
<time>2026-05-21T06:48:55.406Z</time>
</trkpt>
<trkpt lat="49.4351104" lon="20.9365312">
<ele>674.634</ele>
<time>2026-05-21T06:48:58.370Z</time>
</trkpt>
<trkpt lat="49.4350137" lon="20.9364480">
<ele>675.470</ele>
<time>2026-05-21T06:49:01.382Z</time>
</trkpt>
<trkpt lat="49.4349087" lon="20.9364020">
<ele>676.366</ele>
<time>2026-05-21T06:49:04.424Z</time>
</trkpt>
<trkpt lat="49.4348110" lon="20.9363332">
<ele>677.245</ele>
<time>2026-05-21T06:49:07.471Z</time>
</trkpt>
<trkpt lat="49.4347283" lon="20.9362550">
<ele>677.945</ele>
<time>2026-05-21T06:49:10.407Z</time>
</trkpt>
<trkpt lat="49.4346508" lon="20.9361825">
<ele>678.648</ele>
<time>2026-05-21T06:49:13.637Z</time>
</trkpt>
<trkpt lat="49.4345673" lon="20.9360749">
<ele>679.669</ele>
<time>2026-05-21T06:49:17.998Z</time>
</trkpt>
<trkpt lat="49.4345673" lon="20.9360749">
<ele>680.776</ele>
<time>2026-05-21T06:49:26.998Z</time>
</trkpt>
<trkpt lat="49.4345673" lon="20.9360749">
<ele>681.275</ele>
<time>2026-05-21T06:51:01.546Z</time>
</trkpt>
<trkpt lat="49.4343923" lon="20.9358962">
<ele>680.944</ele>
<time>2026-05-21T06:51:12.642Z</time>
</trkpt>
<trkpt lat="49.4342744" lon="20.9357975">
<ele>680.691</ele>
<time>2026-05-21T06:51:15.659Z</time>
</trkpt>
<trkpt lat="49.4341614" lon="20.9357046">
<ele>681.390</ele>
<time>2026-05-21T06:51:18.592Z</time>
</trkpt>
<trkpt lat="49.4340713" lon="20.9356278">
<ele>682.712</ele>
<time>2026-05-21T06:51:21.218Z</time>
</trkpt>
<trkpt lat="49.4339805" lon="20.9355566">
<ele>684.012</ele>
<time>2026-05-21T06:51:23.935Z</time>
</trkpt>
<trkpt lat="49.4338862" lon="20.9354906">
<ele>685.227</ele>
<time>2026-05-21T06:51:26.716Z</time>
</trkpt>
<trkpt lat="49.4337892" lon="20.9354357">
<ele>686.451</ele>
<time>2026-05-21T06:51:29.491Z</time>
</trkpt>
<trkpt lat="49.4336882" lon="20.9354047">
<ele>687.635</ele>
<time>2026-05-21T06:51:32.300Z</time>
</trkpt>
<trkpt lat="49.4335937" lon="20.9353639">
<ele>688.818</ele>
<time>2026-05-21T06:51:35.099Z</time>
</trkpt>
<trkpt lat="49.4335081" lon="20.9353212">
<ele>690.196</ele>
<time>2026-05-21T06:51:37.868Z</time>
</trkpt>
<trkpt lat="49.4334068" lon="20.9352731">
<ele>691.723</ele>
<time>2026-05-21T06:51:41.325Z</time>
</trkpt>
<trkpt lat="49.4332939" lon="20.9352386">
<ele>693.106</ele>
<time>2026-05-21T06:51:45.071Z</time>
</trkpt>
<trkpt lat="49.4332025" lon="20.9352186">
<ele>694.315</ele>
<time>2026-05-21T06:51:47.780Z</time>
</trkpt>
<trkpt lat="49.4330723" lon="20.9351670">
<ele>695.671</ele>
<time>2026-05-21T06:51:50.996Z</time>
</trkpt>
<trkpt lat="49.4330723" lon="20.9351670">
<ele>697.121</ele>
<time>2026-05-21T06:51:56.996Z</time>
</trkpt>
<trkpt lat="49.4330723" lon="20.9351670">
<ele>697.864</ele>
<time>2026-05-21T06:52:23.798Z</time>
</trkpt>
<trkpt lat="49.4328475" lon="20.9351288">
<ele>697.517</ele>
<time>2026-05-21T06:52:35.098Z</time>
</trkpt>
<trkpt lat="49.4327557" lon="20.9351273">
<ele>698.006</ele>
<time>2026-05-21T06:52:37.646Z</time>
</trkpt>
<trkpt lat="49.4326499" lon="20.9351098">
<ele>700.896</ele>
<time>2026-05-21T06:52:40.521Z</time>
</trkpt>
<trkpt lat="49.4325510" lon="20.9351074">
<ele>704.709</ele>
<time>2026-05-21T06:52:43.436Z</time>
</trkpt>
<trkpt lat="49.4325011" lon="20.9352293">
<ele>707.709</ele>
<time>2026-05-21T06:52:46.297Z</time>
</trkpt>
<trkpt lat="49.4325519" lon="20.9354213">
<ele>709.882</ele>
<time>2026-05-21T06:52:49.741Z</time>
</trkpt>
<trkpt lat="49.4326441" lon="20.9355524">
<ele>711.362</ele>
<time>2026-05-21T06:52:52.461Z</time>
</trkpt>
<trkpt lat="49.4327405" lon="20.9356736">
<ele>712.223</ele>
<time>2026-05-21T06:52:55.271Z</time>
</trkpt>
<trkpt lat="49.4328308" lon="20.9357605">
<ele>712.615</ele>
<time>2026-05-21T06:52:58.601Z</time>
</trkpt>
<trkpt lat="49.4329218" lon="20.9357065">
<ele>712.713</ele>
<time>2026-05-21T06:53:01.996Z</time>
</trkpt>
<trkpt lat="49.4329218" lon="20.9357065">
<ele>712.642</ele>
<time>2026-05-21T06:53:03.996Z</time>
</trkpt>
</trkseg>
<trkseg>
<trkpt lat="49.4329076" lon="20.9351316">
<ele>705.864</ele>
<time>2026-05-21T08:49:56.999Z</time>
</trkpt>
<trkpt lat="49.4329076" lon="20.9351316">
<ele>705.682</ele>
<time>2026-05-21T08:56:29.769Z</time>
</trkpt>
<trkpt lat="49.4330942" lon="20.9352202">
<ele>705.528</ele>
<time>2026-05-21T08:56:41.563Z</time>
</trkpt>
<trkpt lat="49.4331930" lon="20.9352450">
<ele>705.358</ele>
<time>2026-05-21T08:56:44.359Z</time>
</trkpt>
<trkpt lat="49.4333032" lon="20.9352673">
<ele>705.098</ele>
<time>2026-05-21T08:56:47.214Z</time>
</trkpt>
<trkpt lat="49.4334026" lon="20.9352873">
<ele>704.555</ele>
<time>2026-05-21T08:56:49.831Z</time>
</trkpt>
<trkpt lat="49.4335036" lon="20.9353341">
<ele>703.603</ele>
<time>2026-05-21T08:56:52.656Z</time>
</trkpt>
<trkpt lat="49.4335934" lon="20.9353678">
<ele>702.246</ele>
<time>2026-05-21T08:56:55.223Z</time>
</trkpt>
<trkpt lat="49.4336914" lon="20.9354115">
<ele>700.630</ele>
<time>2026-05-21T08:56:57.995Z</time>
</trkpt>
<trkpt lat="49.4336914" lon="20.9354115">
<ele>699.185</ele>
<time>2026-05-21T08:56:57.995Z</time>
</trkpt>
<trkpt lat="49.4336914" lon="20.9354115">
<ele>698.359</ele>
<time>2026-05-21T08:56:58.095Z</time>
</trkpt>
<trkpt lat="49.4338344" lon="20.9354832">
<ele>698.141</ele>
<time>2026-05-21T08:57:04.254Z</time>
</trkpt>
<trkpt lat="49.4339444" lon="20.9355447">
<ele>697.652</ele>
<time>2026-05-21T08:57:07.176Z</time>
</trkpt>
<trkpt lat="49.4340695" lon="20.9356255">
<ele>696.209</ele>
<time>2026-05-21T08:57:10.110Z</time>
</trkpt>
<trkpt lat="49.4342098" lon="20.9357312">
<ele>694.219</ele>
<time>2026-05-21T08:57:13.336Z</time>
</trkpt>
<trkpt lat="49.4343168" lon="20.9358496">
<ele>692.248</ele>
<time>2026-05-21T08:57:16.205Z</time>
</trkpt>
<trkpt lat="49.4344265" lon="20.9359800">
<ele>690.101</ele>
<time>2026-05-21T08:57:19.464Z</time>
</trkpt>
<trkpt lat="49.4345173" lon="20.9360891">
<ele>687.894</ele>
<time>2026-05-21T08:57:22.554Z</time>
</trkpt>
<trkpt lat="49.4345976" lon="20.9361892">
<ele>686.367</ele>
<time>2026-05-21T08:57:25.481Z</time>
</trkpt>
<trkpt lat="49.4346976" lon="20.9362743">
<ele>685.866</ele>
<time>2026-05-21T08:57:28.600Z</time>
</trkpt>
<trkpt lat="49.4347986" lon="20.9363589">
<ele>685.805</ele>
<time>2026-05-21T08:57:31.566Z</time>
</trkpt>
<trkpt lat="49.4349166" lon="20.9364279">
<ele>685.507</ele>
<time>2026-05-21T08:57:34.705Z</time>
</trkpt>
<trkpt lat="49.4350295" lon="20.9365070">
<ele>684.645</ele>
<time>2026-05-21T08:57:37.733Z</time>
</trkpt>
<trkpt lat="49.4351255" lon="20.9366382">
<ele>683.221</ele>
<time>2026-05-21T08:57:41.150Z</time>
</trkpt>
<trkpt lat="49.4351941" lon="20.9367503">
<ele>681.664</ele>
<time>2026-05-21T08:57:44.109Z</time>
</trkpt>
<trkpt lat="49.4352582" lon="20.9368725">
<ele>680.492</ele>
<time>2026-05-21T08:57:47.000Z</time>
</trkpt>
<trkpt lat="49.4353286" lon="20.9370030">
<ele>679.731</ele>
<time>2026-05-21T08:57:50.289Z</time>
</trkpt>
<trkpt lat="49.4353888" lon="20.9371159">
<ele>679.077</ele>
<time>2026-05-21T08:57:53.292Z</time>
</trkpt>
<trkpt lat="49.4354511" lon="20.9372229">
<ele>678.303</ele>
<time>2026-05-21T08:57:56.011Z</time>
</trkpt>
<trkpt lat="49.4355219" lon="20.9373613">
<ele>677.348</ele>
<time>2026-05-21T08:57:59.081Z</time>
</trkpt>
<trkpt lat="49.4355888" lon="20.9375016">
<ele>676.310</ele>
<time>2026-05-21T08:58:02.021Z</time>
</trkpt>
<trkpt lat="49.4356572" lon="20.9376552">
<ele>675.170</ele>
<time>2026-05-21T08:58:05.394Z</time>
</trkpt>
<trkpt lat="49.4357227" lon="20.9377807">
<ele>673.826</ele>
<time>2026-05-21T08:58:09.149Z</time>
</trkpt>
<trkpt lat="49.4357616" lon="20.9379343">
<ele>672.330</ele>
<time>2026-05-21T08:58:13.355Z</time>
</trkpt>
<trkpt lat="49.4357183" lon="20.9381004">
<ele>670.911</ele>
<time>2026-05-21T08:58:17.267Z</time>
</trkpt>
<trkpt lat="49.4356777" lon="20.9382363">
<ele>669.872</ele>
<time>2026-05-21T08:58:20.133Z</time>
</trkpt>
<trkpt lat="49.4356477" lon="20.9383973">
<ele>669.395</ele>
<time>2026-05-21T08:58:23.078Z</time>
</trkpt>
<trkpt lat="49.4356345" lon="20.9385798">
<ele>669.366</ele>
<time>2026-05-21T08:58:25.782Z</time>
</trkpt>
<trkpt lat="49.4356101" lon="20.9387272">
<ele>669.511</ele>
<time>2026-05-21T08:58:27.819Z</time>
</trkpt>
<trkpt lat="49.4355701" lon="20.9389585">
<ele>669.497</ele>
<time>2026-05-21T08:58:30.674Z</time>
</trkpt>
<trkpt lat="49.4355410" lon="20.9391275">
<ele>668.962</ele>
<time>2026-05-21T08:58:32.578Z</time>
</trkpt>
<trkpt lat="49.4354817" lon="20.9394068">
<ele>667.967</ele>
<time>2026-05-21T08:58:35.488Z</time>
</trkpt>
<trkpt lat="49.4354427" lon="20.9397223">
<ele>666.822</ele>
<time>2026-05-21T08:58:38.442Z</time>
</trkpt>
<trkpt lat="49.4353994" lon="20.9400557">
<ele>665.413</ele>
<time>2026-05-21T08:58:41.420Z</time>
</trkpt>
<trkpt lat="49.4353492" lon="20.9403952">
<ele>663.804</ele>
<time>2026-05-21T08:58:44.357Z</time>
</trkpt>
<trkpt lat="49.4352640" lon="20.9407404">
<ele>662.264</ele>
<time>2026-05-21T08:58:47.461Z</time>
</trkpt>
<trkpt lat="49.4351748" lon="20.9410534">
<ele>660.790</ele>
<time>2026-05-21T08:58:50.467Z</time>
</trkpt>
<trkpt lat="49.4350660" lon="20.9413315">
<ele>659.507</ele>
<time>2026-05-21T08:58:53.535Z</time>
</trkpt>
<trkpt lat="49.4349239" lon="20.9415400">
<ele>658.478</ele>
<time>2026-05-21T08:58:56.527Z</time>
</trkpt>
<trkpt lat="49.4348279" lon="20.9418055">
<ele>657.502</ele>
<time>2026-05-21T08:58:59.416Z</time>
</trkpt>
<trkpt lat="49.4347678" lon="20.9421280">
<ele>656.435</ele>
<time>2026-05-21T08:59:02.352Z</time>
</trkpt>
<trkpt lat="49.4347249" lon="20.9424863">
<ele>655.251</ele>
<time>2026-05-21T08:59:05.367Z</time>
</trkpt>
<trkpt lat="49.4346504" lon="20.9428382">
<ele>654.144</ele>
<time>2026-05-21T08:59:08.357Z</time>
</trkpt>
<trkpt lat="49.4345604" lon="20.9431848">
<ele>653.324</ele>
<time>2026-05-21T08:59:11.361Z</time>
</trkpt>
<trkpt lat="49.4344705" lon="20.9435248">
<ele>652.641</ele>
<time>2026-05-21T08:59:14.281Z</time>
</trkpt>
<trkpt lat="49.4343963" lon="20.9438880">
<ele>651.828</ele>
<time>2026-05-21T08:59:17.197Z</time>
</trkpt>
<trkpt lat="49.4343726" lon="20.9442840">
<ele>650.719</ele>
<time>2026-05-21T08:59:20.164Z</time>
</trkpt>
<trkpt lat="49.4343589" lon="20.9446865">
<ele>649.201</ele>
<time>2026-05-21T08:59:23.210Z</time>
</trkpt>
<trkpt lat="49.4343081" lon="20.9450587">
<ele>647.388</ele>
<time>2026-05-21T08:59:26.284Z</time>
</trkpt>
<trkpt lat="49.4342481" lon="20.9453811">
<ele>645.797</ele>
<time>2026-05-21T08:59:29.204Z</time>
</trkpt>
<trkpt lat="49.4341345" lon="20.9456699">
<ele>644.603</ele>
<time>2026-05-21T08:59:32.238Z</time>
</trkpt>
<trkpt lat="49.4340484" lon="20.9459694">
<ele>643.583</ele>
<time>2026-05-21T08:59:35.158Z</time>
</trkpt>
<trkpt lat="49.4340221" lon="20.9463058">
<ele>642.781</ele>
<time>2026-05-21T08:59:38.113Z</time>
</trkpt>
<trkpt lat="49.4339820" lon="20.9466348">
<ele>642.292</ele>
<time>2026-05-21T08:59:41.000Z</time>
</trkpt>
<trkpt lat="49.4338711" lon="20.9469371">
<ele>641.954</ele>
<time>2026-05-21T08:59:43.934Z</time>
</trkpt>
<trkpt lat="49.4336998" lon="20.9471979">
<ele>641.427</ele>
<time>2026-05-21T08:59:46.979Z</time>
</trkpt>
<trkpt lat="49.4334984" lon="20.9473975">
<ele>640.431</ele>
<time>2026-05-21T08:59:49.964Z</time>
</trkpt>
<trkpt lat="49.4333005" lon="20.9475962">
<ele>639.105</ele>
<time>2026-05-21T08:59:52.895Z</time>
</trkpt>
<trkpt lat="49.4331182" lon="20.9478404">
<ele>637.773</ele>
<time>2026-05-21T08:59:55.871Z</time>
</trkpt>
<trkpt lat="49.4329858" lon="20.9481616">
<ele>636.645</ele>
<time>2026-05-21T08:59:58.887Z</time>
</trkpt>
<trkpt lat="49.4329176" lon="20.9485247">
<ele>635.742</ele>
<time>2026-05-21T09:00:01.876Z</time>
</trkpt>
<trkpt lat="49.4328324" lon="20.9488879">
<ele>634.898</ele>
<time>2026-05-21T09:00:05.032Z</time>
</trkpt>
<trkpt lat="49.4327633" lon="20.9492214">
<ele>634.013</ele>
<time>2026-05-21T09:00:08.203Z</time>
</trkpt>
<trkpt lat="49.4327204" lon="20.9495031">
<ele>633.174</ele>
<time>2026-05-21T09:00:11.191Z</time>
</trkpt>
<trkpt lat="49.4326635" lon="20.9497753">
<ele>632.528</ele>
<time>2026-05-21T09:00:14.567Z</time>
</trkpt>
<trkpt lat="49.4326157" lon="20.9500097">
<ele>632.291</ele>
<time>2026-05-21T09:00:18.720Z</time>
</trkpt>
<trkpt lat="49.4325962" lon="20.9501451">
<ele>632.456</ele>
<time>2026-05-21T09:00:21.805Z</time>
</trkpt>
<trkpt lat="49.4326868" lon="20.9502295">
<ele>632.741</ele>
<time>2026-05-21T09:00:24.676Z</time>
</trkpt>
<trkpt lat="49.4327635" lon="20.9501423">
<ele>632.878</ele>
<time>2026-05-21T09:00:26.577Z</time>
</trkpt>
<trkpt lat="49.4328658" lon="20.9500737">
<ele>632.831</ele>
<time>2026-05-21T09:00:28.436Z</time>
</trkpt>
<trkpt lat="49.4330588" lon="20.9499817">
<ele>632.811</ele>
<time>2026-05-21T09:00:31.305Z</time>
</trkpt>
<trkpt lat="49.4332850" lon="20.9499151">
<ele>633.128</ele>
<time>2026-05-21T09:00:34.141Z</time>
</trkpt>
<trkpt lat="49.4334576" lon="20.9498740">
<ele>634.027</ele>
<time>2026-05-21T09:00:36.034Z</time>
</trkpt>
<trkpt lat="49.4336451" lon="20.9498153">
<ele>635.457</ele>
<time>2026-05-21T09:00:37.932Z</time>
</trkpt>
<trkpt lat="49.4339572" lon="20.9497228">
<ele>637.098</ele>
<time>2026-05-21T09:00:40.940Z</time>
</trkpt>
<trkpt lat="49.4342843" lon="20.9496300">
<ele>638.864</ele>
<time>2026-05-21T09:00:43.873Z</time>
</trkpt>
<trkpt lat="49.4346538" lon="20.9495286">
<ele>640.902</ele>
<time>2026-05-21T09:00:46.960Z</time>
</trkpt>
<trkpt lat="49.4350323" lon="20.9494134">
<ele>643.238</ele>
<time>2026-05-21T09:00:49.956Z</time>
</trkpt>
<trkpt lat="49.4354342" lon="20.9493195">
<ele>645.863</ele>
<time>2026-05-21T09:00:52.973Z</time>
</trkpt>
<trkpt lat="49.4358589" lon="20.9492907">
<ele>648.760</ele>
<time>2026-05-21T09:00:55.995Z</time>
</trkpt>
<trkpt lat="49.4362872" lon="20.9493702">
<ele>651.757</ele>
<time>2026-05-21T09:00:58.973Z</time>
</trkpt>
<trkpt lat="49.4367028" lon="20.9495034">
<ele>654.576</ele>
<time>2026-05-21T09:01:01.882Z</time>
</trkpt>
<trkpt lat="49.4371205" lon="20.9496476">
<ele>657.357</ele>
<time>2026-05-21T09:01:04.835Z</time>
</trkpt>
<trkpt lat="49.4375382" lon="20.9497962">
<ele>660.300</ele>
<time>2026-05-21T09:01:07.812Z</time>
</trkpt>
<trkpt lat="49.4379596" lon="20.9499437">
<ele>662.823</ele>
<time>2026-05-21T09:01:10.820Z</time>
</trkpt>
<trkpt lat="49.4383811" lon="20.9500986">
<ele>664.657</ele>
<time>2026-05-21T09:01:13.837Z</time>
</trkpt>
<trkpt lat="49.4388043" lon="20.9502507">
<ele>666.430</ele>
<time>2026-05-21T09:01:16.859Z</time>
</trkpt>
<trkpt lat="49.4392288" lon="20.9503876">
<ele>668.492</ele>
<time>2026-05-21T09:01:19.864Z</time>
</trkpt>
<trkpt lat="49.4396600" lon="20.9504445">
<ele>670.838</ele>
<time>2026-05-21T09:01:22.895Z</time>
</trkpt>
<trkpt lat="49.4400698" lon="20.9503760">
<ele>673.218</ele>
<time>2026-05-21T09:01:25.905Z</time>
</trkpt>
<trkpt lat="49.4404497" lon="20.9501875">
<ele>675.354</ele>
<time>2026-05-21T09:01:29.074Z</time>
</trkpt>
<trkpt lat="49.4407763" lon="20.9499700">
<ele>677.451</ele>
<time>2026-05-21T09:01:32.268Z</time>
</trkpt>
<trkpt lat="49.4410529" lon="20.9497697">
<ele>679.410</ele>
<time>2026-05-21T09:01:35.349Z</time>
</trkpt>
<trkpt lat="49.4413162" lon="20.9496176">
<ele>680.917</ele>
<time>2026-05-21T09:01:38.410Z</time>
</trkpt>
<trkpt lat="49.4415758" lon="20.9495398">
<ele>682.395</ele>
<time>2026-05-21T09:01:41.338Z</time>
</trkpt>
<trkpt lat="49.4418505" lon="20.9494995">
<ele>684.406</ele>
<time>2026-05-21T09:01:44.292Z</time>
</trkpt>
<trkpt lat="49.4421392" lon="20.9495163">
<ele>686.718</ele>
<time>2026-05-21T09:01:47.257Z</time>
</trkpt>
<trkpt lat="49.4424306" lon="20.9495946">
<ele>688.841</ele>
<time>2026-05-21T09:01:50.183Z</time>
</trkpt>
<trkpt lat="49.4427208" lon="20.9497495">
<ele>690.877</ele>
<time>2026-05-21T09:01:53.146Z</time>
</trkpt>
<trkpt lat="49.4430099" lon="20.9499195">
<ele>693.176</ele>
<time>2026-05-21T09:01:56.093Z</time>
</trkpt>
<trkpt lat="49.4433033" lon="20.9500782">
<ele>695.635</ele>
<time>2026-05-21T09:01:59.023Z</time>
</trkpt>
<trkpt lat="49.4436140" lon="20.9501827">
<ele>698.016</ele>
<time>2026-05-21T09:02:01.959Z</time>
</trkpt>
<trkpt lat="49.4439371" lon="20.9502399">
<ele>700.625</ele>
<time>2026-05-21T09:02:04.861Z</time>
</trkpt>
<trkpt lat="49.4442841" lon="20.9502785">
<ele>703.895</ele>
<time>2026-05-21T09:02:07.854Z</time>
</trkpt>
<trkpt lat="49.4446397" lon="20.9503009">
<ele>707.299</ele>
<time>2026-05-21T09:02:10.865Z</time>
</trkpt>
<trkpt lat="49.4449814" lon="20.9503184">
<ele>710.151</ele>
<time>2026-05-21T09:02:13.804Z</time>
</trkpt>
<trkpt lat="49.4453101" lon="20.9503271">
<ele>712.664</ele>
<time>2026-05-21T09:02:16.716Z</time>
</trkpt>
<trkpt lat="49.4456365" lon="20.9503491">
<ele>715.106</ele>
<time>2026-05-21T09:02:19.683Z</time>
</trkpt>
<trkpt lat="49.4459593" lon="20.9503699">
<ele>717.284</ele>
<time>2026-05-21T09:02:22.676Z</time>
</trkpt>
<trkpt lat="49.4462780" lon="20.9503933">
<ele>718.973</ele>
<time>2026-05-21T09:02:25.750Z</time>
</trkpt>
<trkpt lat="49.4465750" lon="20.9504155">
<ele>720.276</ele>
<time>2026-05-21T09:02:28.842Z</time>
</trkpt>
<trkpt lat="49.4467487" lon="20.9504334">
<ele>721.524</ele>
<time>2026-05-21T09:02:30.890Z</time>
</trkpt>
<trkpt lat="49.4469824" lon="20.9504763">
<ele>722.719</ele>
<time>2026-05-21T09:02:33.820Z</time>
</trkpt>
<trkpt lat="49.4472067" lon="20.9505542">
<ele>723.629</ele>
<time>2026-05-21T09:02:36.816Z</time>
</trkpt>
<trkpt lat="49.4473563" lon="20.9506254">
<ele>724.421</ele>
<time>2026-05-21T09:02:38.805Z</time>
</trkpt>
<trkpt lat="49.4475849" lon="20.9507673">
<ele>725.421</ele>
<time>2026-05-21T09:02:41.813Z</time>
</trkpt>
<trkpt lat="49.4477374" lon="20.9508977">
<ele>726.545</ele>
<time>2026-05-21T09:02:43.793Z</time>
</trkpt>
<trkpt lat="49.4479654" lon="20.9511250">
<ele>727.609</ele>
<time>2026-05-21T09:02:46.764Z</time>
</trkpt>
<trkpt lat="49.4481908" lon="20.9514089">
<ele>728.763</ele>
<time>2026-05-21T09:02:49.794Z</time>
</trkpt>
<trkpt lat="49.4484147" lon="20.9517152">
<ele>730.156</ele>
<time>2026-05-21T09:02:52.776Z</time>
</trkpt>
<trkpt lat="49.4486587" lon="20.9520175">
<ele>731.616</ele>
<time>2026-05-21T09:02:55.775Z</time>
</trkpt>
<trkpt lat="49.4489284" lon="20.9522837">
<ele>732.987</ele>
<time>2026-05-21T09:02:58.734Z</time>
</trkpt>
<trkpt lat="49.4492363" lon="20.9525026">
<ele>734.373</ele>
<time>2026-05-21T09:03:01.745Z</time>
</trkpt>
<trkpt lat="49.4495669" lon="20.9526877">
<ele>735.646</ele>
<time>2026-05-21T09:03:04.736Z</time>
</trkpt>
<trkpt lat="49.4499155" lon="20.9528607">
<ele>736.419</ele>
<time>2026-05-21T09:03:07.726Z</time>
</trkpt>
<trkpt lat="49.4502690" lon="20.9530458">
<ele>736.557</ele>
<time>2026-05-21T09:03:10.701Z</time>
</trkpt>
<trkpt lat="49.4506270" lon="20.9532289">
<ele>736.172</ele>
<time>2026-05-21T09:03:13.674Z</time>
</trkpt>
<trkpt lat="49.4510005" lon="20.9533818">
<ele>735.540</ele>
<time>2026-05-21T09:03:16.663Z</time>
</trkpt>
<trkpt lat="49.4514019" lon="20.9534444">
<ele>734.916</ele>
<time>2026-05-21T09:03:19.683Z</time>
</trkpt>
<trkpt lat="49.4518099" lon="20.9533985">
<ele>734.133</ele>
<time>2026-05-21T09:03:22.662Z</time>
</trkpt>
<trkpt lat="49.4522198" lon="20.9532910">
<ele>732.931</ele>
<time>2026-05-21T09:03:25.618Z</time>
</trkpt>
<trkpt lat="49.4526541" lon="20.9531281">
<ele>731.568</ele>
<time>2026-05-21T09:03:28.673Z</time>
</trkpt>
<trkpt lat="49.4530995" lon="20.9529587">
<ele>730.571</ele>
<time>2026-05-21T09:03:31.691Z</time>
</trkpt>
<trkpt lat="49.4535523" lon="20.9527943">
<ele>730.143</ele>
<time>2026-05-21T09:03:34.707Z</time>
</trkpt>
<trkpt lat="49.4540067" lon="20.9526515">
<ele>730.105</ele>
<time>2026-05-21T09:03:37.740Z</time>
</trkpt>
<trkpt lat="49.4544497" lon="20.9525544">
<ele>730.255</ele>
<time>2026-05-21T09:03:40.742Z</time>
</trkpt>
<trkpt lat="49.4548832" lon="20.9525016">
<ele>730.515</ele>
<time>2026-05-21T09:03:43.745Z</time>
</trkpt>
<trkpt lat="49.4553102" lon="20.9524893">
<ele>730.913</ele>
<time>2026-05-21T09:03:46.715Z</time>
</trkpt>
<trkpt lat="49.4557394" lon="20.9525909">
<ele>731.723</ele>
<time>2026-05-21T09:03:49.657Z</time>
</trkpt>
<trkpt lat="49.4561758" lon="20.9528412">
<ele>733.379</ele>
<time>2026-05-21T09:03:52.675Z</time>
</trkpt>
<trkpt lat="49.4565699" lon="20.9532577">
<ele>735.819</ele>
<time>2026-05-21T09:03:55.657Z</time>
</trkpt>
<trkpt lat="49.4569124" lon="20.9537902">
<ele>738.205</ele>
<time>2026-05-21T09:03:58.622Z</time>
</trkpt>
<trkpt lat="49.4571826" lon="20.9544297">
<ele>739.687</ele>
<time>2026-05-21T09:04:01.592Z</time>
</trkpt>
<trkpt lat="49.4574068" lon="20.9551328">
<ele>740.180</ele>
<time>2026-05-21T09:04:04.586Z</time>
</trkpt>
<trkpt lat="49.4576404" lon="20.9558404">
<ele>740.204</ele>
<time>2026-05-21T09:04:07.562Z</time>
</trkpt>
<trkpt lat="49.4579364" lon="20.9565012">
<ele>740.503</ele>
<time>2026-05-21T09:04:10.552Z</time>
</trkpt>
<trkpt lat="49.4583104" lon="20.9570256">
<ele>741.549</ele>
<time>2026-05-21T09:04:13.486Z</time>
</trkpt>
<trkpt lat="49.4587628" lon="20.9573974">
<ele>743.415</ele>
<time>2026-05-21T09:04:16.480Z</time>
</trkpt>
<trkpt lat="49.4592615" lon="20.9576124">
<ele>745.643</ele>
<time>2026-05-21T09:04:19.479Z</time>
</trkpt>
<trkpt lat="49.4597849" lon="20.9576420">
<ele>747.508</ele>
<time>2026-05-21T09:04:22.467Z</time>
</trkpt>
<trkpt lat="49.4603075" lon="20.9574923">
<ele>748.651</ele>
<time>2026-05-21T09:04:25.457Z</time>
</trkpt>
<trkpt lat="49.4608016" lon="20.9571810">
<ele>749.063</ele>
<time>2026-05-21T09:04:28.447Z</time>
</trkpt>
<trkpt lat="49.4612676" lon="20.9568323">
<ele>748.881</ele>
<time>2026-05-21T09:04:31.384Z</time>
</trkpt>
<trkpt lat="49.4617265" lon="20.9565019">
<ele>748.536</ele>
<time>2026-05-21T09:04:34.341Z</time>
</trkpt>
<trkpt lat="49.4620166" lon="20.9562895">
<ele>748.339</ele>
<time>2026-05-21T09:04:36.322Z</time>
</trkpt>
<trkpt lat="49.4622867" lon="20.9560849">
<ele>748.379</ele>
<time>2026-05-21T09:04:38.281Z</time>
</trkpt>
<trkpt lat="49.4625422" lon="20.9558807">
<ele>748.681</ele>
<time>2026-05-21T09:04:40.245Z</time>
</trkpt>
<trkpt lat="49.4629166" lon="20.9555962">
<ele>749.109</ele>
<time>2026-05-21T09:04:43.223Z</time>
</trkpt>
<trkpt lat="49.4632551" lon="20.9553357">
<ele>749.205</ele>
<time>2026-05-21T09:04:46.133Z</time>
</trkpt>
<trkpt lat="49.4634709" lon="20.9552082">
<ele>748.528</ele>
<time>2026-05-21T09:04:48.067Z</time>
</trkpt>
<trkpt lat="49.4637995" lon="20.9550656">
<ele>747.301</ele>
<time>2026-05-21T09:04:51.002Z</time>
</trkpt>
<trkpt lat="49.4641461" lon="20.9549630">
<ele>746.193</ele>
<time>2026-05-21T09:04:53.995Z</time>
</trkpt>
<trkpt lat="49.4645161" lon="20.9549323">
<ele>745.567</ele>
<time>2026-05-21T09:04:57.014Z</time>
</trkpt>
<trkpt lat="49.4648923" lon="20.9549539">
<ele>745.386</ele>
<time>2026-05-21T09:05:00.012Z</time>
</trkpt>
<trkpt lat="49.4652720" lon="20.9550136">
<ele>745.619</ele>
<time>2026-05-21T09:05:03.026Z</time>
</trkpt>
<trkpt lat="49.4656428" lon="20.9551329">
<ele>746.288</ele>
<time>2026-05-21T09:05:05.995Z</time>
</trkpt>
<trkpt lat="49.4660104" lon="20.9553286">
<ele>747.523</ele>
<time>2026-05-21T09:05:08.988Z</time>
</trkpt>
<trkpt lat="49.4663947" lon="20.9555348">
<ele>749.138</ele>
<time>2026-05-21T09:05:12.019Z</time>
</trkpt>
<trkpt lat="49.4667902" lon="20.9557510">
<ele>750.593</ele>
<time>2026-05-21T09:05:15.065Z</time>
</trkpt>
<trkpt lat="49.4671869" lon="20.9558996">
<ele>751.704</ele>
<time>2026-05-21T09:05:18.020Z</time>
</trkpt>
<trkpt lat="49.4675990" lon="20.9559131">
<ele>752.615</ele>
<time>2026-05-21T09:05:21.018Z</time>
</trkpt>
<trkpt lat="49.4680044" lon="20.9558914">
<ele>753.297</ele>
<time>2026-05-21T09:05:24.035Z</time>
</trkpt>
<trkpt lat="49.4683594" lon="20.9558636">
<ele>754.163</ele>
<time>2026-05-21T09:05:26.897Z</time>
</trkpt>
<trkpt lat="49.4686499" lon="20.9560057">
<ele>755.657</ele>
<time>2026-05-21T09:05:29.617Z</time>
</trkpt>
<trkpt lat="49.4688886" lon="20.9563766">
<ele>757.512</ele>
<time>2026-05-21T09:05:32.710Z</time>
</trkpt>
<trkpt lat="49.4691426" lon="20.9567710">
<ele>759.104</ele>
<time>2026-05-21T09:05:35.849Z</time>
</trkpt>
<trkpt lat="49.4694083" lon="20.9570614">
<ele>760.040</ele>
<time>2026-05-21T09:05:38.750Z</time>
</trkpt>
<trkpt lat="49.4697430" lon="20.9570841">
<ele>760.566</ele>
<time>2026-05-21T09:05:41.814Z</time>
</trkpt>
<trkpt lat="49.4701109" lon="20.9569736">
<ele>761.318</ele>
<time>2026-05-21T09:05:44.992Z</time>
</trkpt>
<trkpt lat="49.4705069" lon="20.9568593">
<ele>762.269</ele>
<time>2026-05-21T09:05:48.101Z</time>
</trkpt>
<trkpt lat="49.4709078" lon="20.9567434">
<ele>762.913</ele>
<time>2026-05-21T09:05:51.125Z</time>
</trkpt>
<trkpt lat="49.4713053" lon="20.9566440">
<ele>762.942</ele>
<time>2026-05-21T09:05:54.072Z</time>
</trkpt>
<trkpt lat="49.4717164" lon="20.9565288">
<ele>762.186</ele>
<time>2026-05-21T09:05:57.074Z</time>
</trkpt>
<trkpt lat="49.4721259" lon="20.9564014">
<ele>760.781</ele>
<time>2026-05-21T09:06:00.049Z</time>
</trkpt>
<trkpt lat="49.4725307" lon="20.9563170">
<ele>758.953</ele>
<time>2026-05-21T09:06:02.981Z</time>
</trkpt>
<trkpt lat="49.4729456" lon="20.9562904">
<ele>756.861</ele>
<time>2026-05-21T09:06:05.972Z</time>
</trkpt>
<trkpt lat="49.4733645" lon="20.9562907">
<ele>754.852</ele>
<time>2026-05-21T09:06:08.968Z</time>
</trkpt>
<trkpt lat="49.4737863" lon="20.9562852">
<ele>753.368</ele>
<time>2026-05-21T09:06:11.944Z</time>
</trkpt>
<trkpt lat="49.4742227" lon="20.9562918">
<ele>752.437</ele>
<time>2026-05-21T09:06:14.959Z</time>
</trkpt>
<trkpt lat="49.4746782" lon="20.9562723">
<ele>751.629</ele>
<time>2026-05-21T09:06:18.019Z</time>
</trkpt>
<trkpt lat="49.4751405" lon="20.9562757">
<ele>750.254</ele>
<time>2026-05-21T09:06:21.050Z</time>
</trkpt>
<trkpt lat="49.4756037" lon="20.9562794">
<ele>748.010</ele>
<time>2026-05-21T09:06:24.059Z</time>
</trkpt>
<trkpt lat="49.4760519" lon="20.9562739">
<ele>745.434</ele>
<time>2026-05-21T09:06:27.010Z</time>
</trkpt>
<trkpt lat="49.4764916" lon="20.9563474">
<ele>743.267</ele>
<time>2026-05-21T09:06:29.996Z</time>
</trkpt>
<trkpt lat="49.4769143" lon="20.9564586">
<ele>741.762</ele>
<time>2026-05-21T09:06:32.960Z</time>
</trkpt>
<trkpt lat="49.4773203" lon="20.9565639">
<ele>740.971</ele>
<time>2026-05-21T09:06:35.886Z</time>
</trkpt>
<trkpt lat="49.4777261" lon="20.9566613">
<ele>740.867</ele>
<time>2026-05-21T09:06:38.903Z</time>
</trkpt>
<trkpt lat="49.4781113" lon="20.9567479">
<ele>741.227</ele>
<time>2026-05-21T09:06:41.835Z</time>
</trkpt>
<trkpt lat="49.4785007" lon="20.9568470">
<ele>741.729</ele>
<time>2026-05-21T09:06:44.857Z</time>
</trkpt>
<trkpt lat="49.4788542" lon="20.9569381">
<ele>742.005</ele>
<time>2026-05-21T09:06:47.749Z</time>
</trkpt>
<trkpt lat="49.4791601" lon="20.9570127">
<ele>741.948</ele>
<time>2026-05-21T09:06:50.509Z</time>
</trkpt>
<trkpt lat="49.4793491" lon="20.9570478">
<ele>741.775</ele>
<time>2026-05-21T09:06:52.381Z</time>
</trkpt>
<trkpt lat="49.4796136" lon="20.9570407">
<ele>741.691</ele>
<time>2026-05-21T09:06:55.171Z</time>
</trkpt>
<trkpt lat="49.4798449" lon="20.9568249">
<ele>741.628</ele>
<time>2026-05-21T09:06:58.239Z</time>
</trkpt>
<trkpt lat="49.4799643" lon="20.9564454">
<ele>741.308</ele>
<time>2026-05-21T09:07:01.326Z</time>
</trkpt>
<trkpt lat="49.4800879" lon="20.9560501">
<ele>740.485</ele>
<time>2026-05-21T09:07:04.402Z</time>
</trkpt>
<trkpt lat="49.4803612" lon="20.9558976">
<ele>739.391</ele>
<time>2026-05-21T09:07:07.470Z</time>
</trkpt>
<trkpt lat="49.4806641" lon="20.9559530">
<ele>738.559</ele>
<time>2026-05-21T09:07:10.522Z</time>
</trkpt>
<trkpt lat="49.4809941" lon="20.9560532">
<ele>738.087</ele>
<time>2026-05-21T09:07:13.589Z</time>
</trkpt>
<trkpt lat="49.4813513" lon="20.9561486">
<ele>737.584</ele>
<time>2026-05-21T09:07:16.675Z</time>
</trkpt>
<trkpt lat="49.4816865" lon="20.9563251">
<ele>736.579</ele>
<time>2026-05-21T09:07:19.657Z</time>
</trkpt>
<trkpt lat="49.4820066" lon="20.9564815">
<ele>735.038</ele>
<time>2026-05-21T09:07:22.577Z</time>
</trkpt>
<trkpt lat="49.4823409" lon="20.9565674">
<ele>733.555</ele>
<time>2026-05-21T09:07:25.562Z</time>
</trkpt>
<trkpt lat="49.4827229" lon="20.9566226">
<ele>732.380</ele>
<time>2026-05-21T09:07:28.775Z</time>
</trkpt>
<trkpt lat="49.4831241" lon="20.9566715">
<ele>731.206</ele>
<time>2026-05-21T09:07:31.961Z</time>
</trkpt>
<trkpt lat="49.4835311" lon="20.9567390">
<ele>729.747</ele>
<time>2026-05-21T09:07:35.113Z</time>
</trkpt>
<trkpt lat="49.4839167" lon="20.9567472">
<ele>727.693</ele>
<time>2026-05-21T09:07:38.072Z</time>
</trkpt>
<trkpt lat="49.4842939" lon="20.9567385">
<ele>725.198</ele>
<time>2026-05-21T09:07:41.015Z</time>
</trkpt>
<trkpt lat="49.4846515" lon="20.9566151">
<ele>722.961</ele>
<time>2026-05-21T09:07:43.956Z</time>
</trkpt>
<trkpt lat="49.4850031" lon="20.9564559">
<ele>721.065</ele>
<time>2026-05-21T09:07:46.974Z</time>
</trkpt>
<trkpt lat="49.4853574" lon="20.9563895">
<ele>719.276</ele>
<time>2026-05-21T09:07:49.971Z</time>
</trkpt>
<trkpt lat="49.4856531" lon="20.9566419">
<ele>717.779</ele>
<time>2026-05-21T09:07:52.857Z</time>
</trkpt>
<trkpt lat="49.4859447" lon="20.9569986">
<ele>716.735</ele>
<time>2026-05-21T09:07:56.037Z</time>
</trkpt>
<trkpt lat="49.4862153" lon="20.9573287">
<ele>715.885</ele>
<time>2026-05-21T09:07:59.057Z</time>
</trkpt>
<trkpt lat="49.4864844" lon="20.9576139">
<ele>714.780</ele>
<time>2026-05-21T09:08:02.010Z</time>
</trkpt>
<trkpt lat="49.4868095" lon="20.9578042">
<ele>713.306</ele>
<time>2026-05-21T09:08:05.096Z</time>
</trkpt>
<trkpt lat="49.4871730" lon="20.9579512">
<ele>711.767</ele>
<time>2026-05-21T09:08:08.275Z</time>
</trkpt>
<trkpt lat="49.4875381" lon="20.9580993">
<ele>710.280</ele>
<time>2026-05-21T09:08:11.348Z</time>
</trkpt>
<trkpt lat="49.4879189" lon="20.9581221">
<ele>708.628</ele>
<time>2026-05-21T09:08:14.361Z</time>
</trkpt>
<trkpt lat="49.4883176" lon="20.9580825">
<ele>706.767</ele>
<time>2026-05-21T09:08:17.557Z</time>
</trkpt>
<trkpt lat="49.4886662" lon="20.9580095">
<ele>704.841</ele>
<time>2026-05-21T09:08:20.692Z</time>
</trkpt>
<trkpt lat="49.4888842" lon="20.9576741">
<ele>702.915</ele>
<time>2026-05-21T09:08:23.820Z</time>
</trkpt>
<trkpt lat="49.4889928" lon="20.9572642">
<ele>700.692</ele>
<time>2026-05-21T09:08:26.969Z</time>
</trkpt>
<trkpt lat="49.4889502" lon="20.9568865">
<ele>697.763</ele>
<time>2026-05-21T09:08:29.697Z</time>
</trkpt>
<trkpt lat="49.4887773" lon="20.9565087">
<ele>694.420</ele>
<time>2026-05-21T09:08:32.626Z</time>
</trkpt>
<trkpt lat="49.4885445" lon="20.9560757">
<ele>691.607</ele>
<time>2026-05-21T09:08:35.673Z</time>
</trkpt>
<trkpt lat="49.4883194" lon="20.9555874">
<ele>689.780</ele>
<time>2026-05-21T09:08:38.634Z</time>
</trkpt>
<trkpt lat="49.4881166" lon="20.9550542">
<ele>688.583</ele>
<time>2026-05-21T09:08:41.668Z</time>
</trkpt>
<trkpt lat="49.4879379" lon="20.9545624">
<ele>687.401</ele>
<time>2026-05-21T09:08:44.706Z</time>
</trkpt>
<trkpt lat="49.4877424" lon="20.9542554">
<ele>685.864</ele>
<time>2026-05-21T09:08:47.356Z</time>
</trkpt>
<trkpt lat="49.4875710" lon="20.9541303">
<ele>683.849</ele>
<time>2026-05-21T09:08:49.311Z</time>
</trkpt>
<trkpt lat="49.4874108" lon="20.9539997">
<ele>681.626</ele>
<time>2026-05-21T09:08:51.246Z</time>
</trkpt>
<trkpt lat="49.4872466" lon="20.9536924">
<ele>679.880</ele>
<time>2026-05-21T09:08:54.128Z</time>
</trkpt>
<trkpt lat="49.4872117" lon="20.9534341">
<ele>679.007</ele>
<time>2026-05-21T09:08:56.209Z</time>
</trkpt>
<trkpt lat="49.4871814" lon="20.9531926">
<ele>678.673</ele>
<time>2026-05-21T09:08:58.235Z</time>
</trkpt>
<trkpt lat="49.4870016" lon="20.9529281">
<ele>678.353</ele>
<time>2026-05-21T09:09:01.338Z</time>
</trkpt>
<trkpt lat="49.4867524" lon="20.9527873">
<ele>677.702</ele>
<time>2026-05-21T09:09:04.561Z</time>
</trkpt>
<trkpt lat="49.4866001" lon="20.9525020">
<ele>676.645</ele>
<time>2026-05-21T09:09:07.532Z</time>
</trkpt>
<trkpt lat="49.4866062" lon="20.9520991">
<ele>675.399</ele>
<time>2026-05-21T09:09:10.765Z</time>
</trkpt>
<trkpt lat="49.4865317" lon="20.9517208">
<ele>674.352</ele>
<time>2026-05-21T09:09:13.805Z</time>
</trkpt>
<trkpt lat="49.4862893" lon="20.9514204">
<ele>673.746</ele>
<time>2026-05-21T09:09:17.337Z</time>
</trkpt>
<trkpt lat="49.4861179" lon="20.9510892">
<ele>673.473</ele>
<time>2026-05-21T09:09:20.484Z</time>
</trkpt>
<trkpt lat="49.4861876" lon="20.9506683">
<ele>673.054</ele>
<time>2026-05-21T09:09:23.561Z</time>
</trkpt>
<trkpt lat="49.4864609" lon="20.9504970">
<ele>672.313</ele>
<time>2026-05-21T09:09:26.448Z</time>
</trkpt>
<trkpt lat="49.4867720" lon="20.9505530">
<ele>671.824</ele>
<time>2026-05-21T09:09:29.145Z</time>
</trkpt>
<trkpt lat="49.4871336" lon="20.9506642">
<ele>671.987</ele>
<time>2026-05-21T09:09:31.979Z</time>
</trkpt>
<trkpt lat="49.4875276" lon="20.9508865">
<ele>672.331</ele>
<time>2026-05-21T09:09:34.932Z</time>
</trkpt>
<trkpt lat="49.4879606" lon="20.9511358">
<ele>672.248</ele>
<time>2026-05-21T09:09:38.050Z</time>
</trkpt>
<trkpt lat="49.4883821" lon="20.9513338">
<ele>671.287</ele>
<time>2026-05-21T09:09:41.002Z</time>
</trkpt>
<trkpt lat="49.4888264" lon="20.9515045">
<ele>669.153</ele>
<time>2026-05-21T09:09:44.115Z</time>
</trkpt>
<trkpt lat="49.4892193" lon="20.9517280">
<ele>665.978</ele>
<time>2026-05-21T09:09:47.096Z</time>
</trkpt>
<trkpt lat="49.4896228" lon="20.9518678">
<ele>661.891</ele>
<time>2026-05-21T09:09:50.212Z</time>
</trkpt>
<trkpt lat="49.4899900" lon="20.9520333">
<ele>657.297</ele>
<time>2026-05-21T09:09:53.183Z</time>
</trkpt>
<trkpt lat="49.4903874" lon="20.9520507">
<ele>653.335</ele>
<time>2026-05-21T09:09:56.272Z</time>
</trkpt>
<trkpt lat="49.4907802" lon="20.9520115">
<ele>650.634</ele>
<time>2026-05-21T09:09:59.474Z</time>
</trkpt>
<trkpt lat="49.4911325" lon="20.9519818">
<ele>648.547</ele>
<time>2026-05-21T09:10:02.583Z</time>
</trkpt>
<trkpt lat="49.4914523" lon="20.9517761">
<ele>646.400</ele>
<time>2026-05-21T09:10:05.515Z</time>
</trkpt>
<trkpt lat="49.4917744" lon="20.9514031">
<ele>644.094</ele>
<time>2026-05-21T09:10:08.666Z</time>
</trkpt>
<trkpt lat="49.4920984" lon="20.9510354">
<ele>641.711</ele>
<time>2026-05-21T09:10:11.908Z</time>
</trkpt>
<trkpt lat="49.4923561" lon="20.9506504">
<ele>639.164</ele>
<time>2026-05-21T09:10:15.053Z</time>
</trkpt>
<trkpt lat="49.4924894" lon="20.9501854">
<ele>636.472</ele>
<time>2026-05-21T09:10:18.054Z</time>
</trkpt>
<trkpt lat="49.4925544" lon="20.9496750">
<ele>634.173</ele>
<time>2026-05-21T09:10:21.187Z</time>
</trkpt>
<trkpt lat="49.4924731" lon="20.9491840">
<ele>632.776</ele>
<time>2026-05-21T09:10:24.245Z</time>
</trkpt>
<trkpt lat="49.4922407" lon="20.9488114">
<ele>632.104</ele>
<time>2026-05-21T09:10:27.257Z</time>
</trkpt>
<trkpt lat="49.4919083" lon="20.9486536">
<ele>631.734</ele>
<time>2026-05-21T09:10:30.337Z</time>
</trkpt>
<trkpt lat="49.4915796" lon="20.9484672">
<ele>631.281</ele>
<time>2026-05-21T09:10:33.790Z</time>
</trkpt>
<trkpt lat="49.4914247" lon="20.9480718">
<ele>630.191</ele>
<time>2026-05-21T09:10:37.009Z</time>
</trkpt>
<trkpt lat="49.4915445" lon="20.9476908">
<ele>628.322</ele>
<time>2026-05-21T09:10:39.824Z</time>
</trkpt>
<trkpt lat="49.4917402" lon="20.9473432">
<ele>626.270</ele>
<time>2026-05-21T09:10:42.696Z</time>
</trkpt>
<trkpt lat="49.4919875" lon="20.9470318">
<ele>624.602</ele>
<time>2026-05-21T09:10:45.754Z</time>
</trkpt>
<trkpt lat="49.4922844" lon="20.9469795">
<ele>623.470</ele>
<time>2026-05-21T09:10:48.574Z</time>
</trkpt>
<trkpt lat="49.4925906" lon="20.9471069">
<ele>623.087</ele>
<time>2026-05-21T09:10:51.332Z</time>
</trkpt>
<trkpt lat="49.4929556" lon="20.9472636">
<ele>623.384</ele>
<time>2026-05-21T09:10:54.442Z</time>
</trkpt>
<trkpt lat="49.4931790" lon="20.9473547">
<ele>623.823</ele>
<time>2026-05-21T09:10:56.329Z</time>
</trkpt>
<trkpt lat="49.4935529" lon="20.9475045">
<ele>623.681</ele>
<time>2026-05-21T09:10:59.460Z</time>
</trkpt>
<trkpt lat="49.4939224" lon="20.9476753">
<ele>622.464</ele>
<time>2026-05-21T09:11:02.714Z</time>
</trkpt>
<trkpt lat="49.4942584" lon="20.9478061">
<ele>620.090</ele>
<time>2026-05-21T09:11:05.911Z</time>
</trkpt>
<trkpt lat="49.4944612" lon="20.9478988">
<ele>616.627</ele>
<time>2026-05-21T09:11:08.182Z</time>
</trkpt>
<trkpt lat="49.4946393" lon="20.9480470">
<ele>612.541</ele>
<time>2026-05-21T09:11:10.467Z</time>
</trkpt>
<trkpt lat="49.4947311" lon="20.9484020">
<ele>608.785</ele>
<time>2026-05-21T09:11:13.186Z</time>
</trkpt>
<trkpt lat="49.4946666" lon="20.9488095">
<ele>605.799</ele>
<time>2026-05-21T09:11:15.868Z</time>
</trkpt>
<trkpt lat="49.4945820" lon="20.9492836">
<ele>603.317</ele>
<time>2026-05-21T09:11:18.709Z</time>
</trkpt>
<trkpt lat="49.4944885" lon="20.9497926">
<ele>600.956</ele>
<time>2026-05-21T09:11:21.529Z</time>
</trkpt>
<trkpt lat="49.4944393" lon="20.9503762">
<ele>598.706</ele>
<time>2026-05-21T09:11:24.430Z</time>
</trkpt>
<trkpt lat="49.4944289" lon="20.9510063">
<ele>596.799</ele>
<time>2026-05-21T09:11:27.384Z</time>
</trkpt>
<trkpt lat="49.4944593" lon="20.9516575">
<ele>594.784</ele>
<time>2026-05-21T09:11:30.418Z</time>
</trkpt>
<trkpt lat="49.4945151" lon="20.9523003">
<ele>592.228</ele>
<time>2026-05-21T09:11:33.572Z</time>
</trkpt>
<trkpt lat="49.4945821" lon="20.9528889">
<ele>589.332</ele>
<time>2026-05-21T09:11:36.655Z</time>
</trkpt>
<trkpt lat="49.4947203" lon="20.9534062">
<ele>586.193</ele>
<time>2026-05-21T09:11:39.522Z</time>
</trkpt>
<trkpt lat="49.4949465" lon="20.9539056">
<ele>583.096</ele>
<time>2026-05-21T09:11:42.525Z</time>
</trkpt>
<trkpt lat="49.4951833" lon="20.9544137">
<ele>580.431</ele>
<time>2026-05-21T09:11:45.605Z</time>
</trkpt>
<trkpt lat="49.4954271" lon="20.9548876">
<ele>578.207</ele>
<time>2026-05-21T09:11:48.667Z</time>
</trkpt>
<trkpt lat="49.4956698" lon="20.9553145">
<ele>576.497</ele>
<time>2026-05-21T09:11:51.526Z</time>
</trkpt>
<trkpt lat="49.4960159" lon="20.9555945">
<ele>574.907</ele>
<time>2026-05-21T09:11:54.355Z</time>
</trkpt>
<trkpt lat="49.4964032" lon="20.9558796">
<ele>572.647</ele>
<time>2026-05-21T09:11:57.279Z</time>
</trkpt>
<trkpt lat="49.4968059" lon="20.9561776">
<ele>569.740</ele>
<time>2026-05-21T09:12:00.386Z</time>
</trkpt>
<trkpt lat="49.4971821" lon="20.9564615">
<ele>566.856</ele>
<time>2026-05-21T09:12:03.502Z</time>
</trkpt>
<trkpt lat="49.4975283" lon="20.9567060">
<ele>564.492</ele>
<time>2026-05-21T09:12:06.426Z</time>
</trkpt>
<trkpt lat="49.4978852" lon="20.9569573">
<ele>562.713</ele>
<time>2026-05-21T09:12:09.383Z</time>
</trkpt>
<trkpt lat="49.4982394" lon="20.9572570">
<ele>561.180</ele>
<time>2026-05-21T09:12:12.340Z</time>
</trkpt>
<trkpt lat="49.4986071" lon="20.9575608">
<ele>559.414</ele>
<time>2026-05-21T09:12:15.381Z</time>
</trkpt>
<trkpt lat="49.4989543" lon="20.9578738">
<ele>557.319</ele>
<time>2026-05-21T09:12:18.369Z</time>
</trkpt>
<trkpt lat="49.4992977" lon="20.9581751">
<ele>555.074</ele>
<time>2026-05-21T09:12:21.305Z</time>
</trkpt>
<trkpt lat="49.4996386" lon="20.9585135">
<ele>552.769</ele>
<time>2026-05-21T09:12:24.274Z</time>
</trkpt>
<trkpt lat="49.4999740" lon="20.9588844">
<ele>550.293</ele>
<time>2026-05-21T09:12:27.335Z</time>
</trkpt>
<trkpt lat="49.5002948" lon="20.9592419">
<ele>547.658</ele>
<time>2026-05-21T09:12:30.443Z</time>
</trkpt>
<trkpt lat="49.5005917" lon="20.9595695">
<ele>544.982</ele>
<time>2026-05-21T09:12:33.633Z</time>
</trkpt>
<trkpt lat="49.5008749" lon="20.9598046">
<ele>542.319</ele>
<time>2026-05-21T09:12:36.685Z</time>
</trkpt>
<trkpt lat="49.5011842" lon="20.9598255">
<ele>539.785</ele>
<time>2026-05-21T09:12:39.712Z</time>
</trkpt>
<trkpt lat="49.5014877" lon="20.9597683">
<ele>537.858</ele>
<time>2026-05-21T09:12:42.744Z</time>
</trkpt>
<trkpt lat="49.5017928" lon="20.9598284">
<ele>536.742</ele>
<time>2026-05-21T09:12:45.720Z</time>
</trkpt>
<trkpt lat="49.5020258" lon="20.9601464">
<ele>535.751</ele>
<time>2026-05-21T09:12:48.506Z</time>
</trkpt>
<trkpt lat="49.5020990" lon="20.9606502">
<ele>534.394</ele>
<time>2026-05-21T09:12:51.141Z</time>
</trkpt>
<trkpt lat="49.5020687" lon="20.9612773">
<ele>533.182</ele>
<time>2026-05-21T09:12:53.934Z</time>
</trkpt>
<trkpt lat="49.5020345" lon="20.9619720">
<ele>532.273</ele>
<time>2026-05-21T09:12:56.786Z</time>
</trkpt>
<trkpt lat="49.5019921" lon="20.9627336">
<ele>531.352</ele>
<time>2026-05-21T09:12:59.768Z</time>
</trkpt>
<trkpt lat="49.5019627" lon="20.9632475">
<ele>530.501</ele>
<time>2026-05-21T09:13:01.747Z</time>
</trkpt>
<trkpt lat="49.5019210" lon="20.9640287">
<ele>529.827</ele>
<time>2026-05-21T09:13:04.742Z</time>
</trkpt>
<trkpt lat="49.5018957" lon="20.9645394">
<ele>529.275</ele>
<time>2026-05-21T09:13:06.705Z</time>
</trkpt>
<trkpt lat="49.5018575" lon="20.9653103">
<ele>528.887</ele>
<time>2026-05-21T09:13:09.824Z</time>
</trkpt>
<trkpt lat="49.5018021" lon="20.9659905">
<ele>528.629</ele>
<time>2026-05-21T09:13:12.910Z</time>
</trkpt>
<trkpt lat="49.5018049" lon="20.9666140">
<ele>528.439</ele>
<time>2026-05-21T09:13:15.850Z</time>
</trkpt>
<trkpt lat="49.5019540" lon="20.9672159">
<ele>527.765</ele>
<time>2026-05-21T09:13:18.776Z</time>
</trkpt>
<trkpt lat="49.5021443" lon="20.9678266">
<ele>526.114</ele>
<time>2026-05-21T09:13:21.709Z</time>
</trkpt>
<trkpt lat="49.5023211" lon="20.9684749">
<ele>524.055</ele>
<time>2026-05-21T09:13:24.690Z</time>
</trkpt>
<trkpt lat="49.5024936" lon="20.9691204">
<ele>522.492</ele>
<time>2026-05-21T09:13:27.673Z</time>
</trkpt>
<trkpt lat="49.5026787" lon="20.9697483">
<ele>521.544</ele>
<time>2026-05-21T09:13:30.686Z</time>
</trkpt>
<trkpt lat="49.5028607" lon="20.9703599">
<ele>520.983</ele>
<time>2026-05-21T09:13:33.673Z</time>
</trkpt>
<trkpt lat="49.5030437" lon="20.9709651">
<ele>520.629</ele>
<time>2026-05-21T09:13:36.614Z</time>
</trkpt>
<trkpt lat="49.5032194" lon="20.9715755">
<ele>520.187</ele>
<time>2026-05-21T09:13:39.528Z</time>
</trkpt>
<trkpt lat="49.5034055" lon="20.9721831">
<ele>519.310</ele>
<time>2026-05-21T09:13:42.430Z</time>
</trkpt>
<trkpt lat="49.5035767" lon="20.9728187">
<ele>517.947</ele>
<time>2026-05-21T09:13:45.318Z</time>
</trkpt>
<trkpt lat="49.5037673" lon="20.9734748">
<ele>516.425</ele>
<time>2026-05-21T09:13:48.250Z</time>
</trkpt>
<trkpt lat="49.5039627" lon="20.9741234">
<ele>514.803</ele>
<time>2026-05-21T09:13:51.156Z</time>
</trkpt>
<trkpt lat="49.5041423" lon="20.9747715">
<ele>512.883</ele>
<time>2026-05-21T09:13:54.021Z</time>
</trkpt>
<trkpt lat="49.5043366" lon="20.9754399">
<ele>510.519</ele>
<time>2026-05-21T09:13:56.963Z</time>
</trkpt>
<trkpt lat="49.5045409" lon="20.9761156">
<ele>507.658</ele>
<time>2026-05-21T09:13:59.985Z</time>
</trkpt>
<trkpt lat="49.5047304" lon="20.9767584">
<ele>504.717</ele>
<time>2026-05-21T09:14:03.099Z</time>
</trkpt>
<trkpt lat="49.5049193" lon="20.9772723">
<ele>502.477</ele>
<time>2026-05-21T09:14:06.042Z</time>
</trkpt>
<trkpt lat="49.5051977" lon="20.9776220">
<ele>500.994</ele>
<time>2026-05-21T09:14:08.846Z</time>
</trkpt>
<trkpt lat="49.5055296" lon="20.9779704">
<ele>499.875</ele>
<time>2026-05-21T09:14:11.750Z</time>
</trkpt>
<trkpt lat="49.5058954" lon="20.9783581">
<ele>499.002</ele>
<time>2026-05-21T09:14:14.743Z</time>
</trkpt>
<trkpt lat="49.5062713" lon="20.9787489">
<ele>498.353</ele>
<time>2026-05-21T09:14:17.726Z</time>
</trkpt>
<trkpt lat="49.5066504" lon="20.9791280">
<ele>497.571</ele>
<time>2026-05-21T09:14:20.710Z</time>
</trkpt>
<trkpt lat="49.5070163" lon="20.9795248">
<ele>496.519</ele>
<time>2026-05-21T09:14:23.721Z</time>
</trkpt>
<trkpt lat="49.5073798" lon="20.9798765">
<ele>495.386</ele>
<time>2026-05-21T09:14:26.656Z</time>
</trkpt>
<trkpt lat="49.5077832" lon="20.9801308">
<ele>494.216</ele>
<time>2026-05-21T09:14:29.588Z</time>
</trkpt>
<trkpt lat="49.5082305" lon="20.9802805">
<ele>492.980</ele>
<time>2026-05-21T09:14:32.543Z</time>
</trkpt>
<trkpt lat="49.5086969" lon="20.9804429">
<ele>491.710</ele>
<time>2026-05-21T09:14:35.511Z</time>
</trkpt>
<trkpt lat="49.5091587" lon="20.9807363">
<ele>490.325</ele>
<time>2026-05-21T09:14:38.523Z</time>
</trkpt>
<trkpt lat="49.5096158" lon="20.9810498">
<ele>489.005</ele>
<time>2026-05-21T09:14:41.489Z</time>
</trkpt>
<trkpt lat="49.5100781" lon="20.9813753">
<ele>487.836</ele>
<time>2026-05-21T09:14:44.485Z</time>
</trkpt>
<trkpt lat="49.5105414" lon="20.9816835">
<ele>486.515</ele>
<time>2026-05-21T09:14:47.465Z</time>
</trkpt>
<trkpt lat="49.5109975" lon="20.9819976">
<ele>484.957</ele>
<time>2026-05-21T09:14:50.434Z</time>
</trkpt>
<trkpt lat="49.5114472" lon="20.9823152">
<ele>483.646</ele>
<time>2026-05-21T09:14:53.447Z</time>
</trkpt>
<trkpt lat="49.5118145" lon="20.9827396">
<ele>482.934</ele>
<time>2026-05-21T09:14:56.386Z</time>
</trkpt>
<trkpt lat="49.5121220" lon="20.9832244">
<ele>482.382</ele>
<time>2026-05-21T09:14:59.382Z</time>
</trkpt>
<trkpt lat="49.5124581" lon="20.9835637">
<ele>481.034</ele>
<time>2026-05-21T09:15:02.253Z</time>
</trkpt>
<trkpt lat="49.5128446" lon="20.9838043">
<ele>478.430</ele>
<time>2026-05-21T09:15:05.273Z</time>
</trkpt>
<trkpt lat="49.5132318" lon="20.9840525">
<ele>475.305</ele>
<time>2026-05-21T09:15:08.367Z</time>
</trkpt>
<trkpt lat="49.5135756" lon="20.9842643">
<ele>472.736</ele>
<time>2026-05-21T09:15:11.316Z</time>
</trkpt>
<trkpt lat="49.5137783" lon="20.9843828">
<ele>471.111</ele>
<time>2026-05-21T09:15:13.248Z</time>
</trkpt>
<trkpt lat="49.5140693" lon="20.9845849">
<ele>470.238</ele>
<time>2026-05-21T09:15:16.190Z</time>
</trkpt>
<trkpt lat="49.5142810" lon="20.9847127">
<ele>469.848</ele>
<time>2026-05-21T09:15:18.228Z</time>
</trkpt>
<trkpt lat="49.5146107" lon="20.9849197">
<ele>469.707</ele>
<time>2026-05-21T09:15:21.241Z</time>
</trkpt>
<trkpt lat="49.5149671" lon="20.9851457">
<ele>469.726</ele>
<time>2026-05-21T09:15:24.257Z</time>
</trkpt>
<trkpt lat="49.5153442" lon="20.9853857">
<ele>469.969</ele>
<time>2026-05-21T09:15:27.239Z</time>
</trkpt>
<trkpt lat="49.5157462" lon="20.9856363">
<ele>470.588</ele>
<time>2026-05-21T09:15:30.247Z</time>
</trkpt>
<trkpt lat="49.5161626" lon="20.9859048">
<ele>471.389</ele>
<time>2026-05-21T09:15:33.309Z</time>
</trkpt>
<trkpt lat="49.5165785" lon="20.9861659">
<ele>471.858</ele>
<time>2026-05-21T09:15:36.388Z</time>
</trkpt>
<trkpt lat="49.5169845" lon="20.9864193">
<ele>471.732</ele>
<time>2026-05-21T09:15:39.451Z</time>
</trkpt>
<trkpt lat="49.5173769" lon="20.9866711">
<ele>471.063</ele>
<time>2026-05-21T09:15:42.458Z</time>
</trkpt>
<trkpt lat="49.5177594" lon="20.9869169">
<ele>470.028</ele>
<time>2026-05-21T09:15:45.407Z</time>
</trkpt>
<trkpt lat="49.5181405" lon="20.9871589">
<ele>469.006</ele>
<time>2026-05-21T09:15:48.321Z</time>
</trkpt>
<trkpt lat="49.5185403" lon="20.9874082">
<ele>468.381</ele>
<time>2026-05-21T09:15:51.303Z</time>
</trkpt>
<trkpt lat="49.5189466" lon="20.9876676">
<ele>468.073</ele>
<time>2026-05-21T09:15:54.270Z</time>
</trkpt>
<trkpt lat="49.5193769" lon="20.9879308">
<ele>467.480</ele>
<time>2026-05-21T09:15:57.319Z</time>
</trkpt>
<trkpt lat="49.5198123" lon="20.9882087">
<ele>466.143</ele>
<time>2026-05-21T09:16:00.363Z</time>
</trkpt>
<trkpt lat="49.5202426" lon="20.9884729">
<ele>464.339</ele>
<time>2026-05-21T09:16:03.344Z</time>
</trkpt>
<trkpt lat="49.5206629" lon="20.9887348">
<ele>462.713</ele>
<time>2026-05-21T09:16:06.300Z</time>
</trkpt>
<trkpt lat="49.5210668" lon="20.9890053">
<ele>461.556</ele>
<time>2026-05-21T09:16:09.257Z</time>
</trkpt>
<trkpt lat="49.5214489" lon="20.9892911">
<ele>460.735</ele>
<time>2026-05-21T09:16:12.200Z</time>
</trkpt>
<trkpt lat="49.5218267" lon="20.9895701">
<ele>460.108</ele>
<time>2026-05-21T09:16:15.164Z</time>
</trkpt>
<trkpt lat="49.5221985" lon="20.9898533">
<ele>459.742</ele>
<time>2026-05-21T09:16:18.123Z</time>
</trkpt>
<trkpt lat="49.5225780" lon="20.9901476">
<ele>459.443</ele>
<time>2026-05-21T09:16:21.182Z</time>
</trkpt>
<trkpt lat="49.5229244" lon="20.9904110">
<ele>458.500</ele>
<time>2026-05-21T09:16:24.096Z</time>
</trkpt>
<trkpt lat="49.5232822" lon="20.9904749">
<ele>456.676</ele>
<time>2026-05-21T09:16:26.969Z</time>
</trkpt>
<trkpt lat="49.5236547" lon="20.9903122">
<ele>454.303</ele>
<time>2026-05-21T09:16:30.023Z</time>
</trkpt>
<trkpt lat="49.5240382" lon="20.9901528">
<ele>451.836</ele>
<time>2026-05-21T09:16:33.025Z</time>
</trkpt>
<trkpt lat="49.5243867" lon="20.9898124">
<ele>449.517</ele>
<time>2026-05-21T09:16:36.013Z</time>
</trkpt>
<trkpt lat="49.5247113" lon="20.9893592">
<ele>447.351</ele>
<time>2026-05-21T09:16:38.994Z</time>
</trkpt>
<trkpt lat="49.5250580" lon="20.9888769">
<ele>445.597</ele>
<time>2026-05-21T09:16:42.026Z</time>
</trkpt>
<trkpt lat="49.5254037" lon="20.9884199">
<ele>444.718</ele>
<time>2026-05-21T09:16:44.969Z</time>
</trkpt>
<trkpt lat="49.5257766" lon="20.9880227">
<ele>444.552</ele>
<time>2026-05-21T09:16:47.946Z</time>
</trkpt>
<trkpt lat="49.5262218" lon="20.9878205">
<ele>444.678</ele>
<time>2026-05-21T09:16:50.985Z</time>
</trkpt>
<trkpt lat="49.5266894" lon="20.9876633">
<ele>444.791</ele>
<time>2026-05-21T09:16:54.045Z</time>
</trkpt>
<trkpt lat="49.5271607" lon="20.9875001">
<ele>444.728</ele>
<time>2026-05-21T09:16:57.090Z</time>
</trkpt>
<trkpt lat="49.5276290" lon="20.9873414">
<ele>444.214</ele>
<time>2026-05-21T09:17:00.109Z</time>
</trkpt>
<trkpt lat="49.5281057" lon="20.9871597">
<ele>443.042</ele>
<time>2026-05-21T09:17:03.206Z</time>
</trkpt>
<trkpt lat="49.5285818" lon="20.9870592">
<ele>441.490</ele>
<time>2026-05-21T09:17:06.268Z</time>
</trkpt>
<trkpt lat="49.5290475" lon="20.9870446">
<ele>440.102</ele>
<time>2026-05-21T09:17:09.265Z</time>
</trkpt>
<trkpt lat="49.5293489" lon="20.9870315">
<ele>439.204</ele>
<time>2026-05-21T09:17:11.232Z</time>
</trkpt>
<trkpt lat="49.5296465" lon="20.9869999">
<ele>438.756</ele>
<time>2026-05-21T09:17:13.211Z</time>
</trkpt>
<trkpt lat="49.5300893" lon="20.9869498">
<ele>438.595</ele>
<time>2026-05-21T09:17:16.177Z</time>
</trkpt>
<trkpt lat="49.5303838" lon="20.9868694">
<ele>438.701</ele>
<time>2026-05-21T09:17:18.167Z</time>
</trkpt>
<trkpt lat="49.5308061" lon="20.9866496">
<ele>438.971</ele>
<time>2026-05-21T09:17:21.123Z</time>
</trkpt>
<trkpt lat="49.5310886" lon="20.9865137">
<ele>439.145</ele>
<time>2026-05-21T09:17:23.083Z</time>
</trkpt>
<trkpt lat="49.5315236" lon="20.9862710">
<ele>438.996</ele>
<time>2026-05-21T09:17:26.136Z</time>
</trkpt>
<trkpt lat="49.5319645" lon="20.9860134">
<ele>438.321</ele>
<time>2026-05-21T09:17:29.212Z</time>
</trkpt>
<trkpt lat="49.5324043" lon="20.9857850">
<ele>437.045</ele>
<time>2026-05-21T09:17:32.194Z</time>
</trkpt>
<trkpt lat="49.5328598" lon="20.9855521">
<ele>435.509</ele>
<time>2026-05-21T09:17:35.191Z</time>
</trkpt>
<trkpt lat="49.5333477" lon="20.9853092">
<ele>434.338</ele>
<time>2026-05-21T09:17:38.254Z</time>
</trkpt>
<trkpt lat="49.5338626" lon="20.9850412">
<ele>433.790</ele>
<time>2026-05-21T09:17:41.345Z</time>
</trkpt>
<trkpt lat="49.5343991" lon="20.9848002">
<ele>433.072</ele>
<time>2026-05-21T09:17:44.404Z</time>
</trkpt>
<trkpt lat="49.5349320" lon="20.9845564">
<ele>431.279</ele>
<time>2026-05-21T09:17:47.405Z</time>
</trkpt>
<trkpt lat="49.5354668" lon="20.9843305">
<ele>428.552</ele>
<time>2026-05-21T09:17:50.421Z</time>
</trkpt>
<trkpt lat="49.5359888" lon="20.9841273">
<ele>425.804</ele>
<time>2026-05-21T09:17:53.443Z</time>
</trkpt>
<trkpt lat="49.5364722" lon="20.9839126">
<ele>423.832</ele>
<time>2026-05-21T09:17:56.436Z</time>
</trkpt>
<trkpt lat="49.5369327" lon="20.9837104">
<ele>422.902</ele>
<time>2026-05-21T09:17:59.501Z</time>
</trkpt>
<trkpt lat="49.5373534" lon="20.9835154">
<ele>422.571</ele>
<time>2026-05-21T09:18:02.503Z</time>
</trkpt>
<trkpt lat="49.5377739" lon="20.9834554">
<ele>422.069</ele>
<time>2026-05-21T09:18:05.460Z</time>
</trkpt>
<trkpt lat="49.5381898" lon="20.9836447">
<ele>421.117</ele>
<time>2026-05-21T09:18:08.441Z</time>
</trkpt>
<trkpt lat="49.5385682" lon="20.9840262">
<ele>420.290</ele>
<time>2026-05-21T09:18:11.451Z</time>
</trkpt>
<trkpt lat="49.5389173" lon="20.9844754">
<ele>420.130</ele>
<time>2026-05-21T09:18:14.442Z</time>
</trkpt>
<trkpt lat="49.5392578" lon="20.9849268">
<ele>420.494</ele>
<time>2026-05-21T09:18:17.497Z</time>
</trkpt>
<trkpt lat="49.5395621" lon="20.9853359">
<ele>420.740</ele>
<time>2026-05-21T09:18:20.534Z</time>
</trkpt>
<trkpt lat="49.5398614" lon="20.9855649">
<ele>420.468</ele>
<time>2026-05-21T09:18:23.344Z</time>
</trkpt>
<trkpt lat="49.5402027" lon="20.9855306">
<ele>419.818</ele>
<time>2026-05-21T09:18:26.240Z</time>
</trkpt>
<trkpt lat="49.5405917" lon="20.9853509">
<ele>418.991</ele>
<time>2026-05-21T09:18:29.325Z</time>
</trkpt>
<trkpt lat="49.5410196" lon="20.9851715">
<ele>418.177</ele>
<time>2026-05-21T09:18:32.368Z</time>
</trkpt>
<trkpt lat="49.5414590" lon="20.9849822">
<ele>417.610</ele>
<time>2026-05-21T09:18:35.429Z</time>
</trkpt>
<trkpt lat="49.5418587" lon="20.9848208">
<ele>417.190</ele>
<time>2026-05-21T09:18:38.319Z</time>
</trkpt>
<trkpt lat="49.5422622" lon="20.9847626">
<ele>416.560</ele>
<time>2026-05-21T09:18:41.277Z</time>
</trkpt>
<trkpt lat="49.5426688" lon="20.9848360">
<ele>415.705</ele>
<time>2026-05-21T09:18:44.367Z</time>
</trkpt>
<trkpt lat="49.5429929" lon="20.9850926">
<ele>415.047</ele>
<time>2026-05-21T09:18:47.297Z</time>
</trkpt>
<trkpt lat="49.5433296" lon="20.9851820">
<ele>414.680</ele>
<time>2026-05-21T09:18:50.194Z</time>
</trkpt>
<trkpt lat="49.5436754" lon="20.9850193">
<ele>414.354</ele>
<time>2026-05-21T09:18:53.190Z</time>
</trkpt>
<trkpt lat="49.5440449" lon="20.9847839">
<ele>414.041</ele>
<time>2026-05-21T09:18:56.275Z</time>
</trkpt>
<trkpt lat="49.5444370" lon="20.9846330">
<ele>413.772</ele>
<time>2026-05-21T09:18:59.291Z</time>
</trkpt>
<trkpt lat="49.5448290" lon="20.9845915">
<ele>413.358</ele>
<time>2026-05-21T09:19:02.252Z</time>
</trkpt>
<trkpt lat="49.5452116" lon="20.9845479">
<ele>412.788</ele>
<time>2026-05-21T09:19:05.217Z</time>
</trkpt>
<trkpt lat="49.5455806" lon="20.9845099">
<ele>412.589</ele>
<time>2026-05-21T09:19:08.171Z</time>
</trkpt>
<trkpt lat="49.5459374" lon="20.9844840">
<ele>413.284</ele>
<time>2026-05-21T09:19:11.090Z</time>
</trkpt>
<trkpt lat="49.5463067" lon="20.9844260">
<ele>414.694</ele>
<time>2026-05-21T09:19:14.092Z</time>
</trkpt>
<trkpt lat="49.5466956" lon="20.9843706">
<ele>416.089</ele>
<time>2026-05-21T09:19:17.130Z</time>
</trkpt>
<trkpt lat="49.5471015" lon="20.9843124">
<ele>416.710</ele>
<time>2026-05-21T09:19:20.174Z</time>
</trkpt>
<trkpt lat="49.5473789" lon="20.9842607">
<ele>416.208</ele>
<time>2026-05-21T09:19:22.160Z</time>
</trkpt>
<trkpt lat="49.5478214" lon="20.9842076">
<ele>415.040</ele>
<time>2026-05-21T09:19:25.198Z</time>
</trkpt>
<trkpt lat="49.5481218" lon="20.9841745">
<ele>413.806</ele>
<time>2026-05-21T09:19:27.228Z</time>
</trkpt>
<trkpt lat="49.5484098" lon="20.9841411">
<ele>412.712</ele>
<time>2026-05-21T09:19:29.216Z</time>
</trkpt>
<trkpt lat="49.5486914" lon="20.9841345">
<ele>411.838</ele>
<time>2026-05-21T09:19:31.206Z</time>
</trkpt>
<trkpt lat="49.5490952" lon="20.9842075">
<ele>411.258</ele>
<time>2026-05-21T09:19:34.160Z</time>
</trkpt>
<trkpt lat="49.5494753" lon="20.9842685">
<ele>410.779</ele>
<time>2026-05-21T09:19:37.043Z</time>
</trkpt>
<trkpt lat="49.5498607" lon="20.9843341">
<ele>409.994</ele>
<time>2026-05-21T09:19:40.031Z</time>
</trkpt>
<trkpt lat="49.5502422" lon="20.9844026">
<ele>408.873</ele>
<time>2026-05-21T09:19:43.013Z</time>
</trkpt>
<trkpt lat="49.5506194" lon="20.9844744">
<ele>407.834</ele>
<time>2026-05-21T09:19:46.012Z</time>
</trkpt>
<trkpt lat="49.5509781" lon="20.9845244">
<ele>406.950</ele>
<time>2026-05-21T09:19:48.982Z</time>
</trkpt>
<trkpt lat="49.5512919" lon="20.9845516">
<ele>406.153</ele>
<time>2026-05-21T09:19:51.781Z</time>
</trkpt>
<trkpt lat="49.5515933" lon="20.9846135">
<ele>405.648</ele>
<time>2026-05-21T09:19:54.674Z</time>
</trkpt>
<trkpt lat="49.5518992" lon="20.9847016">
<ele>405.320</ele>
<time>2026-05-21T09:19:57.647Z</time>
</trkpt>
<trkpt lat="49.5522324" lon="20.9847527">
<ele>404.824</ele>
<time>2026-05-21T09:20:00.701Z</time>
</trkpt>
<trkpt lat="49.5525902" lon="20.9848115">
<ele>404.162</ele>
<time>2026-05-21T09:20:03.775Z</time>
</trkpt>
<trkpt lat="49.5529665" lon="20.9848663">
<ele>403.587</ele>
<time>2026-05-21T09:20:06.837Z</time>
</trkpt>
<trkpt lat="49.5533401" lon="20.9849071">
<ele>403.255</ele>
<time>2026-05-21T09:20:09.797Z</time>
</trkpt>
<trkpt lat="49.5537275" lon="20.9848778">
<ele>403.074</ele>
<time>2026-05-21T09:20:12.858Z</time>
</trkpt>
<trkpt lat="49.5540899" lon="20.9848301">
<ele>402.735</ele>
<time>2026-05-21T09:20:15.786Z</time>
</trkpt>
<trkpt lat="49.5544563" lon="20.9847762">
<ele>402.061</ele>
<time>2026-05-21T09:20:18.773Z</time>
</trkpt>
<trkpt lat="49.5548298" lon="20.9847244">
<ele>401.267</ele>
<time>2026-05-21T09:20:21.756Z</time>
</trkpt>
<trkpt lat="49.5552177" lon="20.9846732">
<ele>400.709</ele>
<time>2026-05-21T09:20:24.775Z</time>
</trkpt>
<trkpt lat="49.5556021" lon="20.9846250">
<ele>400.477</ele>
<time>2026-05-21T09:20:27.743Z</time>
</trkpt>
<trkpt lat="49.5559788" lon="20.9845688">
<ele>400.359</ele>
<time>2026-05-21T09:20:30.686Z</time>
</trkpt>
<trkpt lat="49.5563578" lon="20.9845303">
<ele>399.969</ele>
<time>2026-05-21T09:20:33.652Z</time>
</trkpt>
<trkpt lat="49.5567475" lon="20.9844780">
<ele>399.221</ele>
<time>2026-05-21T09:20:36.667Z</time>
</trkpt>
<trkpt lat="49.5571403" lon="20.9844395">
<ele>398.365</ele>
<time>2026-05-21T09:20:39.650Z</time>
</trkpt>
<trkpt lat="49.5575418" lon="20.9843826">
<ele>397.439</ele>
<time>2026-05-21T09:20:42.672Z</time>
</trkpt>
<trkpt lat="49.5579299" lon="20.9843258">
<ele>396.454</ele>
<time>2026-05-21T09:20:45.618Z</time>
</trkpt>
<trkpt lat="49.5583046" lon="20.9842791">
<ele>395.601</ele>
<time>2026-05-21T09:20:48.536Z</time>
</trkpt>
<trkpt lat="49.5586915" lon="20.9842293">
<ele>394.944</ele>
<time>2026-05-21T09:20:51.560Z</time>
</trkpt>
<trkpt lat="49.5590783" lon="20.9841835">
<ele>394.492</ele>
<time>2026-05-21T09:20:54.553Z</time>
</trkpt>
<trkpt lat="49.5594522" lon="20.9841334">
<ele>394.198</ele>
<time>2026-05-21T09:20:57.480Z</time>
</trkpt>
<trkpt lat="49.5598175" lon="20.9839824">
<ele>393.865</ele>
<time>2026-05-21T09:21:00.461Z</time>
</trkpt>
<trkpt lat="49.5601773" lon="20.9837868">
<ele>393.374</ele>
<time>2026-05-21T09:21:03.457Z</time>
</trkpt>
<trkpt lat="49.5605240" lon="20.9836122">
<ele>392.854</ele>
<time>2026-05-21T09:21:06.358Z</time>
</trkpt>
<trkpt lat="49.5608448" lon="20.9834420">
<ele>392.549</ele>
<time>2026-05-21T09:21:09.198Z</time>
</trkpt>
<trkpt lat="49.5611295" lon="20.9832938">
<ele>392.524</ele>
<time>2026-05-21T09:21:11.936Z</time>
</trkpt>
<trkpt lat="49.5614367" lon="20.9831419">
<ele>392.428</ele>
<time>2026-05-21T09:21:15.002Z</time>
</trkpt>
<trkpt lat="49.5617181" lon="20.9829950">
<ele>391.993</ele>
<time>2026-05-21T09:21:18.002Z</time>
</trkpt>
<trkpt lat="49.5619774" lon="20.9828600">
<ele>391.296</ele>
<time>2026-05-21T09:21:21.002Z</time>
</trkpt>
<trkpt lat="49.5621035" lon="20.9828062">
<ele>390.283</ele>
<time>2026-05-21T09:21:22.571Z</time>
</trkpt>
<trkpt lat="49.5621803" lon="20.9829243">
<ele>388.942</ele>
<time>2026-05-21T09:21:24.309Z</time>
</trkpt>
<trkpt lat="49.5621560" lon="20.9830838">
<ele>387.362</ele>
<time>2026-05-21T09:21:26.318Z</time>
</trkpt>
<trkpt lat="49.5621165" lon="20.9834437">
<ele>385.692</ele>
<time>2026-05-21T09:21:30.946Z</time>
</trkpt>
<trkpt lat="49.5620630" lon="20.9837401">
<ele>384.372</ele>
<time>2026-05-21T09:21:33.307Z</time>
</trkpt>
<trkpt lat="49.5619489" lon="20.9841701">
<ele>383.602</ele>
<time>2026-05-21T09:21:36.425Z</time>
</trkpt>
<trkpt lat="49.5617157" lon="20.9844608">
<ele>383.168</ele>
<time>2026-05-21T09:21:39.423Z</time>
</trkpt>
<trkpt lat="49.5614211" lon="20.9846476">
<ele>383.053</ele>
<time>2026-05-21T09:21:42.522Z</time>
</trkpt>
<trkpt lat="49.5611398" lon="20.9849219">
<ele>383.216</ele>
<time>2026-05-21T09:21:45.589Z</time>
</trkpt>
<trkpt lat="49.5609642" lon="20.9854107">
<ele>383.387</ele>
<time>2026-05-21T09:21:48.708Z</time>
</trkpt>
<trkpt lat="49.5609311" lon="20.9860394">
<ele>383.318</ele>
<time>2026-05-21T09:21:51.902Z</time>
</trkpt>
<trkpt lat="49.5609328" lon="20.9866947">
<ele>383.119</ele>
<time>2026-05-21T09:21:54.986Z</time>
</trkpt>
<trkpt lat="49.5609177" lon="20.9873305">
<ele>383.041</ele>
<time>2026-05-21T09:21:57.941Z</time>
</trkpt>
<trkpt lat="49.5608040" lon="20.9879419">
<ele>383.116</ele>
<time>2026-05-21T09:22:00.925Z</time>
</trkpt>
<trkpt lat="49.5606814" lon="20.9885466">
<ele>383.221</ele>
<time>2026-05-21T09:22:03.915Z</time>
</trkpt>
<trkpt lat="49.5605706" lon="20.9891469">
<ele>383.281</ele>
<time>2026-05-21T09:22:06.929Z</time>
</trkpt>
<trkpt lat="49.5604550" lon="20.9896596">
<ele>383.228</ele>
<time>2026-05-21T09:22:09.804Z</time>
</trkpt>
<trkpt lat="49.5602411" lon="20.9899256">
<ele>383.022</ele>
<time>2026-05-21T09:22:12.477Z</time>
</trkpt>
<trkpt lat="49.5600012" lon="20.9898343">
<ele>382.745</ele>
<time>2026-05-21T09:22:15.345Z</time>
</trkpt>
<trkpt lat="49.5597261" lon="20.9897138">
<ele>382.660</ele>
<time>2026-05-21T09:22:18.563Z</time>
</trkpt>
<trkpt lat="49.5594450" lon="20.9895765">
<ele>382.953</ele>
<time>2026-05-21T09:22:21.668Z</time>
</trkpt>
<trkpt lat="49.5591975" lon="20.9895883">
<ele>383.517</ele>
<time>2026-05-21T09:22:24.423Z</time>
</trkpt>
<trkpt lat="49.5590070" lon="20.9898817">
<ele>384.069</ele>
<time>2026-05-21T09:22:27.529Z</time>
</trkpt>
<trkpt lat="49.5588089" lon="20.9902994">
<ele>384.786</ele>
<time>2026-05-21T09:22:30.831Z</time>
</trkpt>
<trkpt lat="49.5585738" lon="20.9907709">
<ele>386.121</ele>
<time>2026-05-21T09:22:33.997Z</time>
</trkpt>
<trkpt lat="49.5582975" lon="20.9912650">
<ele>387.899</ele>
<time>2026-05-21T09:22:37.110Z</time>
</trkpt>
<trkpt lat="49.5580174" lon="20.9917735">
<ele>389.381</ele>
<time>2026-05-21T09:22:40.152Z</time>
</trkpt>
<trkpt lat="49.5577600" lon="20.9922892">
<ele>390.495</ele>
<time>2026-05-21T09:22:43.085Z</time>
</trkpt>
<trkpt lat="49.5574846" lon="20.9928363">
<ele>391.789</ele>
<time>2026-05-21T09:22:46.127Z</time>
</trkpt>
<trkpt lat="49.5571995" lon="20.9934067">
<ele>393.228</ele>
<time>2026-05-21T09:22:49.140Z</time>
</trkpt>
<trkpt lat="49.5569062" lon="20.9940338">
<ele>394.186</ele>
<time>2026-05-21T09:22:52.204Z</time>
</trkpt>
<trkpt lat="49.5566066" lon="20.9946787">
<ele>394.462</ele>
<time>2026-05-21T09:22:55.276Z</time>
</trkpt>
<trkpt lat="49.5563838" lon="20.9953273">
<ele>394.258</ele>
<time>2026-05-21T09:22:58.183Z</time>
</trkpt>
<trkpt lat="49.5561577" lon="20.9959679">
<ele>393.864</ele>
<time>2026-05-21T09:23:01.130Z</time>
</trkpt>
<trkpt lat="49.5559210" lon="20.9966351">
<ele>393.523</ele>
<time>2026-05-21T09:23:04.175Z</time>
</trkpt>
<trkpt lat="49.5556934" lon="20.9972943">
<ele>393.329</ele>
<time>2026-05-21T09:23:07.171Z</time>
</trkpt>
<trkpt lat="49.5554540" lon="20.9979008">
<ele>393.209</ele>
<time>2026-05-21T09:23:10.104Z</time>
</trkpt>
<trkpt lat="49.5552193" lon="20.9984979">
<ele>393.060</ele>
<time>2026-05-21T09:23:13.063Z</time>
</trkpt>
<trkpt lat="49.5549827" lon="20.9990898">
<ele>392.895</ele>
<time>2026-05-21T09:23:16.075Z</time>
</trkpt>
<trkpt lat="49.5547653" lon="20.9996336">
<ele>392.766</ele>
<time>2026-05-21T09:23:19.011Z</time>
</trkpt>
<trkpt lat="49.5545763" lon="21.0001139">
<ele>392.661</ele>
<time>2026-05-21T09:23:21.959Z</time>
</trkpt>
<trkpt lat="49.5544815" lon="21.0004694">
<ele>392.545</ele>
<time>2026-05-21T09:23:24.478Z</time>
</trkpt>
<trkpt lat="49.5546028" lon="21.0006288">
<ele>392.543</ele>
<time>2026-05-21T09:23:26.782Z</time>
</trkpt>
<trkpt lat="49.5547744" lon="21.0007181">
<ele>392.837</ele>
<time>2026-05-21T09:23:29.443Z</time>
</trkpt>
<trkpt lat="49.5550994" lon="21.0009162">
<ele>393.273</ele>
<time>2026-05-21T09:23:32.955Z</time>
</trkpt>
<trkpt lat="49.5553252" lon="21.0010898">
<ele>393.503</ele>
<time>2026-05-21T09:23:35.060Z</time>
</trkpt>
<trkpt lat="49.5555039" lon="21.0013469">
<ele>393.458</ele>
<time>2026-05-21T09:23:37.045Z</time>
</trkpt>
<trkpt lat="49.5556442" lon="21.0016740">
<ele>393.307</ele>
<time>2026-05-21T09:23:39.062Z</time>
</trkpt>
<trkpt lat="49.5558854" lon="21.0021653">
<ele>393.148</ele>
<time>2026-05-21T09:23:42.139Z</time>
</trkpt>
<trkpt lat="49.5561239" lon="21.0026511">
<ele>392.928</ele>
<time>2026-05-21T09:23:45.114Z</time>
</trkpt>
<trkpt lat="49.5563562" lon="21.0031561">
<ele>392.685</ele>
<time>2026-05-21T09:23:48.100Z</time>
</trkpt>
<trkpt lat="49.5566043" lon="21.0036688">
<ele>392.482</ele>
<time>2026-05-21T09:23:51.116Z</time>
</trkpt>
<trkpt lat="49.5568651" lon="21.0041987">
<ele>392.313</ele>
<time>2026-05-21T09:23:54.161Z</time>
</trkpt>
<trkpt lat="49.5571337" lon="21.0047406">
<ele>392.436</ele>
<time>2026-05-21T09:23:57.211Z</time>
</trkpt>
<trkpt lat="49.5573915" lon="21.0052924">
<ele>393.147</ele>
<time>2026-05-21T09:24:00.227Z</time>
</trkpt>
<trkpt lat="49.5576599" lon="21.0058230">
<ele>394.862</ele>
<time>2026-05-21T09:24:03.242Z</time>
</trkpt>
<trkpt lat="49.5579028" lon="21.0063412">
<ele>397.843</ele>
<time>2026-05-21T09:24:06.196Z</time>
</trkpt>
<trkpt lat="49.5581244" lon="21.0068471">
<ele>401.752</ele>
<time>2026-05-21T09:24:09.153Z</time>
</trkpt>
<trkpt lat="49.5583633" lon="21.0072818">
<ele>405.728</ele>
<time>2026-05-21T09:24:12.031Z</time>
</trkpt>
<trkpt lat="49.5586755" lon="21.0076424">
<ele>408.952</ele>
<time>2026-05-21T09:24:15.055Z</time>
</trkpt>
<trkpt lat="49.5590611" lon="21.0079053">
<ele>411.098</ele>
<time>2026-05-21T09:24:18.148Z</time>
</trkpt>
<trkpt lat="49.5594633" lon="21.0081717">
<ele>412.613</ele>
<time>2026-05-21T09:24:21.185Z</time>
</trkpt>
<trkpt lat="49.5598801" lon="21.0084306">
<ele>414.046</ele>
<time>2026-05-21T09:24:24.200Z</time>
</trkpt>
<trkpt lat="49.5603075" lon="21.0086769">
<ele>415.817</ele>
<time>2026-05-21T09:24:27.203Z</time>
</trkpt>
<trkpt lat="49.5607367" lon="21.0089419">
<ele>418.514</ele>
<time>2026-05-21T09:24:30.211Z</time>
</trkpt>
<trkpt lat="49.5611667" lon="21.0092036">
<ele>422.352</ele>
<time>2026-05-21T09:24:33.203Z</time>
</trkpt>
<trkpt lat="49.5615964" lon="21.0094747">
<ele>426.550</ele>
<time>2026-05-21T09:24:36.198Z</time>
</trkpt>
<trkpt lat="49.5620313" lon="21.0097401">
<ele>430.508</ele>
<time>2026-05-21T09:24:39.210Z</time>
</trkpt>
<trkpt lat="49.5624590" lon="21.0100037">
<ele>434.132</ele>
<time>2026-05-21T09:24:42.242Z</time>
</trkpt>
<trkpt lat="49.5628449" lon="21.0102209">
<ele>437.069</ele>
<time>2026-05-21T09:24:45.142Z</time>
</trkpt>
<trkpt lat="49.5631789" lon="21.0104402">
<ele>439.208</ele>
<time>2026-05-21T09:24:47.990Z</time>
</trkpt>
<trkpt lat="49.5634192" lon="21.0107677">
<ele>440.811</ele>
<time>2026-05-21T09:24:50.767Z</time>
</trkpt>
<trkpt lat="49.5635524" lon="21.0112615">
<ele>441.915</ele>
<time>2026-05-21T09:24:53.857Z</time>
</trkpt>
<trkpt lat="49.5636710" lon="21.0117975">
<ele>442.803</ele>
<time>2026-05-21T09:24:56.974Z</time>
</trkpt>
<trkpt lat="49.5638036" lon="21.0123391">
<ele>444.123</ele>
<time>2026-05-21T09:25:00.115Z</time>
</trkpt>
<trkpt lat="49.5639330" lon="21.0127901">
<ele>446.152</ele>
<time>2026-05-21T09:25:03.004Z</time>
</trkpt>
<trkpt lat="49.5641516" lon="21.0130896">
<ele>448.347</ele>
<time>2026-05-21T09:25:05.961Z</time>
</trkpt>
<trkpt lat="49.5644405" lon="21.0131401">
<ele>450.166</ele>
<time>2026-05-21T09:25:08.977Z</time>
</trkpt>
<trkpt lat="49.5647758" lon="21.0130045">
<ele>452.074</ele>
<time>2026-05-21T09:25:12.127Z</time>
</trkpt>
<trkpt lat="49.5651815" lon="21.0128394">
<ele>454.517</ele>
<time>2026-05-21T09:25:15.310Z</time>
</trkpt>
<trkpt lat="49.5656162" lon="21.0126594">
<ele>457.030</ele>
<time>2026-05-21T09:25:18.386Z</time>
</trkpt>
<trkpt lat="49.5660605" lon="21.0124515">
<ele>459.006</ele>
<time>2026-05-21T09:25:21.436Z</time>
</trkpt>
<trkpt lat="49.5664977" lon="21.0122138">
<ele>460.078</ele>
<time>2026-05-21T09:25:24.458Z</time>
</trkpt>
<trkpt lat="49.5669162" lon="21.0119699">
<ele>460.268</ele>
<time>2026-05-21T09:25:27.426Z</time>
</trkpt>
<trkpt lat="49.5673179" lon="21.0117312">
<ele>460.363</ele>
<time>2026-05-21T09:25:30.366Z</time>
</trkpt>
<trkpt lat="49.5677210" lon="21.0114890">
<ele>461.203</ele>
<time>2026-05-21T09:25:33.427Z</time>
</trkpt>
<trkpt lat="49.5679665" lon="21.0113353">
<ele>462.720</ele>
<time>2026-05-21T09:25:35.443Z</time>
</trkpt>
<trkpt lat="49.5681705" lon="21.0111229">
<ele>464.066</ele>
<time>2026-05-21T09:25:37.419Z</time>
</trkpt>
<trkpt lat="49.5683882" lon="21.0106743">
<ele>464.713</ele>
<time>2026-05-21T09:25:40.339Z</time>
</trkpt>
<trkpt lat="49.5686213" lon="21.0101844">
<ele>464.736</ele>
<time>2026-05-21T09:25:43.364Z</time>
</trkpt>
<trkpt lat="49.5687908" lon="21.0098221">
<ele>464.510</ele>
<time>2026-05-21T09:25:45.424Z</time>
</trkpt>
<trkpt lat="49.5689647" lon="21.0094509">
<ele>464.765</ele>
<time>2026-05-21T09:25:47.446Z</time>
</trkpt>
<trkpt lat="49.5692329" lon="21.0088913">
<ele>466.021</ele>
<time>2026-05-21T09:25:50.495Z</time>
</trkpt>
<trkpt lat="49.5695133" lon="21.0083924">
<ele>467.725</ele>
<time>2026-05-21T09:25:53.460Z</time>
</trkpt>
<trkpt lat="49.5698224" lon="21.0079641">
<ele>469.200</ele>
<time>2026-05-21T09:25:56.445Z</time>
</trkpt>
<trkpt lat="49.5701358" lon="21.0075599">
<ele>470.792</ele>
<time>2026-05-21T09:25:59.443Z</time>
</trkpt>
<trkpt lat="49.5704540" lon="21.0071811">
<ele>472.901</ele>
<time>2026-05-21T09:26:02.408Z</time>
</trkpt>
<trkpt lat="49.5707658" lon="21.0067814">
<ele>475.267</ele>
<time>2026-05-21T09:26:05.389Z</time>
</trkpt>
<trkpt lat="49.5710781" lon="21.0063852">
<ele>477.770</ele>
<time>2026-05-21T09:26:08.365Z</time>
</trkpt>
<trkpt lat="49.5713922" lon="21.0060054">
<ele>480.588</ele>
<time>2026-05-21T09:26:11.345Z</time>
</trkpt>
<trkpt lat="49.5717036" lon="21.0056491">
<ele>483.624</ele>
<time>2026-05-21T09:26:14.314Z</time>
</trkpt>
<trkpt lat="49.5720116" lon="21.0053093">
<ele>486.884</ele>
<time>2026-05-21T09:26:17.366Z</time>
</trkpt>
<trkpt lat="49.5723405" lon="21.0051106">
<ele>490.620</ele>
<time>2026-05-21T09:26:20.490Z</time>
</trkpt>
<trkpt lat="49.5726529" lon="21.0052435">
<ele>494.770</ele>
<time>2026-05-21T09:26:23.570Z</time>
</trkpt>
<trkpt lat="49.5729330" lon="21.0054702">
<ele>499.159</ele>
<time>2026-05-21T09:26:26.581Z</time>
</trkpt>
<trkpt lat="49.5732165" lon="21.0056823">
<ele>503.753</ele>
<time>2026-05-21T09:26:29.540Z</time>
</trkpt>
<trkpt lat="49.5735266" lon="21.0057650">
<ele>508.263</ele>
<time>2026-05-21T09:26:32.524Z</time>
</trkpt>
<trkpt lat="49.5738335" lon="21.0057439">
<ele>512.444</ele>
<time>2026-05-21T09:26:35.719Z</time>
</trkpt>
<trkpt lat="49.5740094" lon="21.0055369">
<ele>516.502</ele>
<time>2026-05-21T09:26:38.306Z</time>
</trkpt>
<trkpt lat="49.5740927" lon="21.0051414">
<ele>520.160</ele>
<time>2026-05-21T09:26:41.359Z</time>
</trkpt>
<trkpt lat="49.5741470" lon="21.0046631">
<ele>523.047</ele>
<time>2026-05-21T09:26:44.380Z</time>
</trkpt>
<trkpt lat="49.5742148" lon="21.0041056">
<ele>525.647</ele>
<time>2026-05-21T09:26:47.510Z</time>
</trkpt>
<trkpt lat="49.5743404" lon="21.0035765">
<ele>528.436</ele>
<time>2026-05-21T09:26:50.512Z</time>
</trkpt>
<trkpt lat="49.5744903" lon="21.0030625">
<ele>531.048</ele>
<time>2026-05-21T09:26:53.594Z</time>
</trkpt>
<trkpt lat="49.5746001" lon="21.0025628">
<ele>533.141</ele>
<time>2026-05-21T09:26:56.832Z</time>
</trkpt>
<trkpt lat="49.5746852" lon="21.0021836">
<ele>535.004</ele>
<time>2026-05-21T09:27:00.045Z</time>
</trkpt>
<trkpt lat="49.5748214" lon="21.0020320">
<ele>537.018</ele>
<time>2026-05-21T09:27:02.659Z</time>
</trkpt>
<trkpt lat="49.5750177" lon="21.0021196">
<ele>539.170</ele>
<time>2026-05-21T09:27:05.655Z</time>
</trkpt>
<trkpt lat="49.5752819" lon="21.0022170">
<ele>541.607</ele>
<time>2026-05-21T09:27:08.853Z</time>
</trkpt>
<trkpt lat="49.5755635" lon="21.0023388">
<ele>544.507</ele>
<time>2026-05-21T09:27:11.862Z</time>
</trkpt>
<trkpt lat="49.5758760" lon="21.0023616">
<ele>547.790</ele>
<time>2026-05-21T09:27:14.852Z</time>
</trkpt>
<trkpt lat="49.5762116" lon="21.0022698">
<ele>551.242</ele>
<time>2026-05-21T09:27:17.928Z</time>
</trkpt>
<trkpt lat="49.5765467" lon="21.0021992">
<ele>554.181</ele>
<time>2026-05-21T09:27:20.902Z</time>
</trkpt>
<trkpt lat="49.5768888" lon="21.0021340">
<ele>555.580</ele>
<time>2026-05-21T09:27:23.962Z</time>
</trkpt>
<trkpt lat="49.5772076" lon="21.0020739">
<ele>554.906</ele>
<time>2026-05-21T09:27:26.950Z</time>
</trkpt>
<trkpt lat="49.5774793" lon="21.0023058">
<ele>552.708</ele>
<time>2026-05-21T09:27:29.860Z</time>
</trkpt>
<trkpt lat="49.5776511" lon="21.0027595">
<ele>549.652</ele>
<time>2026-05-21T09:27:32.803Z</time>
</trkpt>
<trkpt lat="49.5778685" lon="21.0032648">
<ele>546.063</ele>
<time>2026-05-21T09:27:35.847Z</time>
</trkpt>
<trkpt lat="49.5780881" lon="21.0038199">
<ele>542.674</ele>
<time>2026-05-21T09:27:38.851Z</time>
</trkpt>
<trkpt lat="49.5783320" lon="21.0044001">
<ele>540.021</ele>
<time>2026-05-21T09:27:41.883Z</time>
</trkpt>
<trkpt lat="49.5785904" lon="21.0049761">
<ele>537.859</ele>
<time>2026-05-21T09:27:44.875Z</time>
</trkpt>
<trkpt lat="49.5787736" lon="21.0053525">
<ele>536.036</ele>
<time>2026-05-21T09:27:46.859Z</time>
</trkpt>
<trkpt lat="49.5789564" lon="21.0057319">
<ele>534.608</ele>
<time>2026-05-21T09:27:48.825Z</time>
</trkpt>
<trkpt lat="49.5792462" lon="21.0063109">
<ele>533.446</ele>
<time>2026-05-21T09:27:51.811Z</time>
</trkpt>
<trkpt lat="49.5795488" lon="21.0069053">
<ele>531.875</ele>
<time>2026-05-21T09:27:54.853Z</time>
</trkpt>
<trkpt lat="49.5798418" lon="21.0074815">
<ele>529.387</ele>
<time>2026-05-21T09:27:57.874Z</time>
</trkpt>
<trkpt lat="49.5801124" lon="21.0080155">
<ele>526.388</ele>
<time>2026-05-21T09:28:00.816Z</time>
</trkpt>
<trkpt lat="49.5803716" lon="21.0085348">
<ele>523.660</ele>
<time>2026-05-21T09:28:03.847Z</time>
</trkpt>
<trkpt lat="49.5806234" lon="21.0089766">
<ele>521.753</ele>
<time>2026-05-21T09:28:06.735Z</time>
</trkpt>
<trkpt lat="49.5809353" lon="21.0093256">
<ele>520.793</ele>
<time>2026-05-21T09:28:09.727Z</time>
</trkpt>
<trkpt lat="49.5812640" lon="21.0096375">
<ele>520.798</ele>
<time>2026-05-21T09:28:12.739Z</time>
</trkpt>
<trkpt lat="49.5815926" lon="21.0099274">
<ele>522.174</ele>
<time>2026-05-21T09:28:15.722Z</time>
</trkpt>
<trkpt lat="49.5819188" lon="21.0102198">
<ele>524.966</ele>
<time>2026-05-21T09:28:18.657Z</time>
</trkpt>
<trkpt lat="49.5822637" lon="21.0105774">
<ele>528.652</ele>
<time>2026-05-21T09:28:21.754Z</time>
</trkpt>
<trkpt lat="49.5826200" lon="21.0109283">
<ele>532.344</ele>
<time>2026-05-21T09:28:24.784Z</time>
</trkpt>
<trkpt lat="49.5829857" lon="21.0112606">
<ele>534.969</ele>
<time>2026-05-21T09:28:27.764Z</time>
</trkpt>
<trkpt lat="49.5833658" lon="21.0115680">
<ele>535.954</ele>
<time>2026-05-21T09:28:30.830Z</time>
</trkpt>
<trkpt lat="49.5837554" lon="21.0117235">
<ele>535.313</ele>
<time>2026-05-21T09:28:33.802Z</time>
</trkpt>
<trkpt lat="49.5841655" lon="21.0116722">
<ele>533.626</ele>
<time>2026-05-21T09:28:36.779Z</time>
</trkpt>
<trkpt lat="49.5845899" lon="21.0115903">
<ele>532.048</ele>
<time>2026-05-21T09:28:39.730Z</time>
</trkpt>
<trkpt lat="49.5850337" lon="21.0115009">
<ele>531.155</ele>
<time>2026-05-21T09:28:42.755Z</time>
</trkpt>
<trkpt lat="49.5854685" lon="21.0114100">
<ele>530.603</ele>
<time>2026-05-21T09:28:45.738Z</time>
</trkpt>
<trkpt lat="49.5859032" lon="21.0113569">
<ele>530.059</ele>
<time>2026-05-21T09:28:48.739Z</time>
</trkpt>
<trkpt lat="49.5863235" lon="21.0114941">
<ele>529.478</ele>
<time>2026-05-21T09:28:51.691Z</time>
</trkpt>
<trkpt lat="49.5867176" lon="21.0118191">
<ele>528.949</ele>
<time>2026-05-21T09:28:54.665Z</time>
</trkpt>
<trkpt lat="49.5871292" lon="21.0121496">
<ele>528.293</ele>
<time>2026-05-21T09:28:57.657Z</time>
</trkpt>
<trkpt lat="49.5875282" lon="21.0125006">
<ele>527.181</ele>
<time>2026-05-21T09:29:00.648Z</time>
</trkpt>
<trkpt lat="49.5878118" lon="21.0130035">
<ele>525.621</ele>
<time>2026-05-21T09:29:03.528Z</time>
</trkpt>
<trkpt lat="49.5879573" lon="21.0136717">
<ele>523.434</ele>
<time>2026-05-21T09:29:06.496Z</time>
</trkpt>
<trkpt lat="49.5880750" lon="21.0144164">
<ele>520.320</ele>
<time>2026-05-21T09:29:09.522Z</time>
</trkpt>
<trkpt lat="49.5882164" lon="21.0151894">
<ele>516.513</ele>
<time>2026-05-21T09:29:12.557Z</time>
</trkpt>
<trkpt lat="49.5883417" lon="21.0159680">
<ele>512.548</ele>
<time>2026-05-21T09:29:15.632Z</time>
</trkpt>
<trkpt lat="49.5884517" lon="21.0166777">
<ele>508.761</ele>
<time>2026-05-21T09:29:18.794Z</time>
</trkpt>
<trkpt lat="49.5886074" lon="21.0171633">
<ele>505.256</ele>
<time>2026-05-21T09:29:21.618Z</time>
</trkpt>
<trkpt lat="49.5888569" lon="21.0175029">
<ele>501.503</ele>
<time>2026-05-21T09:29:24.500Z</time>
</trkpt>
<trkpt lat="49.5892049" lon="21.0177270">
<ele>497.418</ele>
<time>2026-05-21T09:29:27.550Z</time>
</trkpt>
<trkpt lat="49.5896007" lon="21.0179414">
<ele>493.934</ele>
<time>2026-05-21T09:29:30.677Z</time>
</trkpt>
<trkpt lat="49.5899771" lon="21.0181778">
<ele>491.529</ele>
<time>2026-05-21T09:29:33.650Z</time>
</trkpt>
<trkpt lat="49.5902838" lon="21.0185775">
<ele>489.362</ele>
<time>2026-05-21T09:29:36.536Z</time>
</trkpt>
<trkpt lat="49.5905819" lon="21.0190771">
<ele>486.638</ele>
<time>2026-05-21T09:29:39.607Z</time>
</trkpt>
<trkpt lat="49.5908665" lon="21.0195439">
<ele>483.563</ele>
<time>2026-05-21T09:29:42.461Z</time>
</trkpt>
<trkpt lat="49.5911091" lon="21.0201038">
<ele>480.567</ele>
<time>2026-05-21T09:29:45.401Z</time>
</trkpt>
<trkpt lat="49.5912044" lon="21.0205426">
<ele>477.504</ele>
<time>2026-05-21T09:29:47.381Z</time>
</trkpt>
<trkpt lat="49.5913129" lon="21.0212127">
<ele>474.290</ele>
<time>2026-05-21T09:29:50.343Z</time>
</trkpt>
<trkpt lat="49.5914073" lon="21.0216521">
<ele>471.341</ele>
<time>2026-05-21T09:29:52.353Z</time>
</trkpt>
<trkpt lat="49.5915453" lon="21.0222930">
<ele>468.962</ele>
<time>2026-05-21T09:29:55.369Z</time>
</trkpt>
<trkpt lat="49.5917252" lon="21.0228513">
<ele>466.947</ele>
<time>2026-05-21T09:29:58.321Z</time>
</trkpt>
<trkpt lat="49.5919109" lon="21.0231202">
<ele>464.993</ele>
<time>2026-05-21T09:30:00.229Z</time>
</trkpt>
<trkpt lat="49.5922440" lon="21.0234801">
<ele>463.218</ele>
<time>2026-05-21T09:30:03.168Z</time>
</trkpt>
<trkpt lat="49.5926067" lon="21.0238654">
<ele>461.619</ele>
<time>2026-05-21T09:30:06.169Z</time>
</trkpt>
<trkpt lat="49.5929708" lon="21.0242525">
<ele>459.901</ele>
<time>2026-05-21T09:30:09.124Z</time>
</trkpt>
<trkpt lat="49.5933374" lon="21.0246387">
<ele>457.540</ele>
<time>2026-05-21T09:30:12.114Z</time>
</trkpt>
<trkpt lat="49.5936981" lon="21.0250255">
<ele>454.066</ele>
<time>2026-05-21T09:30:15.101Z</time>
</trkpt>
<trkpt lat="49.5940562" lon="21.0254300">
<ele>449.483</ele>
<time>2026-05-21T09:30:18.093Z</time>
</trkpt>
<trkpt lat="49.5943498" lon="21.0259689">
<ele>444.461</ele>
<time>2026-05-21T09:30:21.087Z</time>
</trkpt>
<trkpt lat="49.5946198" lon="21.0265477">
<ele>439.833</ele>
<time>2026-05-21T09:30:24.082Z</time>
</trkpt>
<trkpt lat="49.5948921" lon="21.0271150">
<ele>435.892</ele>
<time>2026-05-21T09:30:27.071Z</time>
</trkpt>
<trkpt lat="49.5951539" lon="21.0276897">
<ele>432.322</ele>
<time>2026-05-21T09:30:30.060Z</time>
</trkpt>
<trkpt lat="49.5954138" lon="21.0282555">
<ele>428.734</ele>
<time>2026-05-21T09:30:33.038Z</time>
</trkpt>
<trkpt lat="49.5956321" lon="21.0288265">
<ele>425.191</ele>
<time>2026-05-21T09:30:35.978Z</time>
</trkpt>
<trkpt lat="49.5956736" lon="21.0294574">
<ele>421.866</ele>
<time>2026-05-21T09:30:38.909Z</time>
</trkpt>
<trkpt lat="49.5955387" lon="21.0300534">
<ele>418.541</ele>
<time>2026-05-21T09:30:41.867Z</time>
</trkpt>
<trkpt lat="49.5953105" lon="21.0306294">
<ele>415.003</ele>
<time>2026-05-21T09:30:44.922Z</time>
</trkpt>
<trkpt lat="49.5950837" lon="21.0312448">
<ele>411.178</ele>
<time>2026-05-21T09:30:47.993Z</time>
</trkpt>
<trkpt lat="49.5948440" lon="21.0318542">
<ele>407.291</ele>
<time>2026-05-21T09:30:51.049Z</time>
</trkpt>
<trkpt lat="49.5946326" lon="21.0324575">
<ele>404.074</ele>
<time>2026-05-21T09:30:54.052Z</time>
</trkpt>
<trkpt lat="49.5945428" lon="21.0330851">
<ele>401.916</ele>
<time>2026-05-21T09:30:56.937Z</time>
</trkpt>
<trkpt lat="49.5945198" lon="21.0337523">
<ele>400.131</ele>
<time>2026-05-21T09:30:59.906Z</time>
</trkpt>
<trkpt lat="49.5944772" lon="21.0344483">
<ele>398.137</ele>
<time>2026-05-21T09:31:02.924Z</time>
</trkpt>
<trkpt lat="49.5944540" lon="21.0351278">
<ele>396.059</ele>
<time>2026-05-21T09:31:05.852Z</time>
</trkpt>
<trkpt lat="49.5944273" lon="21.0358083">
<ele>393.797</ele>
<time>2026-05-21T09:31:08.842Z</time>
</trkpt>
<trkpt lat="49.5943898" lon="21.0364534">
<ele>391.223</ele>
<time>2026-05-21T09:31:11.822Z</time>
</trkpt>
<trkpt lat="49.5943913" lon="21.0370626">
<ele>388.940</ele>
<time>2026-05-21T09:31:14.842Z</time>
</trkpt>
<trkpt lat="49.5943967" lon="21.0376179">
<ele>387.080</ele>
<time>2026-05-21T09:31:17.855Z</time>
</trkpt>
<trkpt lat="49.5944195" lon="21.0380922">
<ele>385.187</ele>
<time>2026-05-21T09:31:20.772Z</time>
</trkpt>
<trkpt lat="49.5944709" lon="21.0384958">
<ele>383.055</ele>
<time>2026-05-21T09:31:23.642Z</time>
</trkpt>
<trkpt lat="49.5946420" lon="21.0387906">
<ele>380.925</ele>
<time>2026-05-21T09:31:26.555Z</time>
</trkpt>
<trkpt lat="49.5949354" lon="21.0389070">
<ele>379.176</ele>
<time>2026-05-21T09:31:29.662Z</time>
</trkpt>
<trkpt lat="49.5953087" lon="21.0389534">
<ele>378.111</ele>
<time>2026-05-21T09:31:32.864Z</time>
</trkpt>
<trkpt lat="49.5957270" lon="21.0390138">
<ele>377.248</ele>
<time>2026-05-21T09:31:36.069Z</time>
</trkpt>
<trkpt lat="49.5961311" lon="21.0390569">
<ele>375.910</ele>
<time>2026-05-21T09:31:39.125Z</time>
</trkpt>
<trkpt lat="49.5964933" lon="21.0392007">
<ele>373.975</ele>
<time>2026-05-21T09:31:42.160Z</time>
</trkpt>
<trkpt lat="49.5966909" lon="21.0395783">
<ele>371.379</ele>
<time>2026-05-21T09:31:44.987Z</time>
</trkpt>
<trkpt lat="49.5967791" lon="21.0400452">
<ele>368.122</ele>
<time>2026-05-21T09:31:47.961Z</time>
</trkpt>
<trkpt lat="49.5968374" lon="21.0405319">
<ele>364.751</ele>
<time>2026-05-21T09:31:50.941Z</time>
</trkpt>
<trkpt lat="49.5968827" lon="21.0408620">
<ele>361.697</ele>
<time>2026-05-21T09:31:52.938Z</time>
</trkpt>
<trkpt lat="49.5969351" lon="21.0413649">
<ele>359.019</ele>
<time>2026-05-21T09:31:55.930Z</time>
</trkpt>
<trkpt lat="49.5969349" lon="21.0417126">
<ele>356.648</ele>
<time>2026-05-21T09:31:57.959Z</time>
</trkpt>
<trkpt lat="49.5969336" lon="21.0420622">
<ele>354.071</ele>
<time>2026-05-21T09:32:00.024Z</time>
</trkpt>
<trkpt lat="49.5969321" lon="21.0425482">
<ele>350.975</ele>
<time>2026-05-21T09:32:03.110Z</time>
</trkpt>
<trkpt lat="49.5969275" lon="21.0429105">
<ele>347.752</ele>
<time>2026-05-21T09:32:06.014Z</time>
</trkpt>
<trkpt lat="49.5969287" lon="21.0430975">
<ele>344.784</ele>
<time>2026-05-21T09:32:08.005Z</time>
</trkpt>
<trkpt lat="49.5969287" lon="21.0430975">
<ele>342.438</ele>
<time>2026-05-21T09:32:13.005Z</time>
</trkpt>
<trkpt lat="49.5969287" lon="21.0430975">
<ele>341.303</ele>
<time>2026-05-21T09:32:13.295Z</time>
</trkpt>
<trkpt lat="49.5969318" lon="21.0432454">
<ele>341.284</ele>
<time>2026-05-21T09:32:19.490Z</time>
</trkpt>
<trkpt lat="49.5970909" lon="21.0433707">
<ele>341.684</ele>
<time>2026-05-21T09:32:23.095Z</time>
</trkpt>
<trkpt lat="49.5973725" lon="21.0435222">
<ele>342.049</ele>
<time>2026-05-21T09:32:26.416Z</time>
</trkpt>
<trkpt lat="49.5977415" lon="21.0434995">
<ele>342.463</ele>
<time>2026-05-21T09:32:29.516Z</time>
</trkpt>
<trkpt lat="49.5981163" lon="21.0434672">
<ele>343.097</ele>
<time>2026-05-21T09:32:32.706Z</time>
</trkpt>
<trkpt lat="49.5984356" lon="21.0436055">
<ele>343.910</ele>
<time>2026-05-21T09:32:36.401Z</time>
</trkpt>
<trkpt lat="49.5986399" lon="21.0437061">
<ele>344.673</ele>
<time>2026-05-21T09:32:39.399Z</time>
</trkpt>
<trkpt lat="49.5988162" lon="21.0438181">
<ele>345.005</ele>
<time>2026-05-21T09:32:41.874Z</time>
</trkpt>
<trkpt lat="49.5990491" lon="21.0439706">
<ele>344.788</ele>
<time>2026-05-21T09:32:44.612Z</time>
</trkpt>
<trkpt lat="49.5993401" lon="21.0440956">
<ele>344.664</ele>
<time>2026-05-21T09:32:47.536Z</time>
</trkpt>
<trkpt lat="49.5996653" lon="21.0440905">
<ele>345.441</ele>
<time>2026-05-21T09:32:50.456Z</time>
</trkpt>
<trkpt lat="49.5999994" lon="21.0439514">
<ele>346.995</ele>
<time>2026-05-21T09:32:53.378Z</time>
</trkpt>
<trkpt lat="49.6003463" lon="21.0437409">
<ele>348.427</ele>
<time>2026-05-21T09:32:56.446Z</time>
</trkpt>
<trkpt lat="49.6006934" lon="21.0436013">
<ele>349.304</ele>
<time>2026-05-21T09:32:59.524Z</time>
</trkpt>
<trkpt lat="49.6010222" lon="21.0435094">
<ele>349.708</ele>
<time>2026-05-21T09:33:02.604Z</time>
</trkpt>
<trkpt lat="49.6013161" lon="21.0433082">
<ele>349.685</ele>
<time>2026-05-21T09:33:05.644Z</time>
</trkpt>
<trkpt lat="49.6015877" lon="21.0430116">
<ele>349.203</ele>
<time>2026-05-21T09:33:08.731Z</time>
</trkpt>
<trkpt lat="49.6019086" lon="21.0428892">
<ele>348.417</ele>
<time>2026-05-21T09:33:11.501Z</time>
</trkpt>
<trkpt lat="49.6022986" lon="21.0427689">
<ele>347.612</ele>
<time>2026-05-21T09:33:14.371Z</time>
</trkpt>
<trkpt lat="49.6027469" lon="21.0425382">
<ele>346.520</ele>
<time>2026-05-21T09:33:17.532Z</time>
</trkpt>
<trkpt lat="49.6031655" lon="21.0423176">
<ele>344.888</ele>
<time>2026-05-21T09:33:20.564Z</time>
</trkpt>
<trkpt lat="49.6035523" lon="21.0420730">
<ele>343.282</ele>
<time>2026-05-21T09:33:23.547Z</time>
</trkpt>
<trkpt lat="49.6038923" lon="21.0417033">
<ele>342.015</ele>
<time>2026-05-21T09:33:26.547Z</time>
</trkpt>
<trkpt lat="49.6041567" lon="21.0411971">
<ele>340.996</ele>
<time>2026-05-21T09:33:29.552Z</time>
</trkpt>
<trkpt lat="49.6043773" lon="21.0406429">
<ele>340.872</ele>
<time>2026-05-21T09:33:32.485Z</time>
</trkpt>
<trkpt lat="49.6045271" lon="21.0400189">
<ele>342.144</ele>
<time>2026-05-21T09:33:35.458Z</time>
</trkpt>
<trkpt lat="49.6046450" lon="21.0393808">
<ele>344.473</ele>
<time>2026-05-21T09:33:38.589Z</time>
</trkpt>
<trkpt lat="49.6047047" lon="21.0388192">
<ele>347.068</ele>
<time>2026-05-21T09:33:41.522Z</time>
</trkpt>
<trkpt lat="49.6047778" lon="21.0382882">
<ele>349.273</ele>
<time>2026-05-21T09:33:44.590Z</time>
</trkpt>
<trkpt lat="49.6048818" lon="21.0378157">
<ele>351.041</ele>
<time>2026-05-21T09:33:48.342Z</time>
</trkpt>
<trkpt lat="49.6050045" lon="21.0375372">
<ele>352.528</ele>
<time>2026-05-21T09:33:53.456Z</time>
</trkpt>
<trkpt lat="49.6051066" lon="21.0375419">
<ele>353.281</ele>
<time>2026-05-21T09:33:56.246Z</time>
</trkpt>
<trkpt lat="49.6051576" lon="21.0377106">
<ele>353.135</ele>
<time>2026-05-21T09:33:58.303Z</time>
</trkpt>
<trkpt lat="49.6051642" lon="21.0379612">
<ele>352.698</ele>
<time>2026-05-21T09:34:00.186Z</time>
</trkpt>
<trkpt lat="49.6051921" lon="21.0384448">
<ele>352.620</ele>
<time>2026-05-21T09:34:03.227Z</time>
</trkpt>
<trkpt lat="49.6052193" lon="21.0389891">
<ele>353.250</ele>
<time>2026-05-21T09:34:06.370Z</time>
</trkpt>
<trkpt lat="49.6052491" lon="21.0394949">
<ele>354.453</ele>
<time>2026-05-21T09:34:09.354Z</time>
</trkpt>
<trkpt lat="49.6052684" lon="21.0398270">
<ele>355.738</ele>
<time>2026-05-21T09:34:11.363Z</time>
</trkpt>
<trkpt lat="49.6052932" lon="21.0403153">
<ele>356.871</ele>
<time>2026-05-21T09:34:14.346Z</time>
</trkpt>
<trkpt lat="49.6053774" lon="21.0407899">
<ele>357.831</ele>
<time>2026-05-21T09:34:17.292Z</time>
</trkpt>
<trkpt lat="49.6054872" lon="21.0412775">
<ele>358.458</ele>
<time>2026-05-21T09:34:20.189Z</time>
</trkpt>
<trkpt lat="49.6056468" lon="21.0417896">
<ele>358.628</ele>
<time>2026-05-21T09:34:23.120Z</time>
</trkpt>
<trkpt lat="49.6058674" lon="21.0423042">
<ele>358.420</ele>
<time>2026-05-21T09:34:26.090Z</time>
</trkpt>
<trkpt lat="49.6061482" lon="21.0427855">
<ele>357.825</ele>
<time>2026-05-21T09:34:29.038Z</time>
</trkpt>
<trkpt lat="49.6065010" lon="21.0432280">
<ele>356.606</ele>
<time>2026-05-21T09:34:32.060Z</time>
</trkpt>
<trkpt lat="49.6069158" lon="21.0436043">
<ele>354.716</ele>
<time>2026-05-21T09:34:35.104Z</time>
</trkpt>
<trkpt lat="49.6073631" lon="21.0439257">
<ele>352.290</ele>
<time>2026-05-21T09:34:38.172Z</time>
</trkpt>
<trkpt lat="49.6077986" lon="21.0442387">
<ele>349.261</ele>
<time>2026-05-21T09:34:41.248Z</time>
</trkpt>
<trkpt lat="49.6082034" lon="21.0445458">
<ele>345.842</ele>
<time>2026-05-21T09:34:44.247Z</time>
</trkpt>
<trkpt lat="49.6085734" lon="21.0449220">
<ele>342.703</ele>
<time>2026-05-21T09:34:47.222Z</time>
</trkpt>
<trkpt lat="49.6089089" lon="21.0453749">
<ele>340.122</ele>
<time>2026-05-21T09:34:50.212Z</time>
</trkpt>
<trkpt lat="49.6092335" lon="21.0458250">
<ele>338.064</ele>
<time>2026-05-21T09:34:53.142Z</time>
</trkpt>
<trkpt lat="49.6095535" lon="21.0462924">
<ele>336.484</ele>
<time>2026-05-21T09:34:56.090Z</time>
</trkpt>
<trkpt lat="49.6098562" lon="21.0468001">
<ele>335.240</ele>
<time>2026-05-21T09:34:59.078Z</time>
</trkpt>
<trkpt lat="49.6101228" lon="21.0473566">
<ele>334.334</ele>
<time>2026-05-21T09:35:02.064Z</time>
</trkpt>
<trkpt lat="49.6103926" lon="21.0479389">
<ele>333.774</ele>
<time>2026-05-21T09:35:05.100Z</time>
</trkpt>
<trkpt lat="49.6106664" lon="21.0485259">
<ele>333.378</ele>
<time>2026-05-21T09:35:08.114Z</time>
</trkpt>
<trkpt lat="49.6109409" lon="21.0491141">
<ele>333.180</ele>
<time>2026-05-21T09:35:11.112Z</time>
</trkpt>
<trkpt lat="49.6112150" lon="21.0497086">
<ele>333.230</ele>
<time>2026-05-21T09:35:14.109Z</time>
</trkpt>
<trkpt lat="49.6114827" lon="21.0503170">
<ele>333.467</ele>
<time>2026-05-21T09:35:17.116Z</time>
</trkpt>
<trkpt lat="49.6117582" lon="21.0509107">
<ele>333.833</ele>
<time>2026-05-21T09:35:20.113Z</time>
</trkpt>
<trkpt lat="49.6120340" lon="21.0514944">
<ele>334.237</ele>
<time>2026-05-21T09:35:23.099Z</time>
</trkpt>
<trkpt lat="49.6123014" lon="21.0520781">
<ele>334.579</ele>
<time>2026-05-21T09:35:26.088Z</time>
</trkpt>
<trkpt lat="49.6125249" lon="21.0526898">
<ele>334.839</ele>
<time>2026-05-21T09:35:29.070Z</time>
</trkpt>
<trkpt lat="49.6126914" lon="21.0533364">
<ele>335.137</ele>
<time>2026-05-21T09:35:32.130Z</time>
</trkpt>
<trkpt lat="49.6128378" lon="21.0539452">
<ele>335.566</ele>
<time>2026-05-21T09:35:35.207Z</time>
</trkpt>
<trkpt lat="49.6129259" lon="21.0545089">
<ele>336.055</ele>
<time>2026-05-21T09:35:38.088Z</time>
</trkpt>
<trkpt lat="49.6130000" lon="21.0551023">
<ele>336.786</ele>
<time>2026-05-21T09:35:40.993Z</time>
</trkpt>
<trkpt lat="49.6130584" lon="21.0557400">
<ele>337.914</ele>
<time>2026-05-21T09:35:43.917Z</time>
</trkpt>
<trkpt lat="49.6130496" lon="21.0564188">
<ele>338.958</ele>
<time>2026-05-21T09:35:46.923Z</time>
</trkpt>
<trkpt lat="49.6129751" lon="21.0570756">
<ele>339.566</ele>
<time>2026-05-21T09:35:49.933Z</time>
</trkpt>
<trkpt lat="49.6128766" lon="21.0576880">
<ele>339.940</ele>
<time>2026-05-21T09:35:52.893Z</time>
</trkpt>
<trkpt lat="49.6128148" lon="21.0582907">
<ele>340.170</ele>
<time>2026-05-21T09:35:55.822Z</time>
</trkpt>
<trkpt lat="49.6128006" lon="21.0589111">
<ele>340.196</ele>
<time>2026-05-21T09:35:58.760Z</time>
</trkpt>
<trkpt lat="49.6128349" lon="21.0595660">
<ele>340.071</ele>
<time>2026-05-21T09:36:01.750Z</time>
</trkpt>
<trkpt lat="49.6128696" lon="21.0602547">
<ele>339.835</ele>
<time>2026-05-21T09:36:04.793Z</time>
</trkpt>
<trkpt lat="49.6128902" lon="21.0607210">
<ele>339.251</ele>
<time>2026-05-21T09:36:06.864Z</time>
</trkpt>
<trkpt lat="49.6129159" lon="21.0611682">
<ele>338.208</ele>
<time>2026-05-21T09:36:08.916Z</time>
</trkpt>
<trkpt lat="49.6129392" lon="21.0616028">
<ele>337.065</ele>
<time>2026-05-21T09:36:10.994Z</time>
</trkpt>
<trkpt lat="49.6129927" lon="21.0622105">
<ele>335.867</ele>
<time>2026-05-21T09:36:13.990Z</time>
</trkpt>
<trkpt lat="49.6130716" lon="21.0625963">
<ele>334.512</ele>
<time>2026-05-21T09:36:15.961Z</time>
</trkpt>
<trkpt lat="49.6132626" lon="21.0631581">
<ele>333.466</ele>
<time>2026-05-21T09:36:18.981Z</time>
</trkpt>
<trkpt lat="49.6134782" lon="21.0637087">
<ele>333.083</ele>
<time>2026-05-21T09:36:21.980Z</time>
</trkpt>
<trkpt lat="49.6136814" lon="21.0642646">
<ele>333.123</ele>
<time>2026-05-21T09:36:24.958Z</time>
</trkpt>
<trkpt lat="49.6138822" lon="21.0648206">
<ele>333.298</ele>
<time>2026-05-21T09:36:27.946Z</time>
</trkpt>
<trkpt lat="49.6140596" lon="21.0653881">
<ele>333.494</ele>
<time>2026-05-21T09:36:30.916Z</time>
</trkpt>
<trkpt lat="49.6142176" lon="21.0659636">
<ele>333.684</ele>
<time>2026-05-21T09:36:33.874Z</time>
</trkpt>
<trkpt lat="49.6143618" lon="21.0665415">
<ele>333.855</ele>
<time>2026-05-21T09:36:36.791Z</time>
</trkpt>
<trkpt lat="49.6145357" lon="21.0671199">
<ele>333.965</ele>
<time>2026-05-21T09:36:39.743Z</time>
</trkpt>
<trkpt lat="49.6147192" lon="21.0677168">
<ele>333.985</ele>
<time>2026-05-21T09:36:42.726Z</time>
</trkpt>
<trkpt lat="49.6149028" lon="21.0683259">
<ele>333.913</ele>
<time>2026-05-21T09:36:45.691Z</time>
</trkpt>
<trkpt lat="49.6150906" lon="21.0689434">
<ele>333.712</ele>
<time>2026-05-21T09:36:48.651Z</time>
</trkpt>
<trkpt lat="49.6152793" lon="21.0695617">
<ele>333.405</ele>
<time>2026-05-21T09:36:51.584Z</time>
</trkpt>
<trkpt lat="49.6154714" lon="21.0701892">
<ele>333.028</ele>
<time>2026-05-21T09:36:54.520Z</time>
</trkpt>
<trkpt lat="49.6156677" lon="21.0708311">
<ele>332.622</ele>
<time>2026-05-21T09:36:57.447Z</time>
</trkpt>
<trkpt lat="49.6158658" lon="21.0715021">
<ele>332.353</ele>
<time>2026-05-21T09:37:00.405Z</time>
</trkpt>
<trkpt lat="49.6160753" lon="21.0721940">
<ele>332.294</ele>
<time>2026-05-21T09:37:03.415Z</time>
</trkpt>
<trkpt lat="49.6162896" lon="21.0728969">
<ele>332.071</ele>
<time>2026-05-21T09:37:06.462Z</time>
</trkpt>
<trkpt lat="49.6164995" lon="21.0735914">
<ele>331.336</ele>
<time>2026-05-21T09:37:09.524Z</time>
</trkpt>
<trkpt lat="49.6167014" lon="21.0742429">
<ele>330.177</ele>
<time>2026-05-21T09:37:12.512Z</time>
</trkpt>
<trkpt lat="49.6168948" lon="21.0748842">
<ele>328.962</ele>
<time>2026-05-21T09:37:15.504Z</time>
</trkpt>
<trkpt lat="49.6170832" lon="21.0755229">
<ele>327.816</ele>
<time>2026-05-21T09:37:18.482Z</time>
</trkpt>
<trkpt lat="49.6172715" lon="21.0761590">
<ele>326.746</ele>
<time>2026-05-21T09:37:21.440Z</time>
</trkpt>
<trkpt lat="49.6174615" lon="21.0767929">
<ele>325.942</ele>
<time>2026-05-21T09:37:24.388Z</time>
</trkpt>
<trkpt lat="49.6176518" lon="21.0774189">
<ele>325.574</ele>
<time>2026-05-21T09:37:27.327Z</time>
</trkpt>
<trkpt lat="49.6178424" lon="21.0780481">
<ele>325.618</ele>
<time>2026-05-21T09:37:30.310Z</time>
</trkpt>
<trkpt lat="49.6179923" lon="21.0787066">
<ele>326.090</ele>
<time>2026-05-21T09:37:33.340Z</time>
</trkpt>
<trkpt lat="49.6180894" lon="21.0793532">
<ele>326.821</ele>
<time>2026-05-21T09:37:36.358Z</time>
</trkpt>
<trkpt lat="49.6181840" lon="21.0799022">
<ele>327.997</ele>
<time>2026-05-21T09:37:39.231Z</time>
</trkpt>
<trkpt lat="49.6183110" lon="21.0803449">
<ele>329.844</ele>
<time>2026-05-21T09:37:42.010Z</time>
</trkpt>
<trkpt lat="49.6185162" lon="21.0807030">
<ele>332.033</ele>
<time>2026-05-21T09:37:45.063Z</time>
</trkpt>
<trkpt lat="49.6187515" lon="21.0809182">
<ele>334.095</ele>
<time>2026-05-21T09:37:47.954Z</time>
</trkpt>
<trkpt lat="49.6190017" lon="21.0811076">
<ele>335.664</ele>
<time>2026-05-21T09:37:50.952Z</time>
</trkpt>
<trkpt lat="49.6191636" lon="21.0814731">
<ele>336.667</ele>
<time>2026-05-21T09:37:53.894Z</time>
</trkpt>
<trkpt lat="49.6192283" lon="21.0819696">
<ele>337.483</ele>
<time>2026-05-21T09:37:56.921Z</time>
</trkpt>
<trkpt lat="49.6192843" lon="21.0825434">
<ele>338.232</ele>
<time>2026-05-21T09:37:59.973Z</time>
</trkpt>
<trkpt lat="49.6193653" lon="21.0831572">
<ele>338.988</ele>
<time>2026-05-21T09:38:02.989Z</time>
</trkpt>
<trkpt lat="49.6194534" lon="21.0837977">
<ele>339.806</ele>
<time>2026-05-21T09:38:06.068Z</time>
</trkpt>
<trkpt lat="49.6196815" lon="21.0842892">
<ele>340.410</ele>
<time>2026-05-21T09:38:08.994Z</time>
</trkpt>
<trkpt lat="49.6198783" lon="21.0845787">
<ele>340.103</ele>
<time>2026-05-21T09:38:11.035Z</time>
</trkpt>
<trkpt lat="49.6200604" lon="21.0848822">
<ele>338.710</ele>
<time>2026-05-21T09:38:13.028Z</time>
</trkpt>
<trkpt lat="49.6203541" lon="21.0852957">
<ele>337.037</ele>
<time>2026-05-21T09:38:16.049Z</time>
</trkpt>
<trkpt lat="49.6205382" lon="21.0855394">
<ele>335.626</ele>
<time>2026-05-21T09:38:18.025Z</time>
</trkpt>
<trkpt lat="49.6208211" lon="21.0858535">
<ele>334.089</ele>
<time>2026-05-21T09:38:20.971Z</time>
</trkpt>
<trkpt lat="49.6211234" lon="21.0861780">
<ele>332.377</ele>
<time>2026-05-21T09:38:24.069Z</time>
</trkpt>
<trkpt lat="49.6214222" lon="21.0865294">
<ele>330.779</ele>
<time>2026-05-21T09:38:27.156Z</time>
</trkpt>
<trkpt lat="49.6216170" lon="21.0869940">
<ele>329.499</ele>
<time>2026-05-21T09:38:30.101Z</time>
</trkpt>
<trkpt lat="49.6217864" lon="21.0874901">
<ele>328.759</ele>
<time>2026-05-21T09:38:33.028Z</time>
</trkpt>
<trkpt lat="49.6219880" lon="21.0880482">
<ele>328.983</ele>
<time>2026-05-21T09:38:36.161Z</time>
</trkpt>
<trkpt lat="49.6222048" lon="21.0886254">
<ele>330.403</ele>
<time>2026-05-21T09:38:39.324Z</time>
</trkpt>
<trkpt lat="49.6224459" lon="21.0891105">
<ele>332.883</ele>
<time>2026-05-21T09:38:42.314Z</time>
</trkpt>
<trkpt lat="49.6227179" lon="21.0895470">
<ele>335.741</ele>
<time>2026-05-21T09:38:45.412Z</time>
</trkpt>
<trkpt lat="49.6229653" lon="21.0899716">
<ele>338.006</ele>
<time>2026-05-21T09:38:48.593Z</time>
</trkpt>
<trkpt lat="49.6230258" lon="21.0904320">
<ele>339.253</ele>
<time>2026-05-21T09:38:51.517Z</time>
</trkpt>
<trkpt lat="49.6228854" lon="21.0908424">
<ele>339.879</ele>
<time>2026-05-21T09:38:54.541Z</time>
</trkpt>
<trkpt lat="49.6227319" lon="21.0912266">
<ele>340.285</ele>
<time>2026-05-21T09:38:57.515Z</time>
</trkpt>
<trkpt lat="49.6225802" lon="21.0915844">
<ele>340.560</ele>
<time>2026-05-21T09:39:00.417Z</time>
</trkpt>
<trkpt lat="49.6224375" lon="21.0919404">
<ele>340.464</ele>
<time>2026-05-21T09:39:03.378Z</time>
</trkpt>
<trkpt lat="49.6223041" lon="21.0922852">
<ele>339.632</ele>
<time>2026-05-21T09:39:06.272Z</time>
</trkpt>
<trkpt lat="49.6222389" lon="21.0927353">
<ele>338.273</ele>
<time>2026-05-21T09:39:09.367Z</time>
</trkpt>
<trkpt lat="49.6222900" lon="21.0932793">
<ele>337.001</ele>
<time>2026-05-21T09:39:12.615Z</time>
</trkpt>
<trkpt lat="49.6223493" lon="21.0938148">
<ele>335.966</ele>
<time>2026-05-21T09:39:15.745Z</time>
</trkpt>
<trkpt lat="49.6224254" lon="21.0942742">
<ele>335.096</ele>
<time>2026-05-21T09:39:18.646Z</time>
</trkpt>
<trkpt lat="49.6225884" lon="21.0946811">
<ele>334.740</ele>
<time>2026-05-21T09:39:21.633Z</time>
</trkpt>
<trkpt lat="49.6228277" lon="21.0950304">
<ele>335.269</ele>
<time>2026-05-21T09:39:24.639Z</time>
</trkpt>
<trkpt lat="49.6230888" lon="21.0953846">
<ele>336.330</ele>
<time>2026-05-21T09:39:27.569Z</time>
</trkpt>
<trkpt lat="49.6233878" lon="21.0957570">
<ele>336.995</ele>
<time>2026-05-21T09:39:30.618Z</time>
</trkpt>
<trkpt lat="49.6236025" lon="21.0962483">
<ele>336.427</ele>
<time>2026-05-21T09:39:33.575Z</time>
</trkpt>
<trkpt lat="49.6237467" lon="21.0968183">
<ele>334.624</ele>
<time>2026-05-21T09:39:36.623Z</time>
</trkpt>
<trkpt lat="49.6238802" lon="21.0973729">
<ele>332.219</ele>
<time>2026-05-21T09:39:39.663Z</time>
</trkpt>
<trkpt lat="49.6239863" lon="21.0978960">
<ele>329.557</ele>
<time>2026-05-21T09:39:42.527Z</time>
</trkpt>
<trkpt lat="49.6241244" lon="21.0984385">
<ele>326.437</ele>
<time>2026-05-21T09:39:45.485Z</time>
</trkpt>
<trkpt lat="49.6242659" lon="21.0990053">
<ele>323.183</ele>
<time>2026-05-21T09:39:48.456Z</time>
</trkpt>
<trkpt lat="49.6244071" lon="21.0995809">
<ele>320.724</ele>
<time>2026-05-21T09:39:51.462Z</time>
</trkpt>
<trkpt lat="49.6245415" lon="21.1001269">
<ele>319.469</ele>
<time>2026-05-21T09:39:54.396Z</time>
</trkpt>
<trkpt lat="49.6246765" lon="21.1006743">
<ele>319.018</ele>
<time>2026-05-21T09:39:57.378Z</time>
</trkpt>
<trkpt lat="49.6248193" lon="21.1012329">
<ele>318.659</ele>
<time>2026-05-21T09:40:00.420Z</time>
</trkpt>
<trkpt lat="49.6249473" lon="21.1017802">
<ele>317.629</ele>
<time>2026-05-21T09:40:03.385Z</time>
</trkpt>
<trkpt lat="49.6250820" lon="21.1023204">
<ele>316.036</ele>
<time>2026-05-21T09:40:06.362Z</time>
</trkpt>
<trkpt lat="49.6252196" lon="21.1028652">
<ele>314.658</ele>
<time>2026-05-21T09:40:09.368Z</time>
</trkpt>
<trkpt lat="49.6253491" lon="21.1034111">
<ele>313.818</ele>
<time>2026-05-21T09:40:12.378Z</time>
</trkpt>
<trkpt lat="49.6254791" lon="21.1039395">
<ele>313.408</ele>
<time>2026-05-21T09:40:15.385Z</time>
</trkpt>
<trkpt lat="49.6255423" lon="21.1042878">
<ele>313.232</ele>
<time>2026-05-21T09:40:17.408Z</time>
</trkpt>
<trkpt lat="49.6255601" lon="21.1046217">
<ele>313.060</ele>
<time>2026-05-21T09:40:19.356Z</time>
</trkpt>
<trkpt lat="49.6255464" lon="21.1049585">
<ele>312.875</ele>
<time>2026-05-21T09:40:21.312Z</time>
</trkpt>
<trkpt lat="49.6255001" lon="21.1054793">
<ele>312.687</ele>
<time>2026-05-21T09:40:24.276Z</time>
</trkpt>
<trkpt lat="49.6254667" lon="21.1058532">
<ele>312.455</ele>
<time>2026-05-21T09:40:26.257Z</time>
</trkpt>
<trkpt lat="49.6254125" lon="21.1064485">
<ele>312.194</ele>
<time>2026-05-21T09:40:29.265Z</time>
</trkpt>
<trkpt lat="49.6253611" lon="21.1070652">
<ele>311.858</ele>
<time>2026-05-21T09:40:32.245Z</time>
</trkpt>
<trkpt lat="49.6252960" lon="21.1076829">
<ele>311.408</ele>
<time>2026-05-21T09:40:35.185Z</time>
</trkpt>
<trkpt lat="49.6252419" lon="21.1082979">
<ele>310.982</ele>
<time>2026-05-21T09:40:38.129Z</time>
</trkpt>
<trkpt lat="49.6251860" lon="21.1088798">
<ele>310.764</ele>
<time>2026-05-21T09:40:41.075Z</time>
</trkpt>
<trkpt lat="49.6251303" lon="21.1094078">
<ele>310.919</ele>
<time>2026-05-21T09:40:44.010Z</time>
</trkpt>
<trkpt lat="49.6250723" lon="21.1098764">
<ele>311.500</ele>
<time>2026-05-21T09:40:46.853Z</time>
</trkpt>
<trkpt lat="49.6249985" lon="21.1103612">
<ele>312.418</ele>
<time>2026-05-21T09:40:49.873Z</time>
</trkpt>
<trkpt lat="49.6249142" lon="21.1108702">
<ele>313.543</ele>
<time>2026-05-21T09:40:52.931Z</time>
</trkpt>
<trkpt lat="49.6248488" lon="21.1114004">
<ele>314.762</ele>
<time>2026-05-21T09:40:55.998Z</time>
</trkpt>
<trkpt lat="49.6248105" lon="21.1119214">
<ele>315.904</ele>
<time>2026-05-21T09:40:58.992Z</time>
</trkpt>
<trkpt lat="49.6248540" lon="21.1124513">
<ele>316.894</ele>
<time>2026-05-21T09:41:02.011Z</time>
</trkpt>
<trkpt lat="49.6250135" lon="21.1129518">
<ele>317.691</ele>
<time>2026-05-21T09:41:04.997Z</time>
</trkpt>
<trkpt lat="49.6253076" lon="21.1134059">
<ele>318.013</ele>
<time>2026-05-21T09:41:08.150Z</time>
</trkpt>
<trkpt lat="49.6256207" lon="21.1138699">
<ele>317.491</ele>
<time>2026-05-21T09:41:11.304Z</time>
</trkpt>
<trkpt lat="49.6259080" lon="21.1142924">
<ele>316.284</ele>
<time>2026-05-21T09:41:14.287Z</time>
</trkpt>
<trkpt lat="49.6261710" lon="21.1147220">
<ele>314.948</ele>
<time>2026-05-21T09:41:17.281Z</time>
</trkpt>
<trkpt lat="49.6263868" lon="21.1152339">
<ele>313.754</ele>
<time>2026-05-21T09:41:20.342Z</time>
</trkpt>
<trkpt lat="49.6265736" lon="21.1157820">
<ele>312.748</ele>
<time>2026-05-21T09:41:23.312Z</time>
</trkpt>
<trkpt lat="49.6267857" lon="21.1163405">
<ele>311.661</ele>
<time>2026-05-21T09:41:26.290Z</time>
</trkpt>
<trkpt lat="49.6270063" lon="21.1169141">
<ele>310.198</ele>
<time>2026-05-21T09:41:29.294Z</time>
</trkpt>
<trkpt lat="49.6272002" lon="21.1175153">
<ele>308.814</ele>
<time>2026-05-21T09:41:32.277Z</time>
</trkpt>
<trkpt lat="49.6274360" lon="21.1181198">
<ele>308.113</ele>
<time>2026-05-21T09:41:35.325Z</time>
</trkpt>
<trkpt lat="49.6276698" lon="21.1187570">
<ele>307.694</ele>
<time>2026-05-21T09:41:38.374Z</time>
</trkpt>
<trkpt lat="49.6279129" lon="21.1193986">
<ele>307.049</ele>
<time>2026-05-21T09:41:41.424Z</time>
</trkpt>
<trkpt lat="49.6281505" lon="21.1200179">
<ele>306.296</ele>
<time>2026-05-21T09:41:44.470Z</time>
</trkpt>
<trkpt lat="49.6283639" lon="21.1205878">
<ele>305.550</ele>
<time>2026-05-21T09:41:47.431Z</time>
</trkpt>
<trkpt lat="49.6285695" lon="21.1211276">
<ele>304.702</ele>
<time>2026-05-21T09:41:50.431Z</time>
</trkpt>
<trkpt lat="49.6287501" lon="21.1216283">
<ele>303.966</ele>
<time>2026-05-21T09:41:53.353Z</time>
</trkpt>
<trkpt lat="49.6289259" lon="21.1221048">
<ele>303.658</ele>
<time>2026-05-21T09:41:56.296Z</time>
</trkpt>
<trkpt lat="49.6291014" lon="21.1225670">
<ele>303.777</ele>
<time>2026-05-21T09:41:59.207Z</time>
</trkpt>
<trkpt lat="49.6292861" lon="21.1230643">
<ele>303.959</ele>
<time>2026-05-21T09:42:02.175Z</time>
</trkpt>
<trkpt lat="49.6294900" lon="21.1236225">
<ele>303.933</ele>
<time>2026-05-21T09:42:05.211Z</time>
</trkpt>
<trkpt lat="49.6297114" lon="21.1242125">
<ele>303.976</ele>
<time>2026-05-21T09:42:08.263Z</time>
</trkpt>
<trkpt lat="49.6299296" lon="21.1247935">
<ele>304.355</ele>
<time>2026-05-21T09:42:11.259Z</time>
</trkpt>
<trkpt lat="49.6301417" lon="21.1253637">
<ele>304.794</ele>
<time>2026-05-21T09:42:14.238Z</time>
</trkpt>
<trkpt lat="49.6303573" lon="21.1259215">
<ele>304.847</ele>
<time>2026-05-21T09:42:17.217Z</time>
</trkpt>
<trkpt lat="49.6305714" lon="21.1264758">
<ele>304.433</ele>
<time>2026-05-21T09:42:20.189Z</time>
</trkpt>
<trkpt lat="49.6307174" lon="21.1268500">
<ele>303.838</ele>
<time>2026-05-21T09:42:22.186Z</time>
</trkpt>
<trkpt lat="49.6309450" lon="21.1274099">
<ele>303.431</ele>
<time>2026-05-21T09:42:25.172Z</time>
</trkpt>
<trkpt lat="49.6312035" lon="21.1279672">
<ele>303.513</ele>
<time>2026-05-21T09:42:28.188Z</time>
</trkpt>
<trkpt lat="49.6314181" lon="21.1283132">
<ele>304.204</ele>
<time>2026-05-21T09:42:30.203Z</time>
</trkpt>
<trkpt lat="49.6317513" lon="21.1288371">
<ele>305.004</ele>
<time>2026-05-21T09:42:33.213Z</time>
</trkpt>
<trkpt lat="49.6319795" lon="21.1291866">
<ele>305.193</ele>
<time>2026-05-21T09:42:35.221Z</time>
</trkpt>
<trkpt lat="49.6323209" lon="21.1297027">
<ele>304.657</ele>
<time>2026-05-21T09:42:38.223Z</time>
</trkpt>
<trkpt lat="49.6326512" lon="21.1302038">
<ele>303.703</ele>
<time>2026-05-21T09:42:41.201Z</time>
</trkpt>
<trkpt lat="49.6329653" lon="21.1306869">
<ele>302.707</ele>
<time>2026-05-21T09:42:44.202Z</time>
</trkpt>
<trkpt lat="49.6332509" lon="21.1311167">
<ele>302.059</ele>
<time>2026-05-21T09:42:47.090Z</time>
</trkpt>
<trkpt lat="49.6335255" lon="21.1315559">
<ele>302.043</ele>
<time>2026-05-21T09:42:50.036Z</time>
</trkpt>
<trkpt lat="49.6338159" lon="21.1320190">
<ele>302.689</ele>
<time>2026-05-21T09:42:53.030Z</time>
</trkpt>
<trkpt lat="49.6341373" lon="21.1325307">
<ele>303.602</ele>
<time>2026-05-21T09:42:56.104Z</time>
</trkpt>
<trkpt lat="49.6344466" lon="21.1331255">
<ele>304.230</ele>
<time>2026-05-21T09:42:59.257Z</time>
</trkpt>
<trkpt lat="49.6347087" lon="21.1336898">
<ele>304.306</ele>
<time>2026-05-21T09:43:02.225Z</time>
</trkpt>
<trkpt lat="49.6349531" lon="21.1342201">
<ele>303.949</ele>
<time>2026-05-21T09:43:05.161Z</time>
</trkpt>
<trkpt lat="49.6351827" lon="21.1347391">
<ele>303.578</ele>
<time>2026-05-21T09:43:08.110Z</time>
</trkpt>
<trkpt lat="49.6354034" lon="21.1352413">
<ele>303.517</ele>
<time>2026-05-21T09:43:11.053Z</time>
</trkpt>
<trkpt lat="49.6356265" lon="21.1357443">
<ele>303.689</ele>
<time>2026-05-21T09:43:14.062Z</time>
</trkpt>
<trkpt lat="49.6358593" lon="21.1362485">
<ele>303.858</ele>
<time>2026-05-21T09:43:17.082Z</time>
</trkpt>
<trkpt lat="49.6360979" lon="21.1367657">
<ele>303.889</ele>
<time>2026-05-21T09:43:20.112Z</time>
</trkpt>
<trkpt lat="49.6363274" lon="21.1372909">
<ele>303.800</ele>
<time>2026-05-21T09:43:23.112Z</time>
</trkpt>
<trkpt lat="49.6365630" lon="21.1378151">
<ele>303.557</ele>
<time>2026-05-21T09:43:26.145Z</time>
</trkpt>
<trkpt lat="49.6367967" lon="21.1383380">
<ele>303.092</ele>
<time>2026-05-21T09:43:29.186Z</time>
</trkpt>
<trkpt lat="49.6370278" lon="21.1388517">
<ele>302.547</ele>
<time>2026-05-21T09:43:32.213Z</time>
</trkpt>
<trkpt lat="49.6372769" lon="21.1393384">
<ele>302.173</ele>
<time>2026-05-21T09:43:35.261Z</time>
</trkpt>
<trkpt lat="49.6375646" lon="21.1397537">
<ele>302.033</ele>
<time>2026-05-21T09:43:38.270Z</time>
</trkpt>
<trkpt lat="49.6378812" lon="21.1401301">
<ele>302.056</ele>
<time>2026-05-21T09:43:41.272Z</time>
</trkpt>
<trkpt lat="49.6382037" lon="21.1405053">
<ele>302.151</ele>
<time>2026-05-21T09:43:44.249Z</time>
</trkpt>
<trkpt lat="49.6385226" lon="21.1408737">
<ele>302.169</ele>
<time>2026-05-21T09:43:47.174Z</time>
</trkpt>
<trkpt lat="49.6388406" lon="21.1412484">
<ele>301.995</ele>
<time>2026-05-21T09:43:50.115Z</time>
</trkpt>
<trkpt lat="49.6391592" lon="21.1416235">
<ele>301.685</ele>
<time>2026-05-21T09:43:53.071Z</time>
</trkpt>
<trkpt lat="49.6394827" lon="21.1420085">
<ele>301.347</ele>
<time>2026-05-21T09:43:56.086Z</time>
</trkpt>
<trkpt lat="49.6398184" lon="21.1424050">
<ele>301.069</ele>
<time>2026-05-21T09:43:59.174Z</time>
</trkpt>
<trkpt lat="49.6401516" lon="21.1427935">
<ele>300.907</ele>
<time>2026-05-21T09:44:02.210Z</time>
</trkpt>
<trkpt lat="49.6404840" lon="21.1431817">
<ele>300.834</ele>
<time>2026-05-21T09:44:05.218Z</time>
</trkpt>
<trkpt lat="49.6408261" lon="21.1435785">
<ele>300.786</ele>
<time>2026-05-21T09:44:08.257Z</time>
</trkpt>
<trkpt lat="49.6411663" lon="21.1439758">
<ele>300.680</ele>
<time>2026-05-21T09:44:11.287Z</time>
</trkpt>
<trkpt lat="49.6414935" lon="21.1443641">
<ele>300.492</ele>
<time>2026-05-21T09:44:14.260Z</time>
</trkpt>
<trkpt lat="49.6418177" lon="21.1447479">
<ele>300.236</ele>
<time>2026-05-21T09:44:17.204Z</time>
</trkpt>
<trkpt lat="49.6421563" lon="21.1451437">
<ele>299.821</ele>
<time>2026-05-21T09:44:20.212Z</time>
</trkpt>
<trkpt lat="49.6425014" lon="21.1455416">
<ele>299.131</ele>
<time>2026-05-21T09:44:23.234Z</time>
</trkpt>
<trkpt lat="49.6428411" lon="21.1459360">
<ele>298.349</ele>
<time>2026-05-21T09:44:26.227Z</time>
</trkpt>
<trkpt lat="49.6430668" lon="21.1461963">
<ele>297.816</ele>
<time>2026-05-21T09:44:28.221Z</time>
</trkpt>
<trkpt lat="49.6432882" lon="21.1464579">
<ele>297.517</ele>
<time>2026-05-21T09:44:30.207Z</time>
</trkpt>
<trkpt lat="49.6436215" lon="21.1468445">
<ele>297.208</ele>
<time>2026-05-21T09:44:33.195Z</time>
</trkpt>
<trkpt lat="49.6439505" lon="21.1472305">
<ele>296.873</ele>
<time>2026-05-21T09:44:36.175Z</time>
</trkpt>
<trkpt lat="49.6441698" lon="21.1474959">
<ele>296.614</ele>
<time>2026-05-21T09:44:38.173Z</time>
</trkpt>
<trkpt lat="49.6445018" lon="21.1478905">
<ele>296.470</ele>
<time>2026-05-21T09:44:41.147Z</time>
</trkpt>
<trkpt lat="49.6448383" lon="21.1482900">
<ele>296.427</ele>
<time>2026-05-21T09:44:44.127Z</time>
</trkpt>
<trkpt lat="49.6451727" lon="21.1486863">
<ele>296.415</ele>
<time>2026-05-21T09:44:47.086Z</time>
</trkpt>
<trkpt lat="49.6455151" lon="21.1490898">
<ele>296.405</ele>
<time>2026-05-21T09:44:50.114Z</time>
</trkpt>
<trkpt lat="49.6458636" lon="21.1494883">
<ele>296.367</ele>
<time>2026-05-21T09:44:53.196Z</time>
</trkpt>
<trkpt lat="49.6462021" lon="21.1498157">
<ele>296.230</ele>
<time>2026-05-21T09:44:56.140Z</time>
</trkpt>
<trkpt lat="49.6465363" lon="21.1501264">
<ele>295.787</ele>
<time>2026-05-21T09:44:59.112Z</time>
</trkpt>
<trkpt lat="49.6468762" lon="21.1504229">
<ele>294.910</ele>
<time>2026-05-21T09:45:02.088Z</time>
</trkpt>
<trkpt lat="49.6472267" lon="21.1507318">
<ele>293.840</ele>
<time>2026-05-21T09:45:05.104Z</time>
</trkpt>
<trkpt lat="49.6475707" lon="21.1510453">
<ele>292.980</ele>
<time>2026-05-21T09:45:08.095Z</time>
</trkpt>
<trkpt lat="49.6478631" lon="21.1513698">
<ele>292.520</ele>
<time>2026-05-21T09:45:10.936Z</time>
</trkpt>
<trkpt lat="49.6481422" lon="21.1517152">
<ele>292.356</ele>
<time>2026-05-21T09:45:13.921Z</time>
</trkpt>
<trkpt lat="49.6484132" lon="21.1520397">
<ele>292.186</ele>
<time>2026-05-21T09:45:16.877Z</time>
</trkpt>
<trkpt lat="49.6486740" lon="21.1523576">
<ele>291.868</ele>
<time>2026-05-21T09:45:19.859Z</time>
</trkpt>
<trkpt lat="49.6489184" lon="21.1526449">
<ele>291.478</ele>
<time>2026-05-21T09:45:22.773Z</time>
</trkpt>
<trkpt lat="49.6491524" lon="21.1529311">
<ele>291.076</ele>
<time>2026-05-21T09:45:25.738Z</time>
</trkpt>
<trkpt lat="49.6493875" lon="21.1532128">
<ele>290.669</ele>
<time>2026-05-21T09:45:28.719Z</time>
</trkpt>
<trkpt lat="49.6496297" lon="21.1535068">
<ele>290.335</ele>
<time>2026-05-21T09:45:31.759Z</time>
</trkpt>
<trkpt lat="49.6498792" lon="21.1538045">
<ele>290.184</ele>
<time>2026-05-21T09:45:34.873Z</time>
</trkpt>
<trkpt lat="49.6500965" lon="21.1540703">
<ele>290.235</ele>
<time>2026-05-21T09:45:37.894Z</time>
</trkpt>
<trkpt lat="49.6502697" lon="21.1542733">
<ele>290.378</ele>
<time>2026-05-21T09:45:40.992Z</time>
</trkpt>
<trkpt lat="49.6503570" lon="21.1543805">
<ele>290.384</ele>
<time>2026-05-21T09:45:43.186Z</time>
</trkpt>
<trkpt lat="49.6504379" lon="21.1544832">
<ele>290.157</ele>
<time>2026-05-21T09:45:46.053Z</time>
</trkpt>
<trkpt lat="49.6505429" lon="21.1546048">
<ele>289.894</ele>
<time>2026-05-21T09:45:49.249Z</time>
</trkpt>
<trkpt lat="49.6506829" lon="21.1547726">
<ele>289.854</ele>
<time>2026-05-21T09:45:52.602Z</time>
</trkpt>
<trkpt lat="49.6508167" lon="21.1549332">
<ele>290.040</ele>
<time>2026-05-21T09:45:55.612Z</time>
</trkpt>
<trkpt lat="49.6509490" lon="21.1550940">
<ele>290.269</ele>
<time>2026-05-21T09:45:58.839Z</time>
</trkpt>
<trkpt lat="49.6510460" lon="21.1552127">
<ele>290.400</ele>
<time>2026-05-21T09:46:01.773Z</time>
</trkpt>
<trkpt lat="49.6511237" lon="21.1553057">
<ele>290.436</ele>
<time>2026-05-21T09:46:04.937Z</time>
</trkpt>
<trkpt lat="49.6511979" lon="21.1553960">
<ele>290.436</ele>
<time>2026-05-21T09:46:08.179Z</time>
</trkpt>
<trkpt lat="49.6513248" lon="21.1555400">
<ele>290.461</ele>
<time>2026-05-21T09:46:11.591Z</time>
</trkpt>
<trkpt lat="49.6514966" lon="21.1557321">
<ele>290.544</ele>
<time>2026-05-21T09:46:14.888Z</time>
</trkpt>
<trkpt lat="49.6516705" lon="21.1559388">
<ele>290.669</ele>
<time>2026-05-21T09:46:18.023Z</time>
</trkpt>
<trkpt lat="49.6518183" lon="21.1561161">
<ele>290.773</ele>
<time>2026-05-21T09:46:20.928Z</time>
</trkpt>
<trkpt lat="49.6519364" lon="21.1562776">
<ele>290.807</ele>
<time>2026-05-21T09:46:23.787Z</time>
</trkpt>
<trkpt lat="49.6520438" lon="21.1563992">
<ele>290.702</ele>
<time>2026-05-21T09:46:26.614Z</time>
</trkpt>
<trkpt lat="49.6521354" lon="21.1565161">
<ele>290.418</ele>
<time>2026-05-21T09:46:29.470Z</time>
</trkpt>
<trkpt lat="49.6522228" lon="21.1566198">
<ele>290.039</ele>
<time>2026-05-21T09:46:32.481Z</time>
</trkpt>
<trkpt lat="49.6523029" lon="21.1567139">
<ele>289.685</ele>
<time>2026-05-21T09:46:36.010Z</time>
</trkpt>
<trkpt lat="49.6523029" lon="21.1567139">
<ele>289.424</ele>
<time>2026-05-21T09:46:40.009Z</time>
</trkpt>
<trkpt lat="49.6523029" lon="21.1567139">
<ele>289.264</ele>
<time>2026-05-21T09:46:58.883Z</time>
</trkpt>
<trkpt lat="49.6524555" lon="21.1568510">
<ele>289.194</ele>
<time>2026-05-21T09:47:10.081Z</time>
</trkpt>
<trkpt lat="49.6525483" lon="21.1569537">
<ele>289.317</ele>
<time>2026-05-21T09:47:13.524Z</time>
</trkpt>
<trkpt lat="49.6526464" lon="21.1570581">
<ele>289.642</ele>
<time>2026-05-21T09:47:16.706Z</time>
</trkpt>
<trkpt lat="49.6527346" lon="21.1571632">
<ele>289.939</ele>
<time>2026-05-21T09:47:19.566Z</time>
</trkpt>
<trkpt lat="49.6528229" lon="21.1572728">
<ele>290.049</ele>
<time>2026-05-21T09:47:22.036Z</time>
</trkpt>
<trkpt lat="49.6529389" lon="21.1574222">
<ele>290.013</ele>
<time>2026-05-21T09:47:24.893Z</time>
</trkpt>
<trkpt lat="49.6530594" lon="21.1576015">
<ele>289.915</ele>
<time>2026-05-21T09:47:27.665Z</time>
</trkpt>
<trkpt lat="49.6532066" lon="21.1578020">
<ele>289.792</ele>
<time>2026-05-21T09:47:30.699Z</time>
</trkpt>
<trkpt lat="49.6533421" lon="21.1579791">
<ele>289.626</ele>
<time>2026-05-21T09:47:33.628Z</time>
</trkpt>
<trkpt lat="49.6534539" lon="21.1581024">
<ele>289.426</ele>
<time>2026-05-21T09:47:36.269Z</time>
</trkpt>
<trkpt lat="49.6535585" lon="21.1582326">
<ele>289.198</ele>
<time>2026-05-21T09:47:39.273Z</time>
</trkpt>
<trkpt lat="49.6536490" lon="21.1583420">
<ele>288.941</ele>
<time>2026-05-21T09:47:42.001Z</time>
</trkpt>
<trkpt lat="49.6537620" lon="21.1584733">
<ele>288.803</ele>
<time>2026-05-21T09:47:45.045Z</time>
</trkpt>
<trkpt lat="49.6538897" lon="21.1586371">
<ele>288.904</ele>
<time>2026-05-21T09:47:48.075Z</time>
</trkpt>
<trkpt lat="49.6540294" lon="21.1588109">
<ele>289.186</ele>
<time>2026-05-21T09:47:51.008Z</time>
</trkpt>
<trkpt lat="49.6541765" lon="21.1590021">
<ele>289.559</ele>
<time>2026-05-21T09:47:54.037Z</time>
</trkpt>
<trkpt lat="49.6543058" lon="21.1591680">
<ele>289.897</ele>
<time>2026-05-21T09:47:56.839Z</time>
</trkpt>
<trkpt lat="49.6544188" lon="21.1593222">
<ele>290.017</ele>
<time>2026-05-21T09:47:59.710Z</time>
</trkpt>
<trkpt lat="49.6544963" lon="21.1594230">
<ele>289.853</ele>
<time>2026-05-21T09:48:02.009Z</time>
</trkpt>
<trkpt lat="49.6544963" lon="21.1594230">
<ele>289.551</ele>
<time>2026-05-21T09:48:06.009Z</time>
</trkpt>
<trkpt lat="49.6544963" lon="21.1594230">
<ele>289.315</ele>
<time>2026-05-21T09:48:58.394Z</time>
</trkpt>
<trkpt lat="49.6546379" lon="21.1596001">
<ele>289.206</ele>
<time>2026-05-21T09:49:09.252Z</time>
</trkpt>
<trkpt lat="49.6547151" lon="21.1596954">
<ele>288.930</ele>
<time>2026-05-21T09:49:11.575Z</time>
</trkpt>
<trkpt lat="49.6548411" lon="21.1598467">
<ele>288.291</ele>
<time>2026-05-21T09:49:13.759Z</time>
</trkpt>
<trkpt lat="49.6550933" lon="21.1601450">
<ele>287.688</ele>
<time>2026-05-21T09:49:17.030Z</time>
</trkpt>
<trkpt lat="49.6553476" lon="21.1604736">
<ele>287.644</ele>
<time>2026-05-21T09:49:20.172Z</time>
</trkpt>
<trkpt lat="49.6555734" lon="21.1607658">
<ele>288.083</ele>
<time>2026-05-21T09:49:22.981Z</time>
</trkpt>
<trkpt lat="49.6558071" lon="21.1610887">
<ele>288.454</ele>
<time>2026-05-21T09:49:25.789Z</time>
</trkpt>
<trkpt lat="49.6560854" lon="21.1614586">
<ele>288.414</ele>
<time>2026-05-21T09:49:28.929Z</time>
</trkpt>
<trkpt lat="49.6563413" lon="21.1618059">
<ele>288.173</ele>
<time>2026-05-21T09:49:31.878Z</time>
</trkpt>
<trkpt lat="49.6565998" lon="21.1621563">
<ele>288.020</ele>
<time>2026-05-21T09:49:34.789Z</time>
</trkpt>
<trkpt lat="49.6568823" lon="21.1625367">
<ele>288.081</ele>
<time>2026-05-21T09:49:37.771Z</time>
</trkpt>
<trkpt lat="49.6571756" lon="21.1629378">
<ele>288.375</ele>
<time>2026-05-21T09:49:40.759Z</time>
</trkpt>
<trkpt lat="49.6574806" lon="21.1633619">
<ele>288.782</ele>
<time>2026-05-21T09:49:43.892Z</time>
</trkpt>
<trkpt lat="49.6577739" lon="21.1637548">
<ele>289.136</ele>
<time>2026-05-21T09:49:46.921Z</time>
</trkpt>
<trkpt lat="49.6580674" lon="21.1641438">
<ele>289.441</ele>
<time>2026-05-21T09:49:49.906Z</time>
</trkpt>
<trkpt lat="49.6583725" lon="21.1645651">
<ele>289.754</ele>
<time>2026-05-21T09:49:52.950Z</time>
</trkpt>
<trkpt lat="49.6586811" lon="21.1649965">
<ele>289.738</ele>
<time>2026-05-21T09:49:56.015Z</time>
</trkpt>
<trkpt lat="49.6589783" lon="21.1653978">
<ele>288.976</ele>
<time>2026-05-21T09:49:59.015Z</time>
</trkpt>
<trkpt lat="49.6592579" lon="21.1657928">
<ele>287.784</ele>
<time>2026-05-21T09:50:01.944Z</time>
</trkpt>
<trkpt lat="49.6595504" lon="21.1661977">
<ele>286.746</ele>
<time>2026-05-21T09:50:04.902Z</time>
</trkpt>
<trkpt lat="49.6598683" lon="21.1666193">
<ele>285.928</ele>
<time>2026-05-21T09:50:07.960Z</time>
</trkpt>
<trkpt lat="49.6601806" lon="21.1670325">
<ele>285.164</ele>
<time>2026-05-21T09:50:10.956Z</time>
</trkpt>
<trkpt lat="49.6604708" lon="21.1674514">
<ele>284.445</ele>
<time>2026-05-21T09:50:13.853Z</time>
</trkpt>
<trkpt lat="49.6607792" lon="21.1678739">
<ele>283.887</ele>
<time>2026-05-21T09:50:16.797Z</time>
</trkpt>
<trkpt lat="49.6611034" lon="21.1683201">
<ele>283.675</ele>
<time>2026-05-21T09:50:19.794Z</time>
</trkpt>
<trkpt lat="49.6614487" lon="21.1687872">
<ele>283.820</ele>
<time>2026-05-21T09:50:22.840Z</time>
</trkpt>
<trkpt lat="49.6618166" lon="21.1692753">
<ele>284.002</ele>
<time>2026-05-21T09:50:25.937Z</time>
</trkpt>
<trkpt lat="49.6621983" lon="21.1697358">
<ele>283.923</ele>
<time>2026-05-21T09:50:28.964Z</time>
</trkpt>
<trkpt lat="49.6625930" lon="21.1701461">
<ele>283.615</ele>
<time>2026-05-21T09:50:31.917Z</time>
</trkpt>
<trkpt lat="49.6630177" lon="21.1704807">
<ele>283.290</ele>
<time>2026-05-21T09:50:34.855Z</time>
</trkpt>
<trkpt lat="49.6634681" lon="21.1707400">
<ele>283.024</ele>
<time>2026-05-21T09:50:37.817Z</time>
</trkpt>
<trkpt lat="49.6639108" lon="21.1709448">
<ele>282.703</ele>
<time>2026-05-21T09:50:40.748Z</time>
</trkpt>
<trkpt lat="49.6643461" lon="21.1710850">
<ele>282.293</ele>
<time>2026-05-21T09:50:43.751Z</time>
</trkpt>
<trkpt lat="49.6647438" lon="21.1712071">
<ele>281.921</ele>
<time>2026-05-21T09:50:46.650Z</time>
</trkpt>
<trkpt lat="49.6650133" lon="21.1712863">
<ele>281.685</ele>
<time>2026-05-21T09:50:48.628Z</time>
</trkpt>
<trkpt lat="49.6654312" lon="21.1714101">
<ele>281.682</ele>
<time>2026-05-21T09:50:51.763Z</time>
</trkpt>
<trkpt lat="49.6658060" lon="21.1715065">
<ele>281.913</ele>
<time>2026-05-21T09:50:54.791Z</time>
</trkpt>
<trkpt lat="49.6660232" lon="21.1715690">
<ele>282.096</ele>
<time>2026-05-21T09:50:56.670Z</time>
</trkpt>
<trkpt lat="49.6662557" lon="21.1716415">
<ele>281.996</ele>
<time>2026-05-21T09:50:58.604Z</time>
</trkpt>
<trkpt lat="49.6665053" lon="21.1717315">
<ele>281.756</ele>
<time>2026-05-21T09:51:00.551Z</time>
</trkpt>
<trkpt lat="49.6668989" lon="21.1719196">
<ele>281.664</ele>
<time>2026-05-21T09:51:03.480Z</time>
</trkpt>
<trkpt lat="49.6673231" lon="21.1721891">
<ele>281.841</ele>
<time>2026-05-21T09:51:06.437Z</time>
</trkpt>
<trkpt lat="49.6677707" lon="21.1725639">
<ele>282.146</ele>
<time>2026-05-21T09:51:09.438Z</time>
</trkpt>
<trkpt lat="49.6682123" lon="21.1730620">
<ele>282.487</ele>
<time>2026-05-21T09:51:12.500Z</time>
</trkpt>
<trkpt lat="49.6685903" lon="21.1736315">
<ele>282.878</ele>
<time>2026-05-21T09:51:15.456Z</time>
</trkpt>
<trkpt lat="49.6689231" lon="21.1742525">
<ele>283.130</ele>
<time>2026-05-21T09:51:18.465Z</time>
</trkpt>
<trkpt lat="49.6691846" lon="21.1748976">
<ele>283.018</ele>
<time>2026-05-21T09:51:21.429Z</time>
</trkpt>
<trkpt lat="49.6693993" lon="21.1755631">
<ele>282.484</ele>
<time>2026-05-21T09:51:24.412Z</time>
</trkpt>
<trkpt lat="49.6695607" lon="21.1762596">
<ele>281.718</ele>
<time>2026-05-21T09:51:27.465Z</time>
</trkpt>
<trkpt lat="49.6696514" lon="21.1769005">
<ele>281.109</ele>
<time>2026-05-21T09:51:30.774Z</time>
</trkpt>
<trkpt lat="49.6696901" lon="21.1772030">
<ele>280.690</ele>
<time>2026-05-21T09:51:33.320Z</time>
</trkpt>
<trkpt lat="49.6698126" lon="21.1772618">
<ele>280.247</ele>
<time>2026-05-21T09:51:35.815Z</time>
</trkpt>
<trkpt lat="49.6699439" lon="21.1771708">
<ele>279.947</ele>
<time>2026-05-21T09:51:39.426Z</time>
</trkpt>
<trkpt lat="49.6700431" lon="21.1771313">
<ele>279.980</ele>
<time>2026-05-21T09:51:42.010Z</time>
</trkpt>
<trkpt lat="49.6700431" lon="21.1771313">
<ele>280.170</ele>
<time>2026-05-21T09:51:46.010Z</time>
</trkpt>
<trkpt lat="49.6700431" lon="21.1771313">
<ele>280.243</ele>
<time>2026-05-21T09:51:46.110Z</time>
</trkpt>
<trkpt lat="49.6701825" lon="21.1772901">
<ele>280.120</ele>
<time>2026-05-21T09:51:51.625Z</time>
</trkpt>
<trkpt lat="49.6702913" lon="21.1775691">
<ele>280.213</ele>
<time>2026-05-21T09:51:54.635Z</time>
</trkpt>
<trkpt lat="49.6704470" lon="21.1779347">
<ele>280.842</ele>
<time>2026-05-21T09:51:57.731Z</time>
</trkpt>
<trkpt lat="49.6706277" lon="21.1783331">
<ele>281.613</ele>
<time>2026-05-21T09:52:00.740Z</time>
</trkpt>
<trkpt lat="49.6708475" lon="21.1787065">
<ele>282.095</ele>
<time>2026-05-21T09:52:03.670Z</time>
</trkpt>
<trkpt lat="49.6711016" lon="21.1790572">
<ele>282.324</ele>
<time>2026-05-21T09:52:06.628Z</time>
</trkpt>
<trkpt lat="49.6713884" lon="21.1793583">
<ele>282.431</ele>
<time>2026-05-21T09:52:09.571Z</time>
</trkpt>
<trkpt lat="49.6717039" lon="21.1796195">
<ele>282.522</ele>
<time>2026-05-21T09:52:12.525Z</time>
</trkpt>
<trkpt lat="49.6720521" lon="21.1798151">
<ele>282.643</ele>
<time>2026-05-21T09:52:15.485Z</time>
</trkpt>
<trkpt lat="49.6724214" lon="21.1799694">
<ele>282.809</ele>
<time>2026-05-21T09:52:18.433Z</time>
</trkpt>
<trkpt lat="49.6728195" lon="21.1800269">
<ele>282.996</ele>
<time>2026-05-21T09:52:21.413Z</time>
</trkpt>
<trkpt lat="49.6732273" lon="21.1800690">
<ele>283.054</ele>
<time>2026-05-21T09:52:24.413Z</time>
</trkpt>
<trkpt lat="49.6736292" lon="21.1801088">
<ele>282.866</ele>
<time>2026-05-21T09:52:27.437Z</time>
</trkpt>
<trkpt lat="49.6740062" lon="21.1801416">
<ele>282.543</ele>
<time>2026-05-21T09:52:30.456Z</time>
</trkpt>
<trkpt lat="49.6743504" lon="21.1801739">
<ele>282.229</ele>
<time>2026-05-21T09:52:33.366Z</time>
</trkpt>
<trkpt lat="49.6747000" lon="21.1802202">
<ele>281.967</ele>
<time>2026-05-21T09:52:36.338Z</time>
</trkpt>
<trkpt lat="49.6750696" lon="21.1802570">
<ele>281.732</ele>
<time>2026-05-21T09:52:39.382Z</time>
</trkpt>
<trkpt lat="49.6754437" lon="21.1803260">
<ele>281.490</ele>
<time>2026-05-21T09:52:42.392Z</time>
</trkpt>
<trkpt lat="49.6758035" lon="21.1804721">
<ele>281.300</ele>
<time>2026-05-21T09:52:45.327Z</time>
</trkpt>
<trkpt lat="49.6761559" lon="21.1806837">
<ele>281.299</ele>
<time>2026-05-21T09:52:48.275Z</time>
</trkpt>
<trkpt lat="49.6765151" lon="21.1809382">
<ele>281.485</ele>
<time>2026-05-21T09:52:51.295Z</time>
</trkpt>
<trkpt lat="49.6767630" lon="21.1811066">
<ele>281.655</ele>
<time>2026-05-21T09:52:53.313Z</time>
</trkpt>
<trkpt lat="49.6771405" lon="21.1813629">
<ele>281.661</ele>
<time>2026-05-21T09:52:56.339Z</time>
</trkpt>
<trkpt lat="49.6775199" lon="21.1816482">
<ele>281.649</ele>
<time>2026-05-21T09:52:59.369Z</time>
</trkpt>
<trkpt lat="49.6779118" lon="21.1819345">
<ele>281.779</ele>
<time>2026-05-21T09:53:02.407Z</time>
</trkpt>
<trkpt lat="49.6783166" lon="21.1822163">
<ele>282.002</ele>
<time>2026-05-21T09:53:05.448Z</time>
</trkpt>
<trkpt lat="49.6787169" lon="21.1825036">
<ele>282.192</ele>
<time>2026-05-21T09:53:08.421Z</time>
</trkpt>
<trkpt lat="49.6791286" lon="21.1827957">
<ele>282.200</ele>
<time>2026-05-21T09:53:11.436Z</time>
</trkpt>
<trkpt lat="49.6795370" lon="21.1830854">
<ele>281.968</ele>
<time>2026-05-21T09:53:14.428Z</time>
</trkpt>
<trkpt lat="49.6799335" lon="21.1833582">
<ele>281.533</ele>
<time>2026-05-21T09:53:17.388Z</time>
</trkpt>
<trkpt lat="49.6803164" lon="21.1836320">
<ele>280.984</ele>
<time>2026-05-21T09:53:20.378Z</time>
</trkpt>
<trkpt lat="49.6806760" lon="21.1839123">
<ele>280.482</ele>
<time>2026-05-21T09:53:23.405Z</time>
</trkpt>
<trkpt lat="49.6809944" lon="21.1841411">
<ele>280.228</ele>
<time>2026-05-21T09:53:26.230Z</time>
</trkpt>
<trkpt lat="49.6813204" lon="21.1843689">
<ele>280.179</ele>
<time>2026-05-21T09:53:29.191Z</time>
</trkpt>
<trkpt lat="49.6816540" lon="21.1846137">
<ele>280.170</ele>
<time>2026-05-21T09:53:32.182Z</time>
</trkpt>
<trkpt lat="49.6820032" lon="21.1848587">
<ele>280.168</ele>
<time>2026-05-21T09:53:35.267Z</time>
</trkpt>
<trkpt lat="49.6823272" lon="21.1850895">
<ele>280.313</ele>
<time>2026-05-21T09:53:38.369Z</time>
</trkpt>
<trkpt lat="49.6825856" lon="21.1852880">
<ele>280.603</ele>
<time>2026-05-21T09:53:41.367Z</time>
</trkpt>
<trkpt lat="49.6827666" lon="21.1854860">
<ele>280.676</ele>
<time>2026-05-21T09:53:44.087Z</time>
</trkpt>
<trkpt lat="49.6829257" lon="21.1857363">
<ele>280.274</ele>
<time>2026-05-21T09:53:47.000Z</time>
</trkpt>
<trkpt lat="49.6831017" lon="21.1860254">
<ele>279.775</ele>
<time>2026-05-21T09:53:50.032Z</time>
</trkpt>
<trkpt lat="49.6833156" lon="21.1863786">
<ele>279.709</ele>
<time>2026-05-21T09:53:53.214Z</time>
</trkpt>
<trkpt lat="49.6835530" lon="21.1867840">
<ele>280.100</ele>
<time>2026-05-21T09:53:56.382Z</time>
</trkpt>
<trkpt lat="49.6837990" lon="21.1871838">
<ele>280.496</ele>
<time>2026-05-21T09:53:59.789Z</time>
</trkpt>
<trkpt lat="49.6839159" lon="21.1873869">
<ele>280.346</ele>
<time>2026-05-21T09:54:01.938Z</time>
</trkpt>
<trkpt lat="49.6840323" lon="21.1875997">
<ele>279.520</ele>
<time>2026-05-21T09:54:04.620Z</time>
</trkpt>
<trkpt lat="49.6842133" lon="21.1878927">
<ele>278.474</ele>
<time>2026-05-21T09:54:08.094Z</time>
</trkpt>
<trkpt lat="49.6843886" lon="21.1881769">
<ele>277.847</ele>
<time>2026-05-21T09:54:11.219Z</time>
</trkpt>
<trkpt lat="49.6845021" lon="21.1884496">
<ele>277.782</ele>
<time>2026-05-21T09:54:14.036Z</time>
</trkpt>
<trkpt lat="49.6844785" lon="21.1887488">
<ele>277.969</ele>
<time>2026-05-21T09:54:16.955Z</time>
</trkpt>
<trkpt lat="49.6844002" lon="21.1890274">
<ele>278.129</ele>
<time>2026-05-21T09:54:20.021Z</time>
</trkpt>
<trkpt lat="49.6843380" lon="21.1892857">
<ele>278.196</ele>
<time>2026-05-21T09:54:23.019Z</time>
</trkpt>
<trkpt lat="49.6843023" lon="21.1894654">
<ele>278.071</ele>
<time>2026-05-21T09:54:25.474Z</time>
</trkpt>
<trkpt lat="49.6843516" lon="21.1895901">
<ele>277.709</ele>
<time>2026-05-21T09:54:28.010Z</time>
</trkpt>
<trkpt lat="49.6843516" lon="21.1895901">
<ele>277.328</ele>
<time>2026-05-21T09:54:34.010Z</time>
</trkpt>
<trkpt lat="49.6843516" lon="21.1895901">
<ele>277.132</ele>
<time>2026-05-21T09:54:49.636Z</time>
</trkpt>
<trkpt lat="49.6845811" lon="21.1897366">
<ele>277.119</ele>
<time>2026-05-21T09:55:04.307Z</time>
</trkpt>
<trkpt lat="49.6846678" lon="21.1897938">
<ele>277.226</ele>
<time>2026-05-21T09:55:07.962Z</time>
</trkpt>
<trkpt lat="49.6847709" lon="21.1897792">
<ele>277.349</ele>
<time>2026-05-21T09:55:12.060Z</time>
</trkpt>
<trkpt lat="49.6848164" lon="21.1896142">
<ele>277.409</ele>
<time>2026-05-21T09:55:16.305Z</time>
</trkpt>
<trkpt lat="49.6848379" lon="21.1894606">
<ele>277.413</ele>
<time>2026-05-21T09:55:19.257Z</time>
</trkpt>
<trkpt lat="49.6848282" lon="21.1893202">
<ele>277.428</ele>
<time>2026-05-21T09:55:21.808Z</time>
</trkpt>
<trkpt lat="49.6847425" lon="21.1892260">
<ele>277.535</ele>
<time>2026-05-21T09:55:25.012Z</time>
</trkpt>
<trkpt lat="49.6847425" lon="21.1892260">
<ele>277.709</ele>
<time>2026-05-21T09:55:39.011Z</time>
</trkpt>
<trkpt lat="49.6847425" lon="21.1892260">
<ele>277.777</ele>
<time>2026-05-21T09:58:08.952Z</time>
</trkpt>
<trkpt lat="49.6845823" lon="21.1891307">
<ele>277.651</ele>
<time>2026-05-21T09:58:17.845Z</time>
</trkpt>
<trkpt lat="49.6844871" lon="21.1890718">
<ele>277.465</ele>
<time>2026-05-21T09:58:21.153Z</time>
</trkpt>
<trkpt lat="49.6843856" lon="21.1891177">
<ele>277.361</ele>
<time>2026-05-21T09:58:24.025Z</time>
</trkpt>
<trkpt lat="49.6843187" lon="21.1893370">
<ele>277.330</ele>
<time>2026-05-21T09:58:27.251Z</time>
</trkpt>
<trkpt lat="49.6842575" lon="21.1895695">
<ele>277.294</ele>
<time>2026-05-21T09:58:30.186Z</time>
</trkpt>
<trkpt lat="49.6841923" lon="21.1897976">
<ele>277.211</ele>
<time>2026-05-21T09:58:33.116Z</time>
</trkpt>
<trkpt lat="49.6841174" lon="21.1900191">
<ele>277.160</ele>
<time>2026-05-21T09:58:36.528Z</time>
</trkpt>
<trkpt lat="49.6841059" lon="21.1901698">
<ele>277.214</ele>
<time>2026-05-21T09:58:38.947Z</time>
</trkpt>
<trkpt lat="49.6842256" lon="21.1903184">
<ele>277.305</ele>
<time>2026-05-21T09:58:41.914Z</time>
</trkpt>
<trkpt lat="49.6844467" lon="21.1903786">
<ele>277.345</ele>
<time>2026-05-21T09:58:44.883Z</time>
</trkpt>
<trkpt lat="49.6847234" lon="21.1904643">
<ele>277.406</ele>
<time>2026-05-21T09:58:47.752Z</time>
</trkpt>
<trkpt lat="49.6850563" lon="21.1905954">
<ele>277.622</ele>
<time>2026-05-21T09:58:50.690Z</time>
</trkpt>
<trkpt lat="49.6854254" lon="21.1908213">
<ele>277.931</ele>
<time>2026-05-21T09:58:53.663Z</time>
</trkpt>
<trkpt lat="49.6858198" lon="21.1911308">
<ele>278.157</ele>
<time>2026-05-21T09:58:56.700Z</time>
</trkpt>
<trkpt lat="49.6861995" lon="21.1915117">
<ele>278.251</ele>
<time>2026-05-21T09:58:59.682Z</time>
</trkpt>
<trkpt lat="49.6865622" lon="21.1919617">
<ele>278.230</ele>
<time>2026-05-21T09:59:02.671Z</time>
</trkpt>
<trkpt lat="49.6869085" lon="21.1924706">
<ele>277.902</ele>
<time>2026-05-21T09:59:05.667Z</time>
</trkpt>
<trkpt lat="49.6872527" lon="21.1929951">
<ele>277.183</ele>
<time>2026-05-21T09:59:08.654Z</time>
</trkpt>
<trkpt lat="49.6874741" lon="21.1933520">
<ele>276.410</ele>
<time>2026-05-21T09:59:10.637Z</time>
</trkpt>
<trkpt lat="49.6877944" lon="21.1938791">
<ele>275.965</ele>
<time>2026-05-21T09:59:13.538Z</time>
</trkpt>
<trkpt lat="49.6880116" lon="21.1942280">
<ele>276.013</ele>
<time>2026-05-21T09:59:15.528Z</time>
</trkpt>
<trkpt lat="49.6882974" lon="21.1947214">
<ele>276.447</ele>
<time>2026-05-21T09:59:18.419Z</time>
</trkpt>
<trkpt lat="49.6885453" lon="21.1951462">
<ele>276.761</ele>
<time>2026-05-21T09:59:21.226Z</time>
</trkpt>
<trkpt lat="49.6887699" lon="21.1955127">
<ele>276.510</ele>
<time>2026-05-21T09:59:24.015Z</time>
</trkpt>
<trkpt lat="49.6889740" lon="21.1958711">
<ele>275.834</ele>
<time>2026-05-21T09:59:26.937Z</time>
</trkpt>
<trkpt lat="49.6891529" lon="21.1961846">
<ele>275.114</ele>
<time>2026-05-21T09:59:29.850Z</time>
</trkpt>
<trkpt lat="49.6892993" lon="21.1964258">
<ele>274.366</ele>
<time>2026-05-21T09:59:32.618Z</time>
</trkpt>
<trkpt lat="49.6894191" lon="21.1966075">
<ele>273.585</ele>
<time>2026-05-21T09:59:35.227Z</time>
</trkpt>
<trkpt lat="49.6895601" lon="21.1968314">
<ele>273.084</ele>
<time>2026-05-21T09:59:38.339Z</time>
</trkpt>
<trkpt lat="49.6897544" lon="21.1971593">
<ele>273.088</ele>
<time>2026-05-21T09:59:41.589Z</time>
</trkpt>
<trkpt lat="49.6900161" lon="21.1975923">
<ele>273.590</ele>
<time>2026-05-21T09:59:44.820Z</time>
</trkpt>
<trkpt lat="49.6903138" lon="21.1980980">
<ele>274.330</ele>
<time>2026-05-21T09:59:47.969Z</time>
</trkpt>
<trkpt lat="49.6906206" lon="21.1986057">
<ele>274.753</ele>
<time>2026-05-21T09:59:50.977Z</time>
</trkpt>
<trkpt lat="49.6909356" lon="21.1991289">
<ele>274.455</ele>
<time>2026-05-21T09:59:53.986Z</time>
</trkpt>
<trkpt lat="49.6912662" lon="21.1996809">
<ele>273.664</ele>
<time>2026-05-21T09:59:57.041Z</time>
</trkpt>
<trkpt lat="49.6916073" lon="21.2002531">
<ele>272.932</ele>
<time>2026-05-21T10:00:00.119Z</time>
</trkpt>
<trkpt lat="49.6919566" lon="21.2008272">
<ele>272.519</ele>
<time>2026-05-21T10:00:03.199Z</time>
</trkpt>
<trkpt lat="49.6923001" lon="21.2014019">
<ele>272.350</ele>
<time>2026-05-21T10:00:06.245Z</time>
</trkpt>
<trkpt lat="49.6926419" lon="21.2019740">
<ele>272.221</ele>
<time>2026-05-21T10:00:09.288Z</time>
</trkpt>
<trkpt lat="49.6929883" lon="21.2025438">
<ele>271.952</ele>
<time>2026-05-21T10:00:12.393Z</time>
</trkpt>
<trkpt lat="49.6933118" lon="21.2030882">
<ele>271.611</ele>
<time>2026-05-21T10:00:15.400Z</time>
</trkpt>
<trkpt lat="49.6936380" lon="21.2036255">
<ele>271.436</ele>
<time>2026-05-21T10:00:18.402Z</time>
</trkpt>
<trkpt lat="49.6939712" lon="21.2041747">
<ele>271.494</ele>
<time>2026-05-21T10:00:21.404Z</time>
</trkpt>
<trkpt lat="49.6943046" lon="21.2047371">
<ele>271.607</ele>
<time>2026-05-21T10:00:24.386Z</time>
</trkpt>
<trkpt lat="49.6946387" lon="21.2052917">
<ele>271.482</ele>
<time>2026-05-21T10:00:27.336Z</time>
</trkpt>
<trkpt lat="49.6949748" lon="21.2058473">
<ele>271.056</ele>
<time>2026-05-21T10:00:30.311Z</time>
</trkpt>
<trkpt lat="49.6953088" lon="21.2064063">
<ele>270.546</ele>
<time>2026-05-21T10:00:33.282Z</time>
</trkpt>
<trkpt lat="49.6956528" lon="21.2069741">
<ele>270.054</ele>
<time>2026-05-21T10:00:36.265Z</time>
</trkpt>
<trkpt lat="49.6960066" lon="21.2075669">
<ele>269.523</ele>
<time>2026-05-21T10:00:39.275Z</time>
</trkpt>
<trkpt lat="49.6963688" lon="21.2081638">
<ele>269.041</ele>
<time>2026-05-21T10:00:42.262Z</time>
</trkpt>
<trkpt lat="49.6967359" lon="21.2087724">
<ele>268.732</ele>
<time>2026-05-21T10:00:45.256Z</time>
</trkpt>
<trkpt lat="49.6971061" lon="21.2093852">
<ele>268.709</ele>
<time>2026-05-21T10:00:48.282Z</time>
</trkpt>
<trkpt lat="49.6974563" lon="21.2099718">
<ele>268.974</ele>
<time>2026-05-21T10:00:51.250Z</time>
</trkpt>
<trkpt lat="49.6977977" lon="21.2105301">
<ele>269.304</ele>
<time>2026-05-21T10:00:54.235Z</time>
</trkpt>
<trkpt lat="49.6981128" lon="21.2110613">
<ele>269.426</ele>
<time>2026-05-21T10:00:57.205Z</time>
</trkpt>
<trkpt lat="49.6984043" lon="21.2115459">
<ele>269.227</ele>
<time>2026-05-21T10:01:00.154Z</time>
</trkpt>
<trkpt lat="49.6986631" lon="21.2120034">
<ele>268.724</ele>
<time>2026-05-21T10:01:03.066Z</time>
</trkpt>
<trkpt lat="49.6989297" lon="21.2124435">
<ele>268.045</ele>
<time>2026-05-21T10:01:06.066Z</time>
</trkpt>
<trkpt lat="49.6991946" lon="21.2128774">
<ele>267.359</ele>
<time>2026-05-21T10:01:09.056Z</time>
</trkpt>
<trkpt lat="49.6994618" lon="21.2133140">
<ele>266.838</ele>
<time>2026-05-21T10:01:12.051Z</time>
</trkpt>
<trkpt lat="49.6997278" lon="21.2137629">
<ele>266.621</ele>
<time>2026-05-21T10:01:15.034Z</time>
</trkpt>
<trkpt lat="49.6999055" lon="21.2140733">
<ele>266.693</ele>
<time>2026-05-21T10:01:17.010Z</time>
</trkpt>
<trkpt lat="49.7001869" lon="21.2145420">
<ele>266.865</ele>
<time>2026-05-21T10:01:20.013Z</time>
</trkpt>
<trkpt lat="49.7004671" lon="21.2150080">
<ele>267.021</ele>
<time>2026-05-21T10:01:23.032Z</time>
</trkpt>
<trkpt lat="49.7006191" lon="21.2153107">
<ele>267.282</ele>
<time>2026-05-21T10:01:24.963Z</time>
</trkpt>
<trkpt lat="49.7008106" lon="21.2157674">
<ele>267.711</ele>
<time>2026-05-21T10:01:27.886Z</time>
</trkpt>
<trkpt lat="49.7009730" lon="21.2161722">
<ele>268.113</ele>
<time>2026-05-21T10:01:30.746Z</time>
</trkpt>
<trkpt lat="49.7011068" lon="21.2165256">
<ele>268.400</ele>
<time>2026-05-21T10:01:33.603Z</time>
</trkpt>
<trkpt lat="49.7012216" lon="21.2168068">
<ele>268.671</ele>
<time>2026-05-21T10:01:36.339Z</time>
</trkpt>
<trkpt lat="49.7013337" lon="21.2171099">
<ele>268.746</ele>
<time>2026-05-21T10:01:39.487Z</time>
</trkpt>
<trkpt lat="49.7014678" lon="21.2174493">
<ele>268.471</ele>
<time>2026-05-21T10:01:42.782Z</time>
</trkpt>
<trkpt lat="49.7016014" lon="21.2178135">
<ele>268.182</ele>
<time>2026-05-21T10:01:45.891Z</time>
</trkpt>
<trkpt lat="49.7017424" lon="21.2182102">
<ele>268.268</ele>
<time>2026-05-21T10:01:49.013Z</time>
</trkpt>
<trkpt lat="49.7018861" lon="21.2186094">
<ele>268.648</ele>
<time>2026-05-21T10:01:52.136Z</time>
</trkpt>
<trkpt lat="49.7019998" lon="21.2189785">
<ele>268.886</ele>
<time>2026-05-21T10:01:55.019Z</time>
</trkpt>
<trkpt lat="49.7021197" lon="21.2193654">
<ele>268.756</ele>
<time>2026-05-21T10:01:57.966Z</time>
</trkpt>
<trkpt lat="49.7022575" lon="21.2198104">
<ele>268.457</ele>
<time>2026-05-21T10:02:01.155Z</time>
</trkpt>
<trkpt lat="49.7023525" lon="21.2202243">
<ele>268.230</ele>
<time>2026-05-21T10:02:04.062Z</time>
</trkpt>
<trkpt lat="49.7024618" lon="21.2206017">
<ele>268.080</ele>
<time>2026-05-21T10:02:07.022Z</time>
</trkpt>
<trkpt lat="49.7025616" lon="21.2209485">
<ele>267.888</ele>
<time>2026-05-21T10:02:10.013Z</time>
</trkpt>
<trkpt lat="49.7026442" lon="21.2212453">
<ele>267.545</ele>
<time>2026-05-21T10:02:12.847Z</time>
</trkpt>
<trkpt lat="49.7027344" lon="21.2215578">
<ele>267.055</ele>
<time>2026-05-21T10:02:15.865Z</time>
</trkpt>
<trkpt lat="49.7028250" lon="21.2219220">
<ele>266.533</ele>
<time>2026-05-21T10:02:19.025Z</time>
</trkpt>
<trkpt lat="49.7029287" lon="21.2222596">
<ele>266.134</ele>
<time>2026-05-21T10:02:22.051Z</time>
</trkpt>
<trkpt lat="49.7030262" lon="21.2225579">
<ele>265.911</ele>
<time>2026-05-21T10:02:24.921Z</time>
</trkpt>
<trkpt lat="49.7031015" lon="21.2228808">
<ele>265.784</ele>
<time>2026-05-21T10:02:27.942Z</time>
</trkpt>
<trkpt lat="49.7031923" lon="21.2231890">
<ele>265.666</ele>
<time>2026-05-21T10:02:30.914Z</time>
</trkpt>
<trkpt lat="49.7032822" lon="21.2235032">
<ele>265.536</ele>
<time>2026-05-21T10:02:33.881Z</time>
</trkpt>
<trkpt lat="49.7033639" lon="21.2238271">
<ele>265.389</ele>
<time>2026-05-21T10:02:36.779Z</time>
</trkpt>
<trkpt lat="49.7034656" lon="21.2241753">
<ele>265.242</ele>
<time>2026-05-21T10:02:39.807Z</time>
</trkpt>
<trkpt lat="49.7035746" lon="21.2245367">
<ele>265.168</ele>
<time>2026-05-21T10:02:42.872Z</time>
</trkpt>
<trkpt lat="49.7036766" lon="21.2248824">
<ele>265.202</ele>
<time>2026-05-21T10:02:45.804Z</time>
</trkpt>
<trkpt lat="49.7037816" lon="21.2252495">
<ele>265.273</ele>
<time>2026-05-21T10:02:48.880Z</time>
</trkpt>
<trkpt lat="49.7038655" lon="21.2256142">
<ele>265.336</ele>
<time>2026-05-21T10:02:51.888Z</time>
</trkpt>
<trkpt lat="49.7039497" lon="21.2259523">
<ele>265.591</ele>
<time>2026-05-21T10:02:54.827Z</time>
</trkpt>
<trkpt lat="49.7040491" lon="21.2263049">
<ele>266.306</ele>
<time>2026-05-21T10:02:57.968Z</time>
</trkpt>
<trkpt lat="49.7041460" lon="21.2266574">
<ele>267.270</ele>
<time>2026-05-21T10:03:01.121Z</time>
</trkpt>
<trkpt lat="49.7042357" lon="21.2269943">
<ele>267.947</ele>
<time>2026-05-21T10:03:04.120Z</time>
</trkpt>
<trkpt lat="49.7042915" lon="21.2273655">
<ele>268.148</ele>
<time>2026-05-21T10:03:06.971Z</time>
</trkpt>
<trkpt lat="49.7043156" lon="21.2278497">
<ele>267.937</ele>
<time>2026-05-21T10:03:10.029Z</time>
</trkpt>
<trkpt lat="49.7043157" lon="21.2283928">
<ele>267.338</ele>
<time>2026-05-21T10:03:13.055Z</time>
</trkpt>
<trkpt lat="49.7043160" lon="21.2289775">
<ele>266.584</ele>
<time>2026-05-21T10:03:16.055Z</time>
</trkpt>
<trkpt lat="49.7042892" lon="21.2297017">
<ele>266.189</ele>
<time>2026-05-21T10:03:19.320Z</time>
</trkpt>
<trkpt lat="49.7042530" lon="21.2304241">
<ele>266.343</ele>
<time>2026-05-21T10:03:22.361Z</time>
</trkpt>
<trkpt lat="49.7042388" lon="21.2308879">
<ele>266.606</ele>
<time>2026-05-21T10:03:24.346Z</time>
</trkpt>
<trkpt lat="49.7042282" lon="21.2315613">
<ele>266.582</ele>
<time>2026-05-21T10:03:27.294Z</time>
</trkpt>
<trkpt lat="49.7042154" lon="21.2322242">
<ele>266.216</ele>
<time>2026-05-21T10:03:30.267Z</time>
</trkpt>
<trkpt lat="49.7042084" lon="21.2326668">
<ele>265.547</ele>
<time>2026-05-21T10:03:32.277Z</time>
</trkpt>
<trkpt lat="49.7042011" lon="21.2333301">
<ele>264.820</ele>
<time>2026-05-21T10:03:35.300Z</time>
</trkpt>
<trkpt lat="49.7041857" lon="21.2339934">
<ele>264.339</ele>
<time>2026-05-21T10:03:38.321Z</time>
</trkpt>
<trkpt lat="49.7041730" lon="21.2346502">
<ele>264.117</ele>
<time>2026-05-21T10:03:41.311Z</time>
</trkpt>
<trkpt lat="49.7041599" lon="21.2353067">
<ele>264.040</ele>
<time>2026-05-21T10:03:44.350Z</time>
</trkpt>
<trkpt lat="49.7041341" lon="21.2359050">
<ele>263.964</ele>
<time>2026-05-21T10:03:47.308Z</time>
</trkpt>
<trkpt lat="49.7041686" lon="21.2364246">
<ele>263.809</ele>
<time>2026-05-21T10:03:50.155Z</time>
</trkpt>
<trkpt lat="49.7043429" lon="21.2368560">
<ele>263.654</ele>
<time>2026-05-21T10:03:53.109Z</time>
</trkpt>
<trkpt lat="49.7046127" lon="21.2371801">
<ele>263.579</ele>
<time>2026-05-21T10:03:56.139Z</time>
</trkpt>
<trkpt lat="49.7049250" lon="21.2374058">
<ele>263.564</ele>
<time>2026-05-21T10:03:59.191Z</time>
</trkpt>
<trkpt lat="49.7052002" lon="21.2376166">
<ele>263.502</ele>
<time>2026-05-21T10:04:02.058Z</time>
</trkpt>
<trkpt lat="49.7054682" lon="21.2378322">
<ele>263.268</ele>
<time>2026-05-21T10:04:04.995Z</time>
</trkpt>
<trkpt lat="49.7057378" lon="21.2380691">
<ele>262.934</ele>
<time>2026-05-21T10:04:07.955Z</time>
</trkpt>
<trkpt lat="49.7060227" lon="21.2383382">
<ele>262.644</ele>
<time>2026-05-21T10:04:10.903Z</time>
</trkpt>
<trkpt lat="49.7063677" lon="21.2386533">
<ele>262.530</ele>
<time>2026-05-21T10:04:13.988Z</time>
</trkpt>
<trkpt lat="49.7067650" lon="21.2389940">
<ele>262.697</ele>
<time>2026-05-21T10:04:17.065Z</time>
</trkpt>
<trkpt lat="49.7072028" lon="21.2393183">
<ele>263.132</ele>
<time>2026-05-21T10:04:20.139Z</time>
</trkpt>
<trkpt lat="49.7076205" lon="21.2396429">
<ele>263.828</ele>
<time>2026-05-21T10:04:23.066Z</time>
</trkpt>
<trkpt lat="49.7080571" lon="21.2399201">
<ele>264.719</ele>
<time>2026-05-21T10:04:26.028Z</time>
</trkpt>
<trkpt lat="49.7085033" lon="21.2401812">
<ele>265.559</ele>
<time>2026-05-21T10:04:29.005Z</time>
</trkpt>
<trkpt lat="49.7089525" lon="21.2404530">
<ele>266.164</ele>
<time>2026-05-21T10:04:31.989Z</time>
</trkpt>
<trkpt lat="49.7093989" lon="21.2408056">
<ele>266.526</ele>
<time>2026-05-21T10:04:35.007Z</time>
</trkpt>
<trkpt lat="49.7098299" lon="21.2412732">
<ele>266.674</ele>
<time>2026-05-21T10:04:38.033Z</time>
</trkpt>
<trkpt lat="49.7102150" lon="21.2418648">
<ele>266.278</ele>
<time>2026-05-21T10:04:41.029Z</time>
</trkpt>
<trkpt lat="49.7105297" lon="21.2425594">
<ele>264.958</ele>
<time>2026-05-21T10:04:43.988Z</time>
</trkpt>
<trkpt lat="49.7107649" lon="21.2433301">
<ele>263.127</ele>
<time>2026-05-21T10:04:46.939Z</time>
</trkpt>
<trkpt lat="49.7109481" lon="21.2441383">
<ele>261.667</ele>
<time>2026-05-21T10:04:49.914Z</time>
</trkpt>
<trkpt lat="49.7111341" lon="21.2449242">
<ele>260.940</ele>
<time>2026-05-21T10:04:52.864Z</time>
</trkpt>
<trkpt lat="49.7113681" lon="21.2456743">
<ele>260.717</ele>
<time>2026-05-21T10:04:55.848Z</time>
</trkpt>
<trkpt lat="49.7116694" lon="21.2463672">
<ele>260.682</ele>
<time>2026-05-21T10:04:58.866Z</time>
</trkpt>
<trkpt lat="49.7119900" lon="21.2470273">
<ele>260.929</ele>
<time>2026-05-21T10:05:01.869Z</time>
</trkpt>
<trkpt lat="49.7123156" lon="21.2476724">
<ele>261.879</ele>
<time>2026-05-21T10:05:04.862Z</time>
</trkpt>
<trkpt lat="49.7126435" lon="21.2483097">
<ele>263.583</ele>
<time>2026-05-21T10:05:07.853Z</time>
</trkpt>
<trkpt lat="49.7129732" lon="21.2489302">
<ele>265.665</ele>
<time>2026-05-21T10:05:10.835Z</time>
</trkpt>
<trkpt lat="49.7133150" lon="21.2495334">
<ele>267.977</ele>
<time>2026-05-21T10:05:13.838Z</time>
</trkpt>
<trkpt lat="49.7137110" lon="21.2500747">
<ele>270.638</ele>
<time>2026-05-21T10:05:16.864Z</time>
</trkpt>
<trkpt lat="49.7141717" lon="21.2505271">
<ele>273.486</ele>
<time>2026-05-21T10:05:19.916Z</time>
</trkpt>
<trkpt lat="49.7146868" lon="21.2508713">
<ele>275.991</ele>
<time>2026-05-21T10:05:22.974Z</time>
</trkpt>
<trkpt lat="49.7152232" lon="21.2510951">
<ele>277.639</ele>
<time>2026-05-21T10:05:25.963Z</time>
</trkpt>
<trkpt lat="49.7155864" lon="21.2511696">
<ele>278.186</ele>
<time>2026-05-21T10:05:27.929Z</time>
</trkpt>
<trkpt lat="49.7159637" lon="21.2512020">
<ele>277.432</ele>
<time>2026-05-21T10:05:29.941Z</time>
</trkpt>
<trkpt lat="49.7163490" lon="21.2511790">
<ele>275.471</ele>
<time>2026-05-21T10:05:31.972Z</time>
</trkpt>
<trkpt lat="49.7167268" lon="21.2511417">
<ele>273.218</ele>
<time>2026-05-21T10:05:33.961Z</time>
</trkpt>
<trkpt lat="49.7171060" lon="21.2511093">
<ele>271.436</ele>
<time>2026-05-21T10:05:35.963Z</time>
</trkpt>
<trkpt lat="49.7174842" lon="21.2511063">
<ele>270.073</ele>
<time>2026-05-21T10:05:37.958Z</time>
</trkpt>
<trkpt lat="49.7180531" lon="21.2511869">
<ele>268.941</ele>
<time>2026-05-21T10:05:40.953Z</time>
</trkpt>
<trkpt lat="49.7186282" lon="21.2513816">
<ele>267.703</ele>
<time>2026-05-21T10:05:43.969Z</time>
</trkpt>
<trkpt lat="49.7191977" lon="21.2517154">
<ele>266.229</ele>
<time>2026-05-21T10:05:46.989Z</time>
</trkpt>
<trkpt lat="49.7197492" lon="21.2521621">
<ele>265.247</ele>
<time>2026-05-21T10:05:50.003Z</time>
</trkpt>
<trkpt lat="49.7202679" lon="21.2526937">
<ele>265.179</ele>
<time>2026-05-21T10:05:52.989Z</time>
</trkpt>
<trkpt lat="49.7207796" lon="21.2532474">
<ele>265.148</ele>
<time>2026-05-21T10:05:55.978Z</time>
</trkpt>
<trkpt lat="49.7212853" lon="21.2538311">
<ele>264.337</ele>
<time>2026-05-21T10:05:58.980Z</time>
</trkpt>
<trkpt lat="49.7217568" lon="21.2544870">
<ele>263.176</ele>
<time>2026-05-21T10:06:01.973Z</time>
</trkpt>
<trkpt lat="49.7221944" lon="21.2552026">
<ele>262.318</ele>
<time>2026-05-21T10:06:04.967Z</time>
</trkpt>
<trkpt lat="49.7225925" lon="21.2559659">
<ele>261.796</ele>
<time>2026-05-21T10:06:07.967Z</time>
</trkpt>
<trkpt lat="49.7229532" lon="21.2567263">
<ele>261.396</ele>
<time>2026-05-21T10:06:10.937Z</time>
</trkpt>
<trkpt lat="49.7232927" lon="21.2574569">
<ele>260.790</ele>
<time>2026-05-21T10:06:13.902Z</time>
</trkpt>
<trkpt lat="49.7236127" lon="21.2581617">
<ele>259.640</ele>
<time>2026-05-21T10:06:16.866Z</time>
</trkpt>
<trkpt lat="49.7239369" lon="21.2588295">
<ele>258.102</ele>
<time>2026-05-21T10:06:19.823Z</time>
</trkpt>
<trkpt lat="49.7242572" lon="21.2595052">
<ele>256.686</ele>
<time>2026-05-21T10:06:22.810Z</time>
</trkpt>
<trkpt lat="49.7245768" lon="21.2601827">
<ele>255.654</ele>
<time>2026-05-21T10:06:25.786Z</time>
</trkpt>
<trkpt lat="49.7249094" lon="21.2608602">
<ele>255.003</ele>
<time>2026-05-21T10:06:28.779Z</time>
</trkpt>
<trkpt lat="49.7252690" lon="21.2615172">
<ele>254.737</ele>
<time>2026-05-21T10:06:31.778Z</time>
</trkpt>
<trkpt lat="49.7256426" lon="21.2621711">
<ele>254.715</ele>
<time>2026-05-21T10:06:34.787Z</time>
</trkpt>
<trkpt lat="49.7260153" lon="21.2628326">
<ele>254.764</ele>
<time>2026-05-21T10:06:37.775Z</time>
</trkpt>
<trkpt lat="49.7264028" lon="21.2634925">
<ele>254.802</ele>
<time>2026-05-21T10:06:40.765Z</time>
</trkpt>
<trkpt lat="49.7268011" lon="21.2641616">
<ele>254.695</ele>
<time>2026-05-21T10:06:43.766Z</time>
</trkpt>
<trkpt lat="49.7272027" lon="21.2648414">
<ele>254.287</ele>
<time>2026-05-21T10:06:46.756Z</time>
</trkpt>
<trkpt lat="49.7276086" lon="21.2655296">
<ele>253.722</ele>
<time>2026-05-21T10:06:49.747Z</time>
</trkpt>
<trkpt lat="49.7280195" lon="21.2662188">
<ele>253.325</ele>
<time>2026-05-21T10:06:52.740Z</time>
</trkpt>
<trkpt lat="49.7284323" lon="21.2669184">
<ele>253.253</ele>
<time>2026-05-21T10:06:55.743Z</time>
</trkpt>
<trkpt lat="49.7288455" lon="21.2676151">
<ele>253.505</ele>
<time>2026-05-21T10:06:58.724Z</time>
</trkpt>
<trkpt lat="49.7292625" lon="21.2683165">
<ele>254.044</ele>
<time>2026-05-21T10:07:01.713Z</time>
</trkpt>
<trkpt lat="49.7296882" lon="21.2690317">
<ele>254.736</ele>
<time>2026-05-21T10:07:04.727Z</time>
</trkpt>
<trkpt lat="49.7301204" lon="21.2697509">
<ele>255.346</ele>
<time>2026-05-21T10:07:07.736Z</time>
</trkpt>
<trkpt lat="49.7305851" lon="21.2704331">
<ele>255.780</ele>
<time>2026-05-21T10:07:10.751Z</time>
</trkpt>
<trkpt lat="49.7310885" lon="21.2710448">
<ele>256.094</ele>
<time>2026-05-21T10:07:13.754Z</time>
</trkpt>
<trkpt lat="49.7316241" lon="21.2715737">
<ele>256.114</ele>
<time>2026-05-21T10:07:16.753Z</time>
</trkpt>
<trkpt lat="49.7321807" lon="21.2720105">
<ele>255.709</ele>
<time>2026-05-21T10:07:19.735Z</time>
</trkpt>
<trkpt lat="49.7327624" lon="21.2723503">
<ele>255.154</ele>
<time>2026-05-21T10:07:22.728Z</time>
</trkpt>
<trkpt lat="49.7333671" lon="21.2726100">
<ele>254.768</ele>
<time>2026-05-21T10:07:25.746Z</time>
</trkpt>
<trkpt lat="49.7339712" lon="21.2728269">
<ele>254.748</ele>
<time>2026-05-21T10:07:28.729Z</time>
</trkpt>
<trkpt lat="49.7345714" lon="21.2730435">
<ele>255.350</ele>
<time>2026-05-21T10:07:31.713Z</time>
</trkpt>
<trkpt lat="49.7349697" lon="21.2731893">
<ele>256.574</ele>
<time>2026-05-21T10:07:33.712Z</time>
</trkpt>
<trkpt lat="49.7355628" lon="21.2734032">
<ele>258.149</ele>
<time>2026-05-21T10:07:36.712Z</time>
</trkpt>
<trkpt lat="49.7359541" lon="21.2735395">
<ele>259.895</ele>
<time>2026-05-21T10:07:38.706Z</time>
</trkpt>
<trkpt lat="49.7365408" lon="21.2737157">
<ele>261.538</ele>
<time>2026-05-21T10:07:41.679Z</time>
</trkpt>
<trkpt lat="49.7369374" lon="21.2737750">
<ele>262.919</ele>
<time>2026-05-21T10:07:43.665Z</time>
</trkpt>
<trkpt lat="49.7375330" lon="21.2737733">
<ele>264.086</ele>
<time>2026-05-21T10:07:46.682Z</time>
</trkpt>
<trkpt lat="49.7380695" lon="21.2737012">
<ele>264.809</ele>
<time>2026-05-21T10:07:49.554Z</time>
</trkpt>
<trkpt lat="49.7385690" lon="21.2736150">
<ele>264.744</ele>
<time>2026-05-21T10:07:52.437Z</time>
</trkpt>
<trkpt lat="49.7390299" lon="21.2735930">
<ele>263.771</ele>
<time>2026-05-21T10:07:55.297Z</time>
</trkpt>
<trkpt lat="49.7394179" lon="21.2736207">
<ele>262.064</ele>
<time>2026-05-21T10:07:57.987Z</time>
</trkpt>
<trkpt lat="49.7395837" lon="21.2736922">
<ele>260.303</ele>
<time>2026-05-21T10:07:59.759Z</time>
</trkpt>
<trkpt lat="49.7396700" lon="21.2737380">
<ele>258.675</ele>
<time>2026-05-21T10:08:00.704Z</time>
</trkpt>
<trkpt lat="49.7397721" lon="21.2737957">
<ele>256.987</ele>
<time>2026-05-21T10:08:03.108Z</time>
</trkpt>
<trkpt lat="49.7398925" lon="21.2738934">
<ele>255.723</ele>
<time>2026-05-21T10:08:07.499Z</time>
</trkpt>
<trkpt lat="49.7400428" lon="21.2740733">
<ele>255.319</ele>
<time>2026-05-21T10:08:16.283Z</time>
</trkpt>
<trkpt lat="49.7402192" lon="21.2743352">
<ele>255.477</ele>
<time>2026-05-21T10:08:20.815Z</time>
</trkpt>
<trkpt lat="49.7403963" lon="21.2747465">
<ele>255.938</ele>
<time>2026-05-21T10:08:24.668Z</time>
</trkpt>
<trkpt lat="49.7405642" lon="21.2752657">
<ele>256.527</ele>
<time>2026-05-21T10:08:28.140Z</time>
</trkpt>
<trkpt lat="49.7406604" lon="21.2758322">
<ele>257.020</ele>
<time>2026-05-21T10:08:31.221Z</time>
</trkpt>
<trkpt lat="49.7407329" lon="21.2763754">
<ele>257.382</ele>
<time>2026-05-21T10:08:34.130Z</time>
</trkpt>
<trkpt lat="49.7408035" lon="21.2769271">
<ele>257.693</ele>
<time>2026-05-21T10:08:37.145Z</time>
</trkpt>
<trkpt lat="49.7408958" lon="21.2774947">
<ele>257.868</ele>
<time>2026-05-21T10:08:40.231Z</time>
</trkpt>
<trkpt lat="49.7410503" lon="21.2780838">
<ele>257.820</ele>
<time>2026-05-21T10:08:43.393Z</time>
</trkpt>
<trkpt lat="49.7413076" lon="21.2786178">
<ele>257.597</ele>
<time>2026-05-21T10:08:46.532Z</time>
</trkpt>
<trkpt lat="49.7416266" lon="21.2790678">
<ele>257.289</ele>
<time>2026-05-21T10:08:49.607Z</time>
</trkpt>
<trkpt lat="49.7419586" lon="21.2794943">
<ele>256.921</ele>
<time>2026-05-21T10:08:52.651Z</time>
</trkpt>
<trkpt lat="49.7422761" lon="21.2798933">
<ele>256.419</ele>
<time>2026-05-21T10:08:55.616Z</time>
</trkpt>
<trkpt lat="49.7425501" lon="21.2802389">
<ele>255.792</ele>
<time>2026-05-21T10:08:58.420Z</time>
</trkpt>
<trkpt lat="49.7428000" lon="21.2805452">
<ele>255.249</ele>
<time>2026-05-21T10:09:01.202Z</time>
</trkpt>
<trkpt lat="49.7430761" lon="21.2808179">
<ele>255.049</ele>
<time>2026-05-21T10:09:04.177Z</time>
</trkpt>
<trkpt lat="49.7433660" lon="21.2811029">
<ele>255.205</ele>
<time>2026-05-21T10:09:07.232Z</time>
</trkpt>
<trkpt lat="49.7436773" lon="21.2813982">
<ele>255.387</ele>
<time>2026-05-21T10:09:10.311Z</time>
</trkpt>
<trkpt lat="49.7440169" lon="21.2817262">
<ele>255.274</ele>
<time>2026-05-21T10:09:13.434Z</time>
</trkpt>
<trkpt lat="49.7443816" lon="21.2820842">
<ele>254.895</ele>
<time>2026-05-21T10:09:16.529Z</time>
</trkpt>
<trkpt lat="49.7447505" lon="21.2824996">
<ele>254.492</ele>
<time>2026-05-21T10:09:19.612Z</time>
</trkpt>
<trkpt lat="49.7451267" lon="21.2829243">
<ele>254.249</ele>
<time>2026-05-21T10:09:22.662Z</time>
</trkpt>
<trkpt lat="49.7455045" lon="21.2833578">
<ele>254.072</ele>
<time>2026-05-21T10:09:25.694Z</time>
</trkpt>
<trkpt lat="49.7458903" lon="21.2837900">
<ele>253.669</ele>
<time>2026-05-21T10:09:28.718Z</time>
</trkpt>
<trkpt lat="49.7462891" lon="21.2842080">
<ele>252.837</ele>
<time>2026-05-21T10:09:31.714Z</time>
</trkpt>
<trkpt lat="49.7467067" lon="21.2846045">
<ele>251.685</ele>
<time>2026-05-21T10:09:34.692Z</time>
</trkpt>
<trkpt lat="49.7471387" lon="21.2849943">
<ele>250.650</ele>
<time>2026-05-21T10:09:37.669Z</time>
</trkpt>
<trkpt lat="49.7475648" lon="21.2853857">
<ele>250.172</ele>
<time>2026-05-21T10:09:40.596Z</time>
</trkpt>
<trkpt lat="49.7478517" lon="21.2856378">
<ele>250.298</ele>
<time>2026-05-21T10:09:42.552Z</time>
</trkpt>
<trkpt lat="49.7482605" lon="21.2860419">
<ele>250.752</ele>
<time>2026-05-21T10:09:45.462Z</time>
</trkpt>
<trkpt lat="49.7485011" lon="21.2863655">
<ele>251.409</ele>
<time>2026-05-21T10:09:47.409Z</time>
</trkpt>
<trkpt lat="49.7487906" lon="21.2868991">
<ele>252.500</ele>
<time>2026-05-21T10:09:50.271Z</time>
</trkpt>
<trkpt lat="49.7490488" lon="21.2873641">
<ele>254.250</ele>
<time>2026-05-21T10:09:52.996Z</time>
</trkpt>
<trkpt lat="49.7492665" lon="21.2877435">
<ele>256.631</ele>
<time>2026-05-21T10:09:55.538Z</time>
</trkpt>
<trkpt lat="49.7494702" lon="21.2881072">
<ele>259.130</ele>
<time>2026-05-21T10:09:58.261Z</time>
</trkpt>
<trkpt lat="49.7496830" lon="21.2884940">
<ele>261.194</ele>
<time>2026-05-21T10:10:01.335Z</time>
</trkpt>
<trkpt lat="49.7499304" lon="21.2888700">
<ele>262.829</ele>
<time>2026-05-21T10:10:04.504Z</time>
</trkpt>
<trkpt lat="49.7501699" lon="21.2892748">
<ele>264.080</ele>
<time>2026-05-21T10:10:07.608Z</time>
</trkpt>
<trkpt lat="49.7504162" lon="21.2896662">
<ele>264.728</ele>
<time>2026-05-21T10:10:10.615Z</time>
</trkpt>
<trkpt lat="49.7506825" lon="21.2900920">
<ele>264.912</ele>
<time>2026-05-21T10:10:13.777Z</time>
</trkpt>
<trkpt lat="49.7509565" lon="21.2905251">
<ele>265.153</ele>
<time>2026-05-21T10:10:16.868Z</time>
</trkpt>
<trkpt lat="49.7512337" lon="21.2909899">
<ele>265.684</ele>
<time>2026-05-21T10:10:19.976Z</time>
</trkpt>
<trkpt lat="49.7515060" lon="21.2914493">
<ele>265.753</ele>
<time>2026-05-21T10:10:22.978Z</time>
</trkpt>
<trkpt lat="49.7517885" lon="21.2919113">
<ele>264.481</ele>
<time>2026-05-21T10:10:26.014Z</time>
</trkpt>
<trkpt lat="49.7520782" lon="21.2923853">
<ele>262.119</ele>
<time>2026-05-21T10:10:29.077Z</time>
</trkpt>
<trkpt lat="49.7523615" lon="21.2928668">
<ele>259.671</ele>
<time>2026-05-21T10:10:32.084Z</time>
</trkpt>
<trkpt lat="49.7526353" lon="21.2933402">
<ele>257.970</ele>
<time>2026-05-21T10:10:35.022Z</time>
</trkpt>
<trkpt lat="49.7529111" lon="21.2938031">
<ele>257.375</ele>
<time>2026-05-21T10:10:37.962Z</time>
</trkpt>
<trkpt lat="49.7531773" lon="21.2942461">
<ele>257.848</ele>
<time>2026-05-21T10:10:40.830Z</time>
</trkpt>
<trkpt lat="49.7534474" lon="21.2946988">
<ele>258.927</ele>
<time>2026-05-21T10:10:43.790Z</time>
</trkpt>
<trkpt lat="49.7537341" lon="21.2951684">
<ele>259.796</ele>
<time>2026-05-21T10:10:46.866Z</time>
</trkpt>
<trkpt lat="49.7540171" lon="21.2956545">
<ele>259.755</ele>
<time>2026-05-21T10:10:49.916Z</time>
</trkpt>
<trkpt lat="49.7543018" lon="21.2961271">
<ele>258.521</ele>
<time>2026-05-21T10:10:52.913Z</time>
</trkpt>
<trkpt lat="49.7545790" lon="21.2965974">
<ele>256.324</ele>
<time>2026-05-21T10:10:55.899Z</time>
</trkpt>
<trkpt lat="49.7548525" lon="21.2970540">
<ele>253.824</ele>
<time>2026-05-21T10:10:58.874Z</time>
</trkpt>
<trkpt lat="49.7551213" lon="21.2974907">
<ele>251.720</ele>
<time>2026-05-21T10:11:01.825Z</time>
</trkpt>
<trkpt lat="49.7553763" lon="21.2979391">
<ele>250.441</ele>
<time>2026-05-21T10:11:04.807Z</time>
</trkpt>
<trkpt lat="49.7556205" lon="21.2983798">
<ele>249.942</ele>
<time>2026-05-21T10:11:07.759Z</time>
</trkpt>
<trkpt lat="49.7558669" lon="21.2987678">
<ele>249.880</ele>
<time>2026-05-21T10:11:10.622Z</time>
</trkpt>
<trkpt lat="49.7560796" lon="21.2991269">
<ele>249.878</ele>
<time>2026-05-21T10:11:13.349Z</time>
</trkpt>
<trkpt lat="49.7562321" lon="21.2993268">
<ele>249.682</ele>
<time>2026-05-21T10:11:15.210Z</time>
</trkpt>
<trkpt lat="49.7563660" lon="21.2991945">
<ele>249.347</ele>
<time>2026-05-21T10:11:17.086Z</time>
</trkpt>
<trkpt lat="49.7564971" lon="21.2988196">
<ele>249.226</ele>
<time>2026-05-21T10:11:21.362Z</time>
</trkpt>
<trkpt lat="49.7566568" lon="21.2983461">
<ele>249.475</ele>
<time>2026-05-21T10:11:25.604Z</time>
</trkpt>
<trkpt lat="49.7569263" lon="21.2980048">
<ele>249.875</ele>
<time>2026-05-21T10:11:28.809Z</time>
</trkpt>
<trkpt lat="49.7572583" lon="21.2978029">
<ele>250.215</ele>
<time>2026-05-21T10:11:31.864Z</time>
</trkpt>
<trkpt lat="49.7576126" lon="21.2976153">
<ele>250.770</ele>
<time>2026-05-21T10:11:34.985Z</time>
</trkpt>
<trkpt lat="49.7579963" lon="21.2974843">
<ele>251.701</ele>
<time>2026-05-21T10:11:38.153Z</time>
</trkpt>
<trkpt lat="49.7583957" lon="21.2975201">
<ele>252.475</ele>
<time>2026-05-21T10:11:41.280Z</time>
</trkpt>
<trkpt lat="49.7586555" lon="21.2976029">
<ele>252.631</ele>
<time>2026-05-21T10:11:43.319Z</time>
</trkpt>
<trkpt lat="49.7590491" lon="21.2977401">
<ele>252.431</ele>
<time>2026-05-21T10:11:46.363Z</time>
</trkpt>
<trkpt lat="49.7592986" lon="21.2978215">
<ele>252.306</ele>
<time>2026-05-21T10:11:48.293Z</time>
</trkpt>
<trkpt lat="49.7596453" lon="21.2978739">
<ele>252.422</ele>
<time>2026-05-21T10:11:51.077Z</time>
</trkpt>
<trkpt lat="49.7599661" lon="21.2977260">
<ele>252.675</ele>
<time>2026-05-21T10:11:53.926Z</time>
</trkpt>
<trkpt lat="49.7601594" lon="21.2975438">
<ele>252.904</ele>
<time>2026-05-21T10:11:55.907Z</time>
</trkpt>
<trkpt lat="49.7604669" lon="21.2972886">
<ele>253.167</ele>
<time>2026-05-21T10:11:58.940Z</time>
</trkpt>
<trkpt lat="49.7608119" lon="21.2970857">
<ele>253.823</ele>
<time>2026-05-21T10:12:02.042Z</time>
</trkpt>
<trkpt lat="49.7611404" lon="21.2968014">
<ele>254.888</ele>
<time>2026-05-21T10:12:05.103Z</time>
</trkpt>
<trkpt lat="49.7613432" lon="21.2962924">
<ele>255.594</ele>
<time>2026-05-21T10:12:08.191Z</time>
</trkpt>
<trkpt lat="49.7614459" lon="21.2956926">
<ele>255.472</ele>
<time>2026-05-21T10:12:11.306Z</time>
</trkpt>
<trkpt lat="49.7614997" lon="21.2950526">
<ele>255.182</ele>
<time>2026-05-21T10:12:14.409Z</time>
</trkpt>
<trkpt lat="49.7615140" lon="21.2944005">
<ele>255.484</ele>
<time>2026-05-21T10:12:17.463Z</time>
</trkpt>
<trkpt lat="49.7615229" lon="21.2937866">
<ele>256.229</ele>
<time>2026-05-21T10:12:20.372Z</time>
</trkpt>
<trkpt lat="49.7615445" lon="21.2931880">
<ele>256.527</ele>
<time>2026-05-21T10:12:23.310Z</time>
</trkpt>
<trkpt lat="49.7615853" lon="21.2925872">
<ele>255.946</ele>
<time>2026-05-21T10:12:26.324Z</time>
</trkpt>
<trkpt lat="49.7616503" lon="21.2919893">
<ele>255.076</ele>
<time>2026-05-21T10:12:29.338Z</time>
</trkpt>
<trkpt lat="49.7617771" lon="21.2913954">
<ele>254.558</ele>
<time>2026-05-21T10:12:32.393Z</time>
</trkpt>
<trkpt lat="49.7620021" lon="21.2908642">
<ele>254.411</ele>
<time>2026-05-21T10:12:35.423Z</time>
</trkpt>
<trkpt lat="49.7622623" lon="21.2903312">
<ele>254.460</ele>
<time>2026-05-21T10:12:38.497Z</time>
</trkpt>
<trkpt lat="49.7625072" lon="21.2897662">
<ele>254.561</ele>
<time>2026-05-21T10:12:41.512Z</time>
</trkpt>
<trkpt lat="49.7627329" lon="21.2892105">
<ele>254.643</ele>
<time>2026-05-21T10:12:44.421Z</time>
</trkpt>
<trkpt lat="49.7630279" lon="21.2887370">
<ele>254.681</ele>
<time>2026-05-21T10:12:47.372Z</time>
</trkpt>
<trkpt lat="49.7633854" lon="21.2883581">
<ele>254.704</ele>
<time>2026-05-21T10:12:50.367Z</time>
</trkpt>
<trkpt lat="49.7637529" lon="21.2879497">
<ele>254.871</ele>
<time>2026-05-21T10:12:53.451Z</time>
</trkpt>
<trkpt lat="49.7640913" lon="21.2874661">
<ele>255.239</ele>
<time>2026-05-21T10:12:56.519Z</time>
</trkpt>
<trkpt lat="49.7644249" lon="21.2869652">
<ele>255.616</ele>
<time>2026-05-21T10:12:59.547Z</time>
</trkpt>
<trkpt lat="49.7646996" lon="21.2863930">
<ele>255.854</ele>
<time>2026-05-21T10:13:02.529Z</time>
</trkpt>
<trkpt lat="49.7648892" lon="21.2857367">
<ele>256.013</ele>
<time>2026-05-21T10:13:05.521Z</time>
</trkpt>
<trkpt lat="49.7650136" lon="21.2850179">
<ele>256.219</ele>
<time>2026-05-21T10:13:08.558Z</time>
</trkpt>
<trkpt lat="49.7651509" lon="21.2842868">
<ele>256.489</ele>
<time>2026-05-21T10:13:11.594Z</time>
</trkpt>
<trkpt lat="49.7652976" lon="21.2835728">
<ele>256.695</ele>
<time>2026-05-21T10:13:14.577Z</time>
</trkpt>
<trkpt lat="49.7654360" lon="21.2828990">
<ele>256.854</ele>
<time>2026-05-21T10:13:17.493Z</time>
</trkpt>
<trkpt lat="49.7655861" lon="21.2822953">
<ele>257.098</ele>
<time>2026-05-21T10:13:20.351Z</time>
</trkpt>
<trkpt lat="49.7658436" lon="21.2818199">
<ele>257.622</ele>
<time>2026-05-21T10:13:23.265Z</time>
</trkpt>
<trkpt lat="49.7661969" lon="21.2814624">
<ele>258.461</ele>
<time>2026-05-21T10:13:26.346Z</time>
</trkpt>
<trkpt lat="49.7665930" lon="21.2811538">
<ele>259.407</ele>
<time>2026-05-21T10:13:29.451Z</time>
</trkpt>
<trkpt lat="49.7669990" lon="21.2808678">
<ele>260.405</ele>
<time>2026-05-21T10:13:32.477Z</time>
</trkpt>
<trkpt lat="49.7673586" lon="21.2805423">
<ele>261.716</ele>
<time>2026-05-21T10:13:35.356Z</time>
</trkpt>
<trkpt lat="49.7676241" lon="21.2800802">
<ele>263.593</ele>
<time>2026-05-21T10:13:38.266Z</time>
</trkpt>
<trkpt lat="49.7678692" lon="21.2796011">
<ele>266.237</ele>
<time>2026-05-21T10:13:41.239Z</time>
</trkpt>
<trkpt lat="49.7681489" lon="21.2792964">
<ele>269.469</ele>
<time>2026-05-21T10:13:43.958Z</time>
</trkpt>
<trkpt lat="49.7684095" lon="21.2791401">
<ele>272.359</ele>
<time>2026-05-21T10:13:46.448Z</time>
</trkpt>
<trkpt lat="49.7685673" lon="21.2790525">
<ele>273.898</ele>
<time>2026-05-21T10:13:48.067Z</time>
</trkpt>
<trkpt lat="49.7687467" lon="21.2789409">
<ele>273.987</ele>
<time>2026-05-21T10:13:50.218Z</time>
</trkpt>
<trkpt lat="49.7690865" lon="21.2787413">
<ele>273.174</ele>
<time>2026-05-21T10:13:53.868Z</time>
</trkpt>
<trkpt lat="49.7694944" lon="21.2785076">
<ele>272.002</ele>
<time>2026-05-21T10:13:57.342Z</time>
</trkpt>
<trkpt lat="49.7697943" lon="21.2783259">
<ele>270.754</ele>
<time>2026-05-21T10:13:59.563Z</time>
</trkpt>
<trkpt lat="49.7702442" lon="21.2780686">
<ele>269.374</ele>
<time>2026-05-21T10:14:02.674Z</time>
</trkpt>
<trkpt lat="49.7706742" lon="21.2778374">
<ele>267.522</ele>
<time>2026-05-21T10:14:05.659Z</time>
</trkpt>
<trkpt lat="49.7710823" lon="21.2776288">
<ele>265.142</ele>
<time>2026-05-21T10:14:08.610Z</time>
</trkpt>
<trkpt lat="49.7714726" lon="21.2774482">
<ele>262.914</ele>
<time>2026-05-21T10:14:11.547Z</time>
</trkpt>
<trkpt lat="49.7718684" lon="21.2772893">
<ele>261.598</ele>
<time>2026-05-21T10:14:14.567Z</time>
</trkpt>
<trkpt lat="49.7722646" lon="21.2771405">
<ele>261.270</ele>
<time>2026-05-21T10:14:17.573Z</time>
</trkpt>
<trkpt lat="49.7726756" lon="21.2769870">
<ele>261.558</ele>
<time>2026-05-21T10:14:20.633Z</time>
</trkpt>
<trkpt lat="49.7731060" lon="21.2768276">
<ele>262.011</ele>
<time>2026-05-21T10:14:23.701Z</time>
</trkpt>
<trkpt lat="49.7735527" lon="21.2766605">
<ele>262.317</ele>
<time>2026-05-21T10:14:26.735Z</time>
</trkpt>
<trkpt lat="49.7740088" lon="21.2764892">
<ele>262.370</ele>
<time>2026-05-21T10:14:29.743Z</time>
</trkpt>
<trkpt lat="49.7744121" lon="21.2762540">
<ele>262.192</ele>
<time>2026-05-21T10:14:32.572Z</time>
</trkpt>
<trkpt lat="49.7747684" lon="21.2759635">
<ele>261.913</ele>
<time>2026-05-21T10:14:35.380Z</time>
</trkpt>
<trkpt lat="49.7751115" lon="21.2756801">
<ele>261.654</ele>
<time>2026-05-21T10:14:38.231Z</time>
</trkpt>
<trkpt lat="49.7754693" lon="21.2754180">
<ele>261.428</ele>
<time>2026-05-21T10:14:41.193Z</time>
</trkpt>
<trkpt lat="49.7758502" lon="21.2752029">
<ele>261.114</ele>
<time>2026-05-21T10:14:44.238Z</time>
</trkpt>
<trkpt lat="49.7761921" lon="21.2750469">
<ele>260.540</ele>
<time>2026-05-21T10:14:47.040Z</time>
</trkpt>
<trkpt lat="49.7765181" lon="21.2748910">
<ele>259.808</ele>
<time>2026-05-21T10:14:49.927Z</time>
</trkpt>
<trkpt lat="49.7768541" lon="21.2748346">
<ele>259.444</ele>
<time>2026-05-21T10:14:52.927Z</time>
</trkpt>
<trkpt lat="49.7771682" lon="21.2749892">
<ele>260.004</ele>
<time>2026-05-21T10:14:55.917Z</time>
</trkpt>
<trkpt lat="49.7774536" lon="21.2752756">
<ele>261.545</ele>
<time>2026-05-21T10:14:58.999Z</time>
</trkpt>
<trkpt lat="49.7777350" lon="21.2755756">
<ele>263.461</ele>
<time>2026-05-21T10:15:02.044Z</time>
</trkpt>
<trkpt lat="49.7780184" lon="21.2758845">
<ele>265.308</ele>
<time>2026-05-21T10:15:05.090Z</time>
</trkpt>
<trkpt lat="49.7783221" lon="21.2762049">
<ele>267.185</ele>
<time>2026-05-21T10:15:08.217Z</time>
</trkpt>
<trkpt lat="49.7786379" lon="21.2765433">
<ele>269.131</ele>
<time>2026-05-21T10:15:11.322Z</time>
</trkpt>
<trkpt lat="49.7789779" lon="21.2769145">
<ele>270.992</ele>
<time>2026-05-21T10:15:14.496Z</time>
</trkpt>
<trkpt lat="49.7793404" lon="21.2772890">
<ele>272.608</ele>
<time>2026-05-21T10:15:17.624Z</time>
</trkpt>
<trkpt lat="49.7797092" lon="21.2776786">
<ele>273.889</ele>
<time>2026-05-21T10:15:20.698Z</time>
</trkpt>
<trkpt lat="49.7800728" lon="21.2780663">
<ele>275.300</ele>
<time>2026-05-21T10:15:23.689Z</time>
</trkpt>
<trkpt lat="49.7804286" lon="21.2784557">
<ele>277.244</ele>
<time>2026-05-21T10:15:26.655Z</time>
</trkpt>
<trkpt lat="49.7807777" lon="21.2788294">
<ele>279.144</ele>
<time>2026-05-21T10:15:29.591Z</time>
</trkpt>
<trkpt lat="49.7811307" lon="21.2791910">
<ele>279.754</ele>
<time>2026-05-21T10:15:32.577Z</time>
</trkpt>
<trkpt lat="49.7814430" lon="21.2795266">
<ele>278.205</ele>
<time>2026-05-21T10:15:35.391Z</time>
</trkpt>
<trkpt lat="49.7817180" lon="21.2797371">
<ele>274.918</ele>
<time>2026-05-21T10:15:37.922Z</time>
</trkpt>
<trkpt lat="49.7820596" lon="21.2797808">
<ele>271.078</ele>
<time>2026-05-21T10:15:40.997Z</time>
</trkpt>
<trkpt lat="49.7824330" lon="21.2796634">
<ele>267.638</ele>
<time>2026-05-21T10:15:44.336Z</time>
</trkpt>
<trkpt lat="49.7828262" lon="21.2795401">
<ele>265.191</ele>
<time>2026-05-21T10:15:47.539Z</time>
</trkpt>
<trkpt lat="49.7832208" lon="21.2794051">
<ele>263.613</ele>
<time>2026-05-21T10:15:50.595Z</time>
</trkpt>
<trkpt lat="49.7836160" lon="21.2792750">
<ele>262.352</ele>
<time>2026-05-21T10:15:53.606Z</time>
</trkpt>
<trkpt lat="49.7838776" lon="21.2791829">
<ele>261.413</ele>
<time>2026-05-21T10:15:55.599Z</time>
</trkpt>
<trkpt lat="49.7842613" lon="21.2790224">
<ele>260.930</ele>
<time>2026-05-21T10:15:58.570Z</time>
</trkpt>
<trkpt lat="49.7844855" lon="21.2788224">
<ele>260.858</ele>
<time>2026-05-21T10:16:00.530Z</time>
</trkpt>
<trkpt lat="49.7846738" lon="21.2785748">
<ele>261.116</ele>
<time>2026-05-21T10:16:02.451Z</time>
</trkpt>
<trkpt lat="49.7849705" lon="21.2783261">
<ele>261.705</ele>
<time>2026-05-21T10:16:05.230Z</time>
</trkpt>
<trkpt lat="49.7853098" lon="21.2782013">
<ele>262.868</ele>
<time>2026-05-21T10:16:08.231Z</time>
</trkpt>
<trkpt lat="49.7856908" lon="21.2781046">
<ele>264.523</ele>
<time>2026-05-21T10:16:11.465Z</time>
</trkpt>
<trkpt lat="49.7860673" lon="21.2780164">
<ele>265.929</ele>
<time>2026-05-21T10:16:14.504Z</time>
</trkpt>
<trkpt lat="49.7863983" lon="21.2778479">
<ele>266.540</ele>
<time>2026-05-21T10:16:17.356Z</time>
</trkpt>
<trkpt lat="49.7867041" lon="21.2775654">
<ele>266.487</ele>
<time>2026-05-21T10:16:20.353Z</time>
</trkpt>
<trkpt lat="49.7869750" lon="21.2771972">
<ele>266.351</ele>
<time>2026-05-21T10:16:23.360Z</time>
</trkpt>
<trkpt lat="49.7872192" lon="21.2767070">
<ele>266.520</ele>
<time>2026-05-21T10:16:26.551Z</time>
</trkpt>
<trkpt lat="49.7874331" lon="21.2761082">
<ele>266.632</ele>
<time>2026-05-21T10:16:29.739Z</time>
</trkpt>
<trkpt lat="49.7876711" lon="21.2755031">
<ele>266.226</ele>
<time>2026-05-21T10:16:32.803Z</time>
</trkpt>
<trkpt lat="49.7878787" lon="21.2749556">
<ele>265.378</ele>
<time>2026-05-21T10:16:35.616Z</time>
</trkpt>
<trkpt lat="49.7880883" lon="21.2744954">
<ele>264.476</ele>
<time>2026-05-21T10:16:38.340Z</time>
</trkpt>
<trkpt lat="49.7883647" lon="21.2741790">
<ele>263.923</ele>
<time>2026-05-21T10:16:41.149Z</time>
</trkpt>
<trkpt lat="49.7886992" lon="21.2739712">
<ele>264.064</ele>
<time>2026-05-21T10:16:44.224Z</time>
</trkpt>
<trkpt lat="49.7890276" lon="21.2737771">
<ele>264.887</ele>
<time>2026-05-21T10:16:47.215Z</time>
</trkpt>
<trkpt lat="49.7893465" lon="21.2735802">
<ele>266.098</ele>
<time>2026-05-21T10:16:50.165Z</time>
</trkpt>
<trkpt lat="49.7896604" lon="21.2734204">
<ele>267.285</ele>
<time>2026-05-21T10:16:53.110Z</time>
</trkpt>
<trkpt lat="49.7899827" lon="21.2732210">
<ele>268.019</ele>
<time>2026-05-21T10:16:56.264Z</time>
</trkpt>
<trkpt lat="49.7902643" lon="21.2729810">
<ele>268.099</ele>
<time>2026-05-21T10:16:59.207Z</time>
</trkpt>
<trkpt lat="49.7904865" lon="21.2727270">
<ele>267.679</ele>
<time>2026-05-21T10:17:01.885Z</time>
</trkpt>
<trkpt lat="49.7906424" lon="21.2723420">
<ele>267.013</ele>
<time>2026-05-21T10:17:04.916Z</time>
</trkpt>
<trkpt lat="49.7907864" lon="21.2719353">
<ele>266.351</ele>
<time>2026-05-21T10:17:08.050Z</time>
</trkpt>
<trkpt lat="49.7909671" lon="21.2716277">
<ele>265.779</ele>
<time>2026-05-21T10:17:10.901Z</time>
</trkpt>
<trkpt lat="49.7911757" lon="21.2714819">
<ele>265.283</ele>
<time>2026-05-21T10:17:13.537Z</time>
</trkpt>
<trkpt lat="49.7913542" lon="21.2716421">
<ele>264.855</ele>
<time>2026-05-21T10:17:16.260Z</time>
</trkpt>
<trkpt lat="49.7915481" lon="21.2719706">
<ele>264.579</ele>
<time>2026-05-21T10:17:20.196Z</time>
</trkpt>
<trkpt lat="49.7918110" lon="21.2724144">
<ele>264.588</ele>
<time>2026-05-21T10:17:24.004Z</time>
</trkpt>
<trkpt lat="49.7920247" lon="21.2730286">
<ele>264.878</ele>
<time>2026-05-21T10:17:27.277Z</time>
</trkpt>
<trkpt lat="49.7922160" lon="21.2736916">
<ele>265.222</ele>
<time>2026-05-21T10:17:30.356Z</time>
</trkpt>
<trkpt lat="49.7924206" lon="21.2743760">
<ele>265.437</ele>
<time>2026-05-21T10:17:33.411Z</time>
</trkpt>
<trkpt lat="49.7926262" lon="21.2750623">
<ele>265.536</ele>
<time>2026-05-21T10:17:36.433Z</time>
</trkpt>
<trkpt lat="49.7928375" lon="21.2756472">
<ele>265.863</ele>
<time>2026-05-21T10:17:39.243Z</time>
</trkpt>
<trkpt lat="49.7930603" lon="21.2761435">
<ele>266.991</ele>
<time>2026-05-21T10:17:42.017Z</time>
</trkpt>
<trkpt lat="49.7933413" lon="21.2766045">
<ele>269.086</ele>
<time>2026-05-21T10:17:45.051Z</time>
</trkpt>
<trkpt lat="49.7937035" lon="21.2770744">
<ele>271.676</ele>
<time>2026-05-21T10:17:48.254Z</time>
</trkpt>
<trkpt lat="49.7940984" lon="21.2775475">
<ele>273.983</ele>
<time>2026-05-21T10:17:51.366Z</time>
</trkpt>
<trkpt lat="49.7944885" lon="21.2779848">
<ele>274.738</ele>
<time>2026-05-21T10:17:54.352Z</time>
</trkpt>
<trkpt lat="49.7948652" lon="21.2784177">
<ele>273.246</ele>
<time>2026-05-21T10:17:57.350Z</time>
</trkpt>
<trkpt lat="49.7952076" lon="21.2788037">
<ele>270.403</ele>
<time>2026-05-21T10:18:00.208Z</time>
</trkpt>
<trkpt lat="49.7954332" lon="21.2790560">
<ele>267.653</ele>
<time>2026-05-21T10:18:02.175Z</time>
</trkpt>
<trkpt lat="49.7957852" lon="21.2794149">
<ele>265.779</ele>
<time>2026-05-21T10:18:05.155Z</time>
</trkpt>
<trkpt lat="49.7961682" lon="21.2797704">
<ele>264.795</ele>
<time>2026-05-21T10:18:08.202Z</time>
</trkpt>
<trkpt lat="49.7965784" lon="21.2801381">
<ele>264.347</ele>
<time>2026-05-21T10:18:11.272Z</time>
</trkpt>
<trkpt lat="49.7968352" lon="21.2804214">
<ele>264.302</ele>
<time>2026-05-21T10:18:13.261Z</time>
</trkpt>
<trkpt lat="49.7971956" lon="21.2809358">
<ele>264.569</ele>
<time>2026-05-21T10:18:16.318Z</time>
</trkpt>
<trkpt lat="49.7974704" lon="21.2815104">
<ele>264.919</ele>
<time>2026-05-21T10:18:19.228Z</time>
</trkpt>
<trkpt lat="49.7976500" lon="21.2821822">
<ele>265.358</ele>
<time>2026-05-21T10:18:22.237Z</time>
</trkpt>
<trkpt lat="49.7978505" lon="21.2828371">
<ele>266.006</ele>
<time>2026-05-21T10:18:25.240Z</time>
</trkpt>
<trkpt lat="49.7980507" lon="21.2834563">
<ele>266.685</ele>
<time>2026-05-21T10:18:28.162Z</time>
</trkpt>
<trkpt lat="49.7982638" lon="21.2840348">
<ele>267.231</ele>
<time>2026-05-21T10:18:31.075Z</time>
</trkpt>
<trkpt lat="49.7984923" lon="21.2845336">
<ele>266.882</ele>
<time>2026-05-21T10:18:33.921Z</time>
</trkpt>
<trkpt lat="49.7986389" lon="21.2850500">
<ele>266.316</ele>
<time>2026-05-21T10:18:36.749Z</time>
</trkpt>
<trkpt lat="49.7987138" lon="21.2856682">
<ele>265.813</ele>
<time>2026-05-21T10:18:39.910Z</time>
</trkpt>
<trkpt lat="49.7987906" lon="21.2863167">
<ele>265.845</ele>
<time>2026-05-21T10:18:43.039Z</time>
</trkpt>
<trkpt lat="49.7989050" lon="21.2869049">
<ele>266.647</ele>
<time>2026-05-21T10:18:45.928Z</time>
</trkpt>
<trkpt lat="49.7990969" lon="21.2875450">
<ele>267.596</ele>
<time>2026-05-21T10:18:49.088Z</time>
</trkpt>
<trkpt lat="49.7992949" lon="21.2882548">
<ele>267.850</ele>
<time>2026-05-21T10:18:52.210Z</time>
</trkpt>
<trkpt lat="49.7994952" lon="21.2889885">
<ele>267.181</ele>
<time>2026-05-21T10:18:55.273Z</time>
</trkpt>
<trkpt lat="49.7996964" lon="21.2896948">
<ele>266.068</ele>
<time>2026-05-21T10:18:58.230Z</time>
</trkpt>
<trkpt lat="49.7999035" lon="21.2904139">
<ele>265.363</ele>
<time>2026-05-21T10:19:01.268Z</time>
</trkpt>
<trkpt lat="49.8000921" lon="21.2910632">
<ele>265.493</ele>
<time>2026-05-21T10:19:04.113Z</time>
</trkpt>
<trkpt lat="49.8002696" lon="21.2916706">
<ele>266.536</ele>
<time>2026-05-21T10:19:06.972Z</time>
</trkpt>
<trkpt lat="49.8004370" lon="21.2923047">
<ele>268.175</ele>
<time>2026-05-21T10:19:09.989Z</time>
</trkpt>
<trkpt lat="49.8005281" lon="21.2930672">
<ele>269.607</ele>
<time>2026-05-21T10:19:13.211Z</time>
</trkpt>
<trkpt lat="49.8006101" lon="21.2938051">
<ele>270.342</ele>
<time>2026-05-21T10:19:16.201Z</time>
</trkpt>
<trkpt lat="49.8006910" lon="21.2945096">
<ele>270.303</ele>
<time>2026-05-21T10:19:19.115Z</time>
</trkpt>
<trkpt lat="49.8007942" lon="21.2952161">
<ele>269.611</ele>
<time>2026-05-21T10:19:22.113Z</time>
</trkpt>
<trkpt lat="49.8009198" lon="21.2959604">
<ele>269.081</ele>
<time>2026-05-21T10:19:25.228Z</time>
</trkpt>
<trkpt lat="49.8010404" lon="21.2966990">
<ele>269.296</ele>
<time>2026-05-21T10:19:28.254Z</time>
</trkpt>
<trkpt lat="49.8011753" lon="21.2974178">
<ele>269.522</ele>
<time>2026-05-21T10:19:31.303Z</time>
</trkpt>
<trkpt lat="49.8013072" lon="21.2979958">
<ele>269.058</ele>
<time>2026-05-21T10:19:34.062Z</time>
</trkpt>
<trkpt lat="49.8015363" lon="21.2983764">
<ele>268.583</ele>
<time>2026-05-21T10:19:36.846Z</time>
</trkpt>
<trkpt lat="49.8018455" lon="21.2985856">
<ele>269.370</ele>
<time>2026-05-21T10:19:39.841Z</time>
</trkpt>
<trkpt lat="49.8022310" lon="21.2986930">
<ele>271.691</ele>
<time>2026-05-21T10:19:43.059Z</time>
</trkpt>
<trkpt lat="49.8026513" lon="21.2987700">
<ele>274.750</ele>
<time>2026-05-21T10:19:46.131Z</time>
</trkpt>
<trkpt lat="49.8030976" lon="21.2988819">
<ele>277.429</ele>
<time>2026-05-21T10:19:49.186Z</time>
</trkpt>
<trkpt lat="49.8035205" lon="21.2990522">
<ele>278.836</ele>
<time>2026-05-21T10:19:52.138Z</time>
</trkpt>
<trkpt lat="49.8038841" lon="21.2993938">
<ele>278.683</ele>
<time>2026-05-21T10:19:55.111Z</time>
</trkpt>
<trkpt lat="49.8042065" lon="21.2999021">
<ele>277.518</ele>
<time>2026-05-21T10:19:58.276Z</time>
</trkpt>
<trkpt lat="49.8044724" lon="21.3004328">
<ele>276.175</ele>
<time>2026-05-21T10:20:01.217Z</time>
</trkpt>
<trkpt lat="49.8047424" lon="21.3009165">
<ele>275.151</ele>
<time>2026-05-21T10:20:04.110Z</time>
</trkpt>
<trkpt lat="49.8050576" lon="21.3013118">
<ele>274.469</ele>
<time>2026-05-21T10:20:07.068Z</time>
</trkpt>
<trkpt lat="49.8052933" lon="21.3014806">
<ele>273.877</ele>
<time>2026-05-21T10:20:09.045Z</time>
</trkpt>
<trkpt lat="49.8055337" lon="21.3016460">
<ele>273.095</ele>
<time>2026-05-21T10:20:11.104Z</time>
</trkpt>
<trkpt lat="49.8059310" lon="21.3017749">
<ele>272.242</ele>
<time>2026-05-21T10:20:14.263Z</time>
</trkpt>
<trkpt lat="49.8063571" lon="21.3016795">
<ele>271.730</ele>
<time>2026-05-21T10:20:17.430Z</time>
</trkpt>
<trkpt lat="49.8068145" lon="21.3015245">
<ele>271.860</ele>
<time>2026-05-21T10:20:20.620Z</time>
</trkpt>
<trkpt lat="49.8071024" lon="21.3013967">
<ele>272.580</ele>
<time>2026-05-21T10:20:22.614Z</time>
</trkpt>
<trkpt lat="49.8074829" lon="21.3010606">
<ele>273.413</ele>
<time>2026-05-21T10:20:25.558Z</time>
</trkpt>
<trkpt lat="49.8078346" lon="21.3006384">
<ele>273.972</ele>
<time>2026-05-21T10:20:28.571Z</time>
</trkpt>
<trkpt lat="49.8082227" lon="21.3003600">
<ele>274.293</ele>
<time>2026-05-21T10:20:31.519Z</time>
</trkpt>
<trkpt lat="49.8086479" lon="21.3001839">
<ele>274.756</ele>
<time>2026-05-21T10:20:34.592Z</time>
</trkpt>
<trkpt lat="49.8090261" lon="21.2999647">
<ele>275.582</ele>
<time>2026-05-21T10:20:37.471Z</time>
</trkpt>
<trkpt lat="49.8093889" lon="21.2996821">
<ele>276.539</ele>
<time>2026-05-21T10:20:40.461Z</time>
</trkpt>
<trkpt lat="49.8097373" lon="21.2994055">
<ele>277.364</ele>
<time>2026-05-21T10:20:43.411Z</time>
</trkpt>
<trkpt lat="49.8100843" lon="21.2991103">
<ele>278.051</ele>
<time>2026-05-21T10:20:46.442Z</time>
</trkpt>
<trkpt lat="49.8104199" lon="21.2988488">
<ele>278.466</ele>
<time>2026-05-21T10:20:49.380Z</time>
</trkpt>
<trkpt lat="49.8106770" lon="21.2985010">
<ele>278.374</ele>
<time>2026-05-21T10:20:52.187Z</time>
</trkpt>
<trkpt lat="49.8109165" lon="21.2980601">
<ele>277.678</ele>
<time>2026-05-21T10:20:55.266Z</time>
</trkpt>
<trkpt lat="49.8112329" lon="21.2976888">
<ele>276.903</ele>
<time>2026-05-21T10:20:58.385Z</time>
</trkpt>
<trkpt lat="49.8115974" lon="21.2974357">
<ele>276.693</ele>
<time>2026-05-21T10:21:01.411Z</time>
</trkpt>
<trkpt lat="49.8119780" lon="21.2971889">
<ele>277.269</ele>
<time>2026-05-21T10:21:04.441Z</time>
</trkpt>
<trkpt lat="49.8123402" lon="21.2968643">
<ele>278.329</ele>
<time>2026-05-21T10:21:07.444Z</time>
</trkpt>
<trkpt lat="49.8126873" lon="21.2965043">
<ele>279.182</ele>
<time>2026-05-21T10:21:10.456Z</time>
</trkpt>
<trkpt lat="49.8130135" lon="21.2961861">
<ele>279.074</ele>
<time>2026-05-21T10:21:13.384Z</time>
</trkpt>
<trkpt lat="49.8133382" lon="21.2960141">
<ele>277.962</ele>
<time>2026-05-21T10:21:16.252Z</time>
</trkpt>
<trkpt lat="49.8136445" lon="21.2960783">
<ele>276.590</ele>
<time>2026-05-21T10:21:19.104Z</time>
</trkpt>
<trkpt lat="49.8139540" lon="21.2962424">
<ele>275.739</ele>
<time>2026-05-21T10:21:22.153Z</time>
</trkpt>
<trkpt lat="49.8143241" lon="21.2963696">
<ele>275.553</ele>
<time>2026-05-21T10:21:25.368Z</time>
</trkpt>
<trkpt lat="49.8147000" lon="21.2963884">
<ele>275.819</ele>
<time>2026-05-21T10:21:28.394Z</time>
</trkpt>
<trkpt lat="49.8150396" lon="21.2961270">
<ele>276.235</ele>
<time>2026-05-21T10:21:31.440Z</time>
</trkpt>
<trkpt lat="49.8153599" lon="21.2958210">
<ele>276.996</ele>
<time>2026-05-21T10:21:34.476Z</time>
</trkpt>
<trkpt lat="49.8156406" lon="21.2955208">
<ele>278.301</ele>
<time>2026-05-21T10:21:37.372Z</time>
</trkpt>
<trkpt lat="49.8158668" lon="21.2952116">
<ele>279.562</ele>
<time>2026-05-21T10:21:40.204Z</time>
</trkpt>
<trkpt lat="49.8160238" lon="21.2948249">
<ele>280.266</ele>
<time>2026-05-21T10:21:43.136Z</time>
</trkpt>
<trkpt lat="49.8161972" lon="21.2944076">
<ele>280.577</ele>
<time>2026-05-21T10:21:46.248Z</time>
</trkpt>
<trkpt lat="49.8164300" lon="21.2940847">
<ele>280.479</ele>
<time>2026-05-21T10:21:49.254Z</time>
</trkpt>
<trkpt lat="49.8166599" lon="21.2938034">
<ele>279.900</ele>
<time>2026-05-21T10:21:52.168Z</time>
</trkpt>
<trkpt lat="49.8168799" lon="21.2934837">
<ele>279.137</ele>
<time>2026-05-21T10:21:55.209Z</time>
</trkpt>
<trkpt lat="49.8171375" lon="21.2932047">
<ele>278.411</ele>
<time>2026-05-21T10:21:58.292Z</time>
</trkpt>
<trkpt lat="49.8174197" lon="21.2929471">
<ele>277.692</ele>
<time>2026-05-21T10:22:01.370Z</time>
</trkpt>
<trkpt lat="49.8177118" lon="21.2926868">
<ele>277.069</ele>
<time>2026-05-21T10:22:04.420Z</time>
</trkpt>
<trkpt lat="49.8180051" lon="21.2924198">
<ele>276.666</ele>
<time>2026-05-21T10:22:07.424Z</time>
</trkpt>
<trkpt lat="49.8183127" lon="21.2921482">
<ele>276.499</ele>
<time>2026-05-21T10:22:10.471Z</time>
</trkpt>
<trkpt lat="49.8186280" lon="21.2918628">
<ele>276.694</ele>
<time>2026-05-21T10:22:13.533Z</time>
</trkpt>
<trkpt lat="49.8188230" lon="21.2916665">
<ele>277.227</ele>
<time>2026-05-21T10:22:15.507Z</time>
</trkpt>
<trkpt lat="49.8190080" lon="21.2914685">
<ele>277.542</ele>
<time>2026-05-21T10:22:17.477Z</time>
</trkpt>
<trkpt lat="49.8191645" lon="21.2912198">
<ele>277.247</ele>
<time>2026-05-21T10:22:19.491Z</time>
</trkpt>
<trkpt lat="49.8192857" lon="21.2907525">
<ele>276.729</ele>
<time>2026-05-21T10:22:22.473Z</time>
</trkpt>
<trkpt lat="49.8193357" lon="21.2902505">
<ele>276.464</ele>
<time>2026-05-21T10:22:25.453Z</time>
</trkpt>
<trkpt lat="49.8193869" lon="21.2898881">
<ele>276.629</ele>
<time>2026-05-21T10:22:27.513Z</time>
</trkpt>
<trkpt lat="49.8195876" lon="21.2894141">
<ele>277.136</ele>
<time>2026-05-21T10:22:30.563Z</time>
</trkpt>
<trkpt lat="49.8198566" lon="21.2890767">
<ele>277.878</ele>
<time>2026-05-21T10:22:33.537Z</time>
</trkpt>
<trkpt lat="49.8199952" lon="21.2886600">
<ele>278.883</ele>
<time>2026-05-21T10:22:36.348Z</time>
</trkpt>
<trkpt lat="49.8199558" lon="21.2881362">
<ele>279.932</ele>
<time>2026-05-21T10:22:39.500Z</time>
</trkpt>
<trkpt lat="49.8198602" lon="21.2875333">
<ele>280.786</ele>
<time>2026-05-21T10:22:42.785Z</time>
</trkpt>
<trkpt lat="49.8197513" lon="21.2869507">
<ele>281.687</ele>
<time>2026-05-21T10:22:45.891Z</time>
</trkpt>
<trkpt lat="49.8197287" lon="21.2864768">
<ele>282.846</ele>
<time>2026-05-21T10:22:48.585Z</time>
</trkpt>
<trkpt lat="49.8198898" lon="21.2861082">
<ele>284.540</ele>
<time>2026-05-21T10:22:51.449Z</time>
</trkpt>
<trkpt lat="49.8201089" lon="21.2857349">
<ele>287.105</ele>
<time>2026-05-21T10:22:54.612Z</time>
</trkpt>
<trkpt lat="49.8203600" lon="21.2853414">
<ele>290.118</ele>
<time>2026-05-21T10:22:57.763Z</time>
</trkpt>
<trkpt lat="49.8205624" lon="21.2849105">
<ele>292.502</ele>
<time>2026-05-21T10:23:00.707Z</time>
</trkpt>
<trkpt lat="49.8206711" lon="21.2843693">
<ele>293.463</ele>
<time>2026-05-21T10:23:03.796Z</time>
</trkpt>
<trkpt lat="49.8207933" lon="21.2838339">
<ele>293.023</ele>
<time>2026-05-21T10:23:06.846Z</time>
</trkpt>
<trkpt lat="49.8210567" lon="21.2834717">
<ele>292.018</ele>
<time>2026-05-21T10:23:09.824Z</time>
</trkpt>
<trkpt lat="49.8213819" lon="21.2832426">
<ele>291.381</ele>
<time>2026-05-21T10:23:12.844Z</time>
</trkpt>
<trkpt lat="49.8217136" lon="21.2829469">
<ele>291.743</ele>
<time>2026-05-21T10:23:15.951Z</time>
</trkpt>
<trkpt lat="49.8220554" lon="21.2826537">
<ele>292.982</ele>
<time>2026-05-21T10:23:19.038Z</time>
</trkpt>
<trkpt lat="49.8223700" lon="21.2823357">
<ele>293.811</ele>
<time>2026-05-21T10:23:22.054Z</time>
</trkpt>
<trkpt lat="49.8225909" lon="21.2819169">
<ele>293.283</ele>
<time>2026-05-21T10:23:24.972Z</time>
</trkpt>
<trkpt lat="49.8227419" lon="21.2814246">
<ele>292.060</ele>
<time>2026-05-21T10:23:27.974Z</time>
</trkpt>
<trkpt lat="49.8228459" lon="21.2808891">
<ele>291.013</ele>
<time>2026-05-21T10:23:31.059Z</time>
</trkpt>
<trkpt lat="49.8230233" lon="21.2804439">
<ele>290.278</ele>
<time>2026-05-21T10:23:33.958Z</time>
</trkpt>
<trkpt lat="49.8233257" lon="21.2800850">
<ele>289.847</ele>
<time>2026-05-21T10:23:37.115Z</time>
</trkpt>
<trkpt lat="49.8236897" lon="21.2798723">
<ele>289.878</ele>
<time>2026-05-21T10:23:40.166Z</time>
</trkpt>
<trkpt lat="49.8240695" lon="21.2796965">
<ele>290.461</ele>
<time>2026-05-21T10:23:43.196Z</time>
</trkpt>
<trkpt lat="49.8244420" lon="21.2795363">
<ele>291.348</ele>
<time>2026-05-21T10:23:46.158Z</time>
</trkpt>
<trkpt lat="49.8248109" lon="21.2793523">
<ele>292.062</ele>
<time>2026-05-21T10:23:49.149Z</time>
</trkpt>
<trkpt lat="49.8251676" lon="21.2791080">
<ele>292.285</ele>
<time>2026-05-21T10:23:52.145Z</time>
</trkpt>
<trkpt lat="49.8254859" lon="21.2787475">
<ele>291.856</ele>
<time>2026-05-21T10:23:55.157Z</time>
</trkpt>
<trkpt lat="49.8256960" lon="21.2782351">
<ele>290.874</ele>
<time>2026-05-21T10:23:58.124Z</time>
</trkpt>
<trkpt lat="49.8258960" lon="21.2776886">
<ele>289.808</ele>
<time>2026-05-21T10:24:01.153Z</time>
</trkpt>
<trkpt lat="49.8260989" lon="21.2771539">
<ele>289.146</ele>
<time>2026-05-21T10:24:04.149Z</time>
</trkpt>
<trkpt lat="49.8263847" lon="21.2767425">
<ele>289.002</ele>
<time>2026-05-21T10:24:07.117Z</time>
</trkpt>
<trkpt lat="49.8267422" lon="21.2764697">
<ele>289.680</ele>
<time>2026-05-21T10:24:10.136Z</time>
</trkpt>
<trkpt lat="49.8271267" lon="21.2762135">
<ele>291.612</ele>
<time>2026-05-21T10:24:13.211Z</time>
</trkpt>
<trkpt lat="49.8275175" lon="21.2759601">
<ele>294.511</ele>
<time>2026-05-21T10:24:16.249Z</time>
</trkpt>
<trkpt lat="49.8279088" lon="21.2757254">
<ele>297.259</ele>
<time>2026-05-21T10:24:19.235Z</time>
</trkpt>
<trkpt lat="49.8281654" lon="21.2755259">
<ele>298.697</ele>
<time>2026-05-21T10:24:21.270Z</time>
</trkpt>
<trkpt lat="49.8285233" lon="21.2751870">
<ele>298.365</ele>
<time>2026-05-21T10:24:24.253Z</time>
</trkpt>
<trkpt lat="49.8287614" lon="21.2749621">
<ele>296.420</ele>
<time>2026-05-21T10:24:26.254Z</time>
</trkpt>
<trkpt lat="49.8290093" lon="21.2747653">
<ele>293.457</ele>
<time>2026-05-21T10:24:28.295Z</time>
</trkpt>
<trkpt lat="49.8293273" lon="21.2744073">
<ele>290.517</ele>
<time>2026-05-21T10:24:31.245Z</time>
</trkpt>
<trkpt lat="49.8295043" lon="21.2741132">
<ele>288.470</ele>
<time>2026-05-21T10:24:33.256Z</time>
</trkpt>
<trkpt lat="49.8297246" lon="21.2736389">
<ele>287.808</ele>
<time>2026-05-21T10:24:36.243Z</time>
</trkpt>
<trkpt lat="49.8299621" lon="21.2732109">
<ele>288.844</ele>
<time>2026-05-21T10:24:39.228Z</time>
</trkpt>
<trkpt lat="49.8302078" lon="21.2728265">
<ele>291.448</ele>
<time>2026-05-21T10:24:42.171Z</time>
</trkpt>
<trkpt lat="49.8305286" lon="21.2725885">
<ele>295.018</ele>
<time>2026-05-21T10:24:45.195Z</time>
</trkpt>
<trkpt lat="49.8308603" lon="21.2723649">
<ele>298.692</ele>
<time>2026-05-21T10:24:48.203Z</time>
</trkpt>
<trkpt lat="49.8311563" lon="21.2719942">
<ele>301.805</ele>
<time>2026-05-21T10:24:51.223Z</time>
</trkpt>
<trkpt lat="49.8314283" lon="21.2715363">
<ele>303.974</ele>
<time>2026-05-21T10:24:54.286Z</time>
</trkpt>
<trkpt lat="49.8317282" lon="21.2711366">
<ele>305.496</ele>
<time>2026-05-21T10:24:57.310Z</time>
</trkpt>
<trkpt lat="49.8320642" lon="21.2708382">
<ele>306.904</ele>
<time>2026-05-21T10:25:00.372Z</time>
</trkpt>
<trkpt lat="49.8323442" lon="21.2704823">
<ele>307.936</ele>
<time>2026-05-21T10:25:03.242Z</time>
</trkpt>
<trkpt lat="49.8326184" lon="21.2700128">
<ele>307.791</ele>
<time>2026-05-21T10:25:06.292Z</time>
</trkpt>
<trkpt lat="49.8328966" lon="21.2694812">
<ele>305.999</ele>
<time>2026-05-21T10:25:09.391Z</time>
</trkpt>
<trkpt lat="49.8332101" lon="21.2690381">
<ele>302.414</ele>
<time>2026-05-21T10:25:12.313Z</time>
</trkpt>
<trkpt lat="49.8336228" lon="21.2687502">
<ele>298.092</ele>
<time>2026-05-21T10:25:15.395Z</time>
</trkpt>
<trkpt lat="49.8340374" lon="21.2685504">
<ele>294.933</ele>
<time>2026-05-21T10:25:18.489Z</time>
</trkpt>
<trkpt lat="49.8343654" lon="21.2683819">
<ele>294.560</ele>
<time>2026-05-21T10:25:21.308Z</time>
</trkpt>
<trkpt lat="49.8346689" lon="21.2683357">
<ele>297.375</ele>
<time>2026-05-21T10:25:24.076Z</time>
</trkpt>
<trkpt lat="49.8350004" lon="21.2684022">
<ele>302.029</ele>
<time>2026-05-21T10:25:27.125Z</time>
</trkpt>
<trkpt lat="49.8353379" lon="21.2685057">
<ele>306.538</ele>
<time>2026-05-21T10:25:30.173Z</time>
</trkpt>
<trkpt lat="49.8356711" lon="21.2686805">
<ele>309.796</ele>
<time>2026-05-21T10:25:33.239Z</time>
</trkpt>
<trkpt lat="49.8360007" lon="21.2688765">
<ele>311.174</ele>
<time>2026-05-21T10:25:36.259Z</time>
</trkpt>
<trkpt lat="49.8363365" lon="21.2690884">
<ele>310.378</ele>
<time>2026-05-21T10:25:39.301Z</time>
</trkpt>
<trkpt lat="49.8366810" lon="21.2692800">
<ele>307.633</ele>
<time>2026-05-21T10:25:42.523Z</time>
</trkpt>
<trkpt lat="49.8369656" lon="21.2693236">
<ele>303.494</ele>
<time>2026-05-21T10:25:45.515Z</time>
</trkpt>
<trkpt lat="49.8371866" lon="21.2692308">
<ele>298.712</ele>
<time>2026-05-21T10:25:48.165Z</time>
</trkpt>
<trkpt lat="49.8374774" lon="21.2691033">
<ele>294.528</ele>
<time>2026-05-21T10:25:51.394Z</time>
</trkpt>
<trkpt lat="49.8377922" lon="21.2690369">
<ele>292.271</ele>
<time>2026-05-21T10:25:54.558Z</time>
</trkpt>
<trkpt lat="49.8380557" lon="21.2692120">
<ele>292.589</ele>
<time>2026-05-21T10:25:57.556Z</time>
</trkpt>
<trkpt lat="49.8382956" lon="21.2693902">
<ele>295.526</ele>
<time>2026-05-21T10:26:00.564Z</time>
</trkpt>
<trkpt lat="49.8385438" lon="21.2693347">
<ele>300.185</ele>
<time>2026-05-21T10:26:03.480Z</time>
</trkpt>
<trkpt lat="49.8387823" lon="21.2691280">
<ele>305.035</ele>
<time>2026-05-21T10:26:06.494Z</time>
</trkpt>
<trkpt lat="49.8390166" lon="21.2688527">
<ele>309.409</ele>
<time>2026-05-21T10:26:09.504Z</time>
</trkpt>
<trkpt lat="49.8392821" lon="21.2686393">
<ele>313.464</ele>
<time>2026-05-21T10:26:12.451Z</time>
</trkpt>
<trkpt lat="49.8395903" lon="21.2686607">
<ele>317.413</ele>
<time>2026-05-21T10:26:15.385Z</time>
</trkpt>
<trkpt lat="49.8399059" lon="21.2688760">
<ele>321.314</ele>
<time>2026-05-21T10:26:18.486Z</time>
</trkpt>
<trkpt lat="49.8402367" lon="21.2690491">
<ele>324.926</ele>
<time>2026-05-21T10:26:21.626Z</time>
</trkpt>
<trkpt lat="49.8405349" lon="21.2690682">
<ele>328.014</ele>
<time>2026-05-21T10:26:24.448Z</time>
</trkpt>
<trkpt lat="49.8408420" lon="21.2688901">
<ele>330.593</ele>
<time>2026-05-21T10:26:27.544Z</time>
</trkpt>
<trkpt lat="49.8410442" lon="21.2687391">
<ele>332.926</ele>
<time>2026-05-21T10:26:29.578Z</time>
</trkpt>
<trkpt lat="49.8413474" lon="21.2685294">
<ele>335.460</ele>
<time>2026-05-21T10:26:32.559Z</time>
</trkpt>
<trkpt lat="49.8416904" lon="21.2685058">
<ele>338.587</ele>
<time>2026-05-21T10:26:35.561Z</time>
</trkpt>
<trkpt lat="49.8419400" lon="21.2685135">
<ele>342.180</ele>
<time>2026-05-21T10:26:37.587Z</time>
</trkpt>
<trkpt lat="49.8423303" lon="21.2685002">
<ele>345.586</ele>
<time>2026-05-21T10:26:40.695Z</time>
</trkpt>
<trkpt lat="49.8426932" lon="21.2683914">
<ele>348.228</ele>
<time>2026-05-21T10:26:43.706Z</time>
</trkpt>
<trkpt lat="49.8430293" lon="21.2682833">
<ele>350.361</ele>
<time>2026-05-21T10:26:46.705Z</time>
</trkpt>
<trkpt lat="49.8433306" lon="21.2682243">
<ele>352.500</ele>
<time>2026-05-21T10:26:49.607Z</time>
</trkpt>
<trkpt lat="49.8436175" lon="21.2682199">
<ele>354.756</ele>
<time>2026-05-21T10:26:52.403Z</time>
</trkpt>
<trkpt lat="49.8439607" lon="21.2683494">
<ele>356.765</ele>
<time>2026-05-21T10:26:55.550Z</time>
</trkpt>
<trkpt lat="49.8443386" lon="21.2684919">
<ele>358.000</ele>
<time>2026-05-21T10:26:58.701Z</time>
</trkpt>
<trkpt lat="49.8447137" lon="21.2685749">
<ele>358.033</ele>
<time>2026-05-21T10:27:01.731Z</time>
</trkpt>
<trkpt lat="49.8450717" lon="21.2686523">
<ele>356.602</ele>
<time>2026-05-21T10:27:04.671Z</time>
</trkpt>
<trkpt lat="49.8454240" lon="21.2687669">
<ele>354.071</ele>
<time>2026-05-21T10:27:07.609Z</time>
</trkpt>
<trkpt lat="49.8457543" lon="21.2689318">
<ele>351.779</ele>
<time>2026-05-21T10:27:10.375Z</time>
</trkpt>
<trkpt lat="49.8461489" lon="21.2690906">
<ele>351.333</ele>
<time>2026-05-21T10:27:13.437Z</time>
</trkpt>
<trkpt lat="49.8465608" lon="21.2692379">
<ele>354.032</ele>
<time>2026-05-21T10:27:16.453Z</time>
</trkpt>
<trkpt lat="49.8469673" lon="21.2693903">
<ele>359.905</ele>
<time>2026-05-21T10:27:19.442Z</time>
</trkpt>
<trkpt lat="49.8473633" lon="21.2695499">
<ele>366.575</ele>
<time>2026-05-21T10:27:22.451Z</time>
</trkpt>
<trkpt lat="49.8477500" lon="21.2697214">
<ele>371.353</ele>
<time>2026-05-21T10:27:25.480Z</time>
</trkpt>
<trkpt lat="49.8481583" lon="21.2698666">
<ele>374.300</ele>
<time>2026-05-21T10:27:28.667Z</time>
</trkpt>
<trkpt lat="49.8485661" lon="21.2700377">
<ele>376.846</ele>
<time>2026-05-21T10:27:31.870Z</time>
</trkpt>
<trkpt lat="49.8489861" lon="21.2702006">
<ele>378.959</ele>
<time>2026-05-21T10:27:35.148Z</time>
</trkpt>
<trkpt lat="49.8493890" lon="21.2702940">
<ele>379.977</ele>
<time>2026-05-21T10:27:38.299Z</time>
</trkpt>
<trkpt lat="49.8497795" lon="21.2702857">
<ele>380.051</ele>
<time>2026-05-21T10:27:41.353Z</time>
</trkpt>
<trkpt lat="49.8501727" lon="21.2703794">
<ele>379.675</ele>
<time>2026-05-21T10:27:44.360Z</time>
</trkpt>
<trkpt lat="49.8505652" lon="21.2706134">
<ele>379.191</ele>
<time>2026-05-21T10:27:47.387Z</time>
</trkpt>
<trkpt lat="49.8509676" lon="21.2708599">
<ele>378.826</ele>
<time>2026-05-21T10:27:50.561Z</time>
</trkpt>
<trkpt lat="49.8513175" lon="21.2711363">
<ele>378.689</ele>
<time>2026-05-21T10:27:53.680Z</time>
</trkpt>
<trkpt lat="49.8516136" lon="21.2714503">
<ele>378.738</ele>
<time>2026-05-21T10:27:56.662Z</time>
</trkpt>
<trkpt lat="49.8518923" lon="21.2717905">
<ele>378.983</ele>
<time>2026-05-21T10:27:59.646Z</time>
</trkpt>
<trkpt lat="49.8522063" lon="21.2720374">
<ele>379.395</ele>
<time>2026-05-21T10:28:02.548Z</time>
</trkpt>
<trkpt lat="49.8525786" lon="21.2721354">
<ele>379.812</ele>
<time>2026-05-21T10:28:05.603Z</time>
</trkpt>
<trkpt lat="49.8529489" lon="21.2720687">
<ele>380.396</ele>
<time>2026-05-21T10:28:08.742Z</time>
</trkpt>
<trkpt lat="49.8532875" lon="21.2720429">
<ele>381.662</ele>
<time>2026-05-21T10:28:11.786Z</time>
</trkpt>
<trkpt lat="49.8536139" lon="21.2721032">
<ele>383.687</ele>
<time>2026-05-21T10:28:15.092Z</time>
</trkpt>
<trkpt lat="49.8538927" lon="21.2721481">
<ele>386.047</ele>
<time>2026-05-21T10:28:18.426Z</time>
</trkpt>
<trkpt lat="49.8541210" lon="21.2722516">
<ele>388.341</ele>
<time>2026-05-21T10:28:21.612Z</time>
</trkpt>
<trkpt lat="49.8543148" lon="21.2724300">
<ele>390.298</ele>
<time>2026-05-21T10:28:24.996Z</time>
</trkpt>
<trkpt lat="49.8544705" lon="21.2725787">
<ele>391.806</ele>
<time>2026-05-21T10:28:27.706Z</time>
</trkpt>
<trkpt lat="49.8546698" lon="21.2726784">
<ele>392.943</ele>
<time>2026-05-21T10:28:30.503Z</time>
</trkpt>
<trkpt lat="49.8548980" lon="21.2726779">
<ele>393.804</ele>
<time>2026-05-21T10:28:33.272Z</time>
</trkpt>
<trkpt lat="49.8550578" lon="21.2726253">
<ele>394.416</ele>
<time>2026-05-21T10:28:35.192Z</time>
</trkpt>
<trkpt lat="49.8553051" lon="21.2725131">
<ele>394.774</ele>
<time>2026-05-21T10:28:38.123Z</time>
</trkpt>
<trkpt lat="49.8555917" lon="21.2724429">
<ele>394.870</ele>
<time>2026-05-21T10:28:41.292Z</time>
</trkpt>
<trkpt lat="49.8557876" lon="21.2724822">
<ele>394.448</ele>
<time>2026-05-21T10:28:43.341Z</time>
</trkpt>
<trkpt lat="49.8559711" lon="21.2725675">
<ele>393.112</ele>
<time>2026-05-21T10:28:45.221Z</time>
</trkpt>
<trkpt lat="49.8561894" lon="21.2727005">
<ele>390.788</ele>
<time>2026-05-21T10:28:47.462Z</time>
</trkpt>
<trkpt lat="49.8564907" lon="21.2729538">
<ele>387.945</ele>
<time>2026-05-21T10:28:50.698Z</time>
</trkpt>
<trkpt lat="49.8567592" lon="21.2732344">
<ele>384.964</ele>
<time>2026-05-21T10:28:53.936Z</time>
</trkpt>
<trkpt lat="49.8570045" lon="21.2734776">
<ele>381.744</ele>
<time>2026-05-21T10:28:57.068Z</time>
</trkpt>
<trkpt lat="49.8572504" lon="21.2736342">
<ele>377.849</ele>
<time>2026-05-21T10:28:59.980Z</time>
</trkpt>
<trkpt lat="49.8575304" lon="21.2736391">
<ele>373.236</ele>
<time>2026-05-21T10:29:02.947Z</time>
</trkpt>
<trkpt lat="49.8578312" lon="21.2736130">
<ele>368.755</ele>
<time>2026-05-21T10:29:06.047Z</time>
</trkpt>
<trkpt lat="49.8581520" lon="21.2735619">
<ele>365.423</ele>
<time>2026-05-21T10:29:09.436Z</time>
</trkpt>
<trkpt lat="49.8584409" lon="21.2735138">
<ele>362.724</ele>
<time>2026-05-21T10:29:12.514Z</time>
</trkpt>
<trkpt lat="49.8587379" lon="21.2735527">
<ele>359.644</ele>
<time>2026-05-21T10:29:15.468Z</time>
</trkpt>
<trkpt lat="49.8590514" lon="21.2737881">
<ele>356.676</ele>
<time>2026-05-21T10:29:18.688Z</time>
</trkpt>
<trkpt lat="49.8593697" lon="21.2739761">
<ele>354.857</ele>
<time>2026-05-21T10:29:21.701Z</time>
</trkpt>
<trkpt lat="49.8597063" lon="21.2741447">
<ele>354.137</ele>
<time>2026-05-21T10:29:24.714Z</time>
</trkpt>
<trkpt lat="49.8600503" lon="21.2743409">
<ele>353.307</ele>
<time>2026-05-21T10:29:27.724Z</time>
</trkpt>
<trkpt lat="49.8604097" lon="21.2744951">
<ele>350.412</ele>
<time>2026-05-21T10:29:30.620Z</time>
</trkpt>
<trkpt lat="49.8607783" lon="21.2746811">
<ele>344.599</ele>
<time>2026-05-21T10:29:33.428Z</time>
</trkpt>
<trkpt lat="49.8611909" lon="21.2748857">
<ele>337.412</ele>
<time>2026-05-21T10:29:36.377Z</time>
</trkpt>
<trkpt lat="49.8616152" lon="21.2751121">
<ele>331.093</ele>
<time>2026-05-21T10:29:39.306Z</time>
</trkpt>
<trkpt lat="49.8620645" lon="21.2753025">
<ele>326.792</ele>
<time>2026-05-21T10:29:42.254Z</time>
</trkpt>
<trkpt lat="49.8625369" lon="21.2753799">
<ele>324.494</ele>
<time>2026-05-21T10:29:45.186Z</time>
</trkpt>
<trkpt lat="49.8630253" lon="21.2754295">
<ele>323.445</ele>
<time>2026-05-21T10:29:48.163Z</time>
</trkpt>
<trkpt lat="49.8635190" lon="21.2754609">
<ele>322.782</ele>
<time>2026-05-21T10:29:51.156Z</time>
</trkpt>
<trkpt lat="49.8640140" lon="21.2755131">
<ele>322.202</ele>
<time>2026-05-21T10:29:54.161Z</time>
</trkpt>
<trkpt lat="49.8645058" lon="21.2756258">
<ele>321.654</ele>
<time>2026-05-21T10:29:57.219Z</time>
</trkpt>
<trkpt lat="49.8649664" lon="21.2758862">
<ele>321.006</ele>
<time>2026-05-21T10:30:00.401Z</time>
</trkpt>
<trkpt lat="49.8654004" lon="21.2761598">
<ele>320.256</ele>
<time>2026-05-21T10:30:03.717Z</time>
</trkpt>
<trkpt lat="49.8657954" lon="21.2764020">
<ele>319.362</ele>
<time>2026-05-21T10:30:06.940Z</time>
</trkpt>
<trkpt lat="49.8661620" lon="21.2766230">
<ele>317.877</ele>
<time>2026-05-21T10:30:09.966Z</time>
</trkpt>
<trkpt lat="49.8665430" lon="21.2767701">
<ele>315.585</ele>
<time>2026-05-21T10:30:12.968Z</time>
</trkpt>
<trkpt lat="49.8669361" lon="21.2768879">
<ele>312.822</ele>
<time>2026-05-21T10:30:15.983Z</time>
</trkpt>
<trkpt lat="49.8673227" lon="21.2769645">
<ele>309.598</ele>
<time>2026-05-21T10:30:18.810Z</time>
</trkpt>
<trkpt lat="49.8677367" lon="21.2770397">
<ele>305.509</ele>
<time>2026-05-21T10:30:21.747Z</time>
</trkpt>
<trkpt lat="49.8681648" lon="21.2771338">
<ele>300.960</ele>
<time>2026-05-21T10:30:24.774Z</time>
</trkpt>
<trkpt lat="49.8685888" lon="21.2772086">
<ele>296.492</ele>
<time>2026-05-21T10:30:27.762Z</time>
</trkpt>
<trkpt lat="49.8690078" lon="21.2772908">
<ele>291.801</ele>
<time>2026-05-21T10:30:30.722Z</time>
</trkpt>
<trkpt lat="49.8694314" lon="21.2773816">
<ele>286.755</ele>
<time>2026-05-21T10:30:33.727Z</time>
</trkpt>
<trkpt lat="49.8698492" lon="21.2774819">
<ele>281.912</ele>
<time>2026-05-21T10:30:36.784Z</time>
</trkpt>
<trkpt lat="49.8702691" lon="21.2776047">
<ele>277.369</ele>
<time>2026-05-21T10:30:40.130Z</time>
</trkpt>
<trkpt lat="49.8706405" lon="21.2777317">
<ele>272.812</ele>
<time>2026-05-21T10:30:43.457Z</time>
</trkpt>
<trkpt lat="49.8709796" lon="21.2778497">
<ele>268.239</ele>
<time>2026-05-21T10:30:46.865Z</time>
</trkpt>
<trkpt lat="49.8711804" lon="21.2779146">
<ele>264.230</ele>
<time>2026-05-21T10:30:49.566Z</time>
</trkpt>
<trkpt lat="49.8713808" lon="21.2779786">
<ele>261.200</ele>
<time>2026-05-21T10:30:53.348Z</time>
</trkpt>
<trkpt lat="49.8715545" lon="21.2780353">
<ele>259.177</ele>
<time>2026-05-21T10:30:56.239Z</time>
</trkpt>
<trkpt lat="49.8716574" lon="21.2780702">
<ele>257.995</ele>
<time>2026-05-21T10:30:57.546Z</time>
</trkpt>
<trkpt lat="49.8716922" lon="21.2783069">
<ele>257.384</ele>
<time>2026-05-21T10:30:59.055Z</time>
</trkpt>
<trkpt lat="49.8716276" lon="21.2787027">
<ele>257.027</ele>
<time>2026-05-21T10:31:01.290Z</time>
</trkpt>
<trkpt lat="49.8715464" lon="21.2792393">
<ele>256.841</ele>
<time>2026-05-21T10:31:04.025Z</time>
</trkpt>
<trkpt lat="49.8714609" lon="21.2798478">
<ele>256.781</ele>
<time>2026-05-21T10:31:07.036Z</time>
</trkpt>
<trkpt lat="49.8714249" lon="21.2804424">
<ele>256.799</ele>
<time>2026-05-21T10:31:09.857Z</time>
</trkpt>
<trkpt lat="49.8714842" lon="21.2810484">
<ele>256.823</ele>
<time>2026-05-21T10:31:12.586Z</time>
</trkpt>
<trkpt lat="49.8715979" lon="21.2817019">
<ele>256.726</ele>
<time>2026-05-21T10:31:15.428Z</time>
</trkpt>
<trkpt lat="49.8717086" lon="21.2823890">
<ele>256.080</ele>
<time>2026-05-21T10:31:18.299Z</time>
</trkpt>
<trkpt lat="49.8718208" lon="21.2831008">
<ele>254.692</ele>
<time>2026-05-21T10:31:21.196Z</time>
</trkpt>
<trkpt lat="49.8719381" lon="21.2838337">
<ele>253.184</ele>
<time>2026-05-21T10:31:24.133Z</time>
</trkpt>
<trkpt lat="49.8720561" lon="21.2845839">
<ele>252.308</ele>
<time>2026-05-21T10:31:27.171Z</time>
</trkpt>
<trkpt lat="49.8721712" lon="21.2853174">
<ele>251.985</ele>
<time>2026-05-21T10:31:30.313Z</time>
</trkpt>
<trkpt lat="49.8722797" lon="21.2860007">
<ele>251.674</ele>
<time>2026-05-21T10:31:33.467Z</time>
</trkpt>
<trkpt lat="49.8723769" lon="21.2866446">
<ele>251.112</ele>
<time>2026-05-21T10:31:36.554Z</time>
</trkpt>
<trkpt lat="49.8724725" lon="21.2872772">
<ele>250.365</ele>
<time>2026-05-21T10:31:39.611Z</time>
</trkpt>
<trkpt lat="49.8725641" lon="21.2879072">
<ele>249.572</ele>
<time>2026-05-21T10:31:42.652Z</time>
</trkpt>
<trkpt lat="49.8726324" lon="21.2885444">
<ele>248.947</ele>
<time>2026-05-21T10:31:45.684Z</time>
</trkpt>
<trkpt lat="49.8726935" lon="21.2891790">
<ele>248.592</ele>
<time>2026-05-21T10:31:48.656Z</time>
</trkpt>
<trkpt lat="49.8727833" lon="21.2898146">
<ele>248.384</ele>
<time>2026-05-21T10:31:51.616Z</time>
</trkpt>
<trkpt lat="49.8728728" lon="21.2904664">
<ele>248.172</ele>
<time>2026-05-21T10:31:54.639Z</time>
</trkpt>
<trkpt lat="49.8729633" lon="21.2911161">
<ele>247.830</ele>
<time>2026-05-21T10:31:57.721Z</time>
</trkpt>
<trkpt lat="49.8730729" lon="21.2917349">
<ele>247.297</ele>
<time>2026-05-21T10:32:00.793Z</time>
</trkpt>
<trkpt lat="49.8732586" lon="21.2922958">
<ele>246.705</ele>
<time>2026-05-21T10:32:03.925Z</time>
</trkpt>
<trkpt lat="49.8734670" lon="21.2928006">
<ele>246.441</ele>
<time>2026-05-21T10:32:06.967Z</time>
</trkpt>
<trkpt lat="49.8736537" lon="21.2932928">
<ele>247.101</ele>
<time>2026-05-21T10:32:09.744Z</time>
</trkpt>
<trkpt lat="49.8739056" lon="21.2937999">
<ele>248.604</ele>
<time>2026-05-21T10:32:12.645Z</time>
</trkpt>
<trkpt lat="49.8741832" lon="21.2943295">
<ele>249.668</ele>
<time>2026-05-21T10:32:15.653Z</time>
</trkpt>
<trkpt lat="49.8744278" lon="21.2949084">
<ele>249.478</ele>
<time>2026-05-21T10:32:18.789Z</time>
</trkpt>
<trkpt lat="49.8746244" lon="21.2954796">
<ele>248.403</ele>
<time>2026-05-21T10:32:21.886Z</time>
</trkpt>
<trkpt lat="49.8748881" lon="21.2959623">
<ele>246.853</ele>
<time>2026-05-21T10:32:25.213Z</time>
</trkpt>
<trkpt lat="49.8751239" lon="21.2963865">
<ele>245.218</ele>
<time>2026-05-21T10:32:28.407Z</time>
</trkpt>
<trkpt lat="49.8752090" lon="21.2968702">
<ele>243.989</ele>
<time>2026-05-21T10:32:31.225Z</time>
</trkpt>
<trkpt lat="49.8752258" lon="21.2973936">
<ele>243.289</ele>
<time>2026-05-21T10:32:34.034Z</time>
</trkpt>
<trkpt lat="49.8752780" lon="21.2979473">
<ele>243.028</ele>
<time>2026-05-21T10:32:36.972Z</time>
</trkpt>
<trkpt lat="49.8753543" lon="21.2985130">
<ele>242.877</ele>
<time>2026-05-21T10:32:40.074Z</time>
</trkpt>
<trkpt lat="49.8753563" lon="21.2990731">
<ele>242.550</ele>
<time>2026-05-21T10:32:43.236Z</time>
</trkpt>
<trkpt lat="49.8752376" lon="21.2995574">
<ele>242.239</ele>
<time>2026-05-21T10:32:46.248Z</time>
</trkpt>
<trkpt lat="49.8751300" lon="21.2998463">
<ele>242.200</ele>
<time>2026-05-21T10:32:48.186Z</time>
</trkpt>
<trkpt lat="49.8750426" lon="21.3001627">
<ele>242.384</ele>
<time>2026-05-21T10:32:50.171Z</time>
</trkpt>
<trkpt lat="49.8750053" lon="21.3006782">
<ele>242.635</ele>
<time>2026-05-21T10:32:53.052Z</time>
</trkpt>
<trkpt lat="49.8750727" lon="21.3010203">
<ele>242.818</ele>
<time>2026-05-21T10:32:54.906Z</time>
</trkpt>
<trkpt lat="49.8751800" lon="21.3013617">
<ele>242.815</ele>
<time>2026-05-21T10:32:56.822Z</time>
</trkpt>
<trkpt lat="49.8752567" lon="21.3017375">
<ele>242.713</ele>
<time>2026-05-21T10:32:58.816Z</time>
</trkpt>
<trkpt lat="49.8753235" lon="21.3021159">
<ele>242.720</ele>
<time>2026-05-21T10:33:00.800Z</time>
</trkpt>
<trkpt lat="49.8755229" lon="21.3026105">
<ele>242.836</ele>
<time>2026-05-21T10:33:03.734Z</time>
</trkpt>
<trkpt lat="49.8757967" lon="21.3030352">
<ele>242.859</ele>
<time>2026-05-21T10:33:06.759Z</time>
</trkpt>
<trkpt lat="49.8760614" lon="21.3034866">
<ele>242.723</ele>
<time>2026-05-21T10:33:10.099Z</time>
</trkpt>
<trkpt lat="49.8762099" lon="21.3039851">
<ele>242.542</ele>
<time>2026-05-21T10:33:13.699Z</time>
</trkpt>
<trkpt lat="49.8763290" lon="21.3043811">
<ele>242.438</ele>
<time>2026-05-21T10:33:17.022Z</time>
</trkpt>
<trkpt lat="49.8765341" lon="21.3046503">
<ele>242.401</ele>
<time>2026-05-21T10:33:20.347Z</time>
</trkpt>
<trkpt lat="49.8767400" lon="21.3048463">
<ele>242.347</ele>
<time>2026-05-21T10:33:23.091Z</time>
</trkpt>
<trkpt lat="49.8768595" lon="21.3051703">
<ele>242.222</ele>
<time>2026-05-21T10:33:25.477Z</time>
</trkpt>
<trkpt lat="49.8769241" lon="21.3056095">
<ele>242.057</ele>
<time>2026-05-21T10:33:28.079Z</time>
</trkpt>
<trkpt lat="49.8770176" lon="21.3061223">
<ele>241.937</ele>
<time>2026-05-21T10:33:30.981Z</time>
</trkpt>
<trkpt lat="49.8771488" lon="21.3066427">
<ele>242.030</ele>
<time>2026-05-21T10:33:34.008Z</time>
</trkpt>
<trkpt lat="49.8773042" lon="21.3071390">
<ele>242.380</ele>
<time>2026-05-21T10:33:37.067Z</time>
</trkpt>
<trkpt lat="49.8774926" lon="21.3076048">
<ele>242.743</ele>
<time>2026-05-21T10:33:40.324Z</time>
</trkpt>
<trkpt lat="49.8776759" lon="21.3080334">
<ele>242.918</ele>
<time>2026-05-21T10:33:43.669Z</time>
</trkpt>
<trkpt lat="49.8778271" lon="21.3084167">
<ele>242.977</ele>
<time>2026-05-21T10:33:46.671Z</time>
</trkpt>
<trkpt lat="49.8779290" lon="21.3088196">
<ele>243.062</ele>
<time>2026-05-21T10:33:49.444Z</time>
</trkpt>
<trkpt lat="49.8780272" lon="21.3092514">
<ele>243.279</ele>
<time>2026-05-21T10:33:52.244Z</time>
</trkpt>
<trkpt lat="49.8781295" lon="21.3097172">
<ele>243.760</ele>
<time>2026-05-21T10:33:55.224Z</time>
</trkpt>
<trkpt lat="49.8782408" lon="21.3101969">
<ele>244.603</ele>
<time>2026-05-21T10:33:58.420Z</time>
</trkpt>
<trkpt lat="49.8783411" lon="21.3106421">
<ele>245.582</ele>
<time>2026-05-21T10:34:01.403Z</time>
</trkpt>
<trkpt lat="49.8784407" lon="21.3110799">
<ele>246.364</ele>
<time>2026-05-21T10:34:04.231Z</time>
</trkpt>
<trkpt lat="49.8785402" lon="21.3115435">
<ele>246.850</ele>
<time>2026-05-21T10:34:07.094Z</time>
</trkpt>
<trkpt lat="49.8785917" lon="21.3120457">
<ele>247.028</ele>
<time>2026-05-21T10:34:10.043Z</time>
</trkpt>
<trkpt lat="49.8786039" lon="21.3125518">
<ele>246.712</ele>
<time>2026-05-21T10:34:12.981Z</time>
</trkpt>
<trkpt lat="49.8786124" lon="21.3130549">
<ele>245.768</ele>
<time>2026-05-21T10:34:15.850Z</time>
</trkpt>
<trkpt lat="49.8786209" lon="21.3135861">
<ele>244.331</ele>
<time>2026-05-21T10:34:18.858Z</time>
</trkpt>
<trkpt lat="49.8786841" lon="21.3141262">
<ele>242.748</ele>
<time>2026-05-21T10:34:22.180Z</time>
</trkpt>
<trkpt lat="49.8787929" lon="21.3145648">
<ele>241.454</ele>
<time>2026-05-21T10:34:25.161Z</time>
</trkpt>
<trkpt lat="49.8788918" lon="21.3149821">
<ele>240.607</ele>
<time>2026-05-21T10:34:27.804Z</time>
</trkpt>
<trkpt lat="49.8790484" lon="21.3154513">
<ele>240.011</ele>
<time>2026-05-21T10:34:30.625Z</time>
</trkpt>
<trkpt lat="49.8793047" lon="21.3159002">
<ele>239.533</ele>
<time>2026-05-21T10:34:33.663Z</time>
</trkpt>
<trkpt lat="49.8795611" lon="21.3163347">
<ele>239.261</ele>
<time>2026-05-21T10:34:36.689Z</time>
</trkpt>
<trkpt lat="49.8798138" lon="21.3167556">
<ele>239.578</ele>
<time>2026-05-21T10:34:39.728Z</time>
</trkpt>
<trkpt lat="49.8800534" lon="21.3171698">
<ele>240.587</ele>
<time>2026-05-21T10:34:42.697Z</time>
</trkpt>
<trkpt lat="49.8803009" lon="21.3175708">
<ele>241.890</ele>
<time>2026-05-21T10:34:45.577Z</time>
</trkpt>
<trkpt lat="49.8805593" lon="21.3180008">
<ele>243.105</ele>
<time>2026-05-21T10:34:48.483Z</time>
</trkpt>
<trkpt lat="49.8808348" lon="21.3184460">
<ele>243.866</ele>
<time>2026-05-21T10:34:51.429Z</time>
</trkpt>
<trkpt lat="49.8811153" lon="21.3189096">
<ele>243.992</ele>
<time>2026-05-21T10:34:54.439Z</time>
</trkpt>
<trkpt lat="49.8813973" lon="21.3193737">
<ele>243.811</ele>
<time>2026-05-21T10:34:57.491Z</time>
</trkpt>
<trkpt lat="49.8816737" lon="21.3198302">
<ele>243.458</ele>
<time>2026-05-21T10:35:00.539Z</time>
</trkpt>
<trkpt lat="49.8819442" lon="21.3202779">
<ele>242.771</ele>
<time>2026-05-21T10:35:03.552Z</time>
</trkpt>
<trkpt lat="49.8822153" lon="21.3207341">
<ele>241.861</ele>
<time>2026-05-21T10:35:06.594Z</time>
</trkpt>
<trkpt lat="49.8824858" lon="21.3211847">
<ele>241.134</ele>
<time>2026-05-21T10:35:09.628Z</time>
</trkpt>
<trkpt lat="49.8827514" lon="21.3216310">
<ele>240.798</ele>
<time>2026-05-21T10:35:12.663Z</time>
</trkpt>
<trkpt lat="49.8830238" lon="21.3220498">
<ele>240.815</ele>
<time>2026-05-21T10:35:15.676Z</time>
</trkpt>
<trkpt lat="49.8832972" lon="21.3224524">
<ele>241.280</ele>
<time>2026-05-21T10:35:18.674Z</time>
</trkpt>
<trkpt lat="49.8835820" lon="21.3228274">
<ele>242.346</ele>
<time>2026-05-21T10:35:21.671Z</time>
</trkpt>
<trkpt lat="49.8838681" lon="21.3231922">
<ele>243.821</ele>
<time>2026-05-21T10:35:24.644Z</time>
</trkpt>
<trkpt lat="49.8841520" lon="21.3235659">
<ele>245.268</ele>
<time>2026-05-21T10:35:27.634Z</time>
</trkpt>
<trkpt lat="49.8844305" lon="21.3239514">
<ele>246.354</ele>
<time>2026-05-21T10:35:30.678Z</time>
</trkpt>
<trkpt lat="49.8846951" lon="21.3243447">
<ele>246.942</ele>
<time>2026-05-21T10:35:33.708Z</time>
</trkpt>
<trkpt lat="49.8849452" lon="21.3247616">
<ele>246.909</ele>
<time>2026-05-21T10:35:36.843Z</time>
</trkpt>
<trkpt lat="49.8851829" lon="21.3251826">
<ele>246.236</ele>
<time>2026-05-21T10:35:40.295Z</time>
</trkpt>
<trkpt lat="49.8853871" lon="21.3255502">
<ele>245.294</ele>
<time>2026-05-21T10:35:43.801Z</time>
</trkpt>
<trkpt lat="49.8855613" lon="21.3258400">
<ele>244.508</ele>
<time>2026-05-21T10:35:46.591Z</time>
</trkpt>
<trkpt lat="49.8857335" lon="21.3261139">
<ele>243.894</ele>
<time>2026-05-21T10:35:48.928Z</time>
</trkpt>
<trkpt lat="49.8859563" lon="21.3264762">
<ele>243.356</ele>
<time>2026-05-21T10:35:51.560Z</time>
</trkpt>
<trkpt lat="49.8862393" lon="21.3268675">
<ele>242.950</ele>
<time>2026-05-21T10:35:54.281Z</time>
</trkpt>
<trkpt lat="49.8866068" lon="21.3272177">
<ele>242.560</ele>
<time>2026-05-21T10:35:57.110Z</time>
</trkpt>
<trkpt lat="49.8870286" lon="21.3274760">
<ele>241.954</ele>
<time>2026-05-21T10:35:59.978Z</time>
</trkpt>
<trkpt lat="49.8874575" lon="21.3277022">
<ele>241.061</ele>
<time>2026-05-21T10:36:02.839Z</time>
</trkpt>
<trkpt lat="49.8878821" lon="21.3279257">
<ele>239.799</ele>
<time>2026-05-21T10:36:05.766Z</time>
</trkpt>
<trkpt lat="49.8882885" lon="21.3281389">
<ele>238.374</ele>
<time>2026-05-21T10:36:08.729Z</time>
</trkpt>
<trkpt lat="49.8886787" lon="21.3283504">
<ele>237.405</ele>
<time>2026-05-21T10:36:11.770Z</time>
</trkpt>
<trkpt lat="49.8890458" lon="21.3285490">
<ele>237.127</ele>
<time>2026-05-21T10:36:14.814Z</time>
</trkpt>
<trkpt lat="49.8893996" lon="21.3287347">
<ele>237.288</ele>
<time>2026-05-21T10:36:17.803Z</time>
</trkpt>
<trkpt lat="49.8897580" lon="21.3289343">
<ele>237.603</ele>
<time>2026-05-21T10:36:20.765Z</time>
</trkpt>
<trkpt lat="49.8901392" lon="21.3291387">
<ele>237.863</ele>
<time>2026-05-21T10:36:23.794Z</time>
</trkpt>
<trkpt lat="49.8905328" lon="21.3293472">
<ele>237.865</ele>
<time>2026-05-21T10:36:26.861Z</time>
</trkpt>
<trkpt lat="49.8909290" lon="21.3295558">
<ele>237.391</ele>
<time>2026-05-21T10:36:29.933Z</time>
</trkpt>
<trkpt lat="49.8913215" lon="21.3297653">
<ele>236.491</ele>
<time>2026-05-21T10:36:33.098Z</time>
</trkpt>
<trkpt lat="49.8916904" lon="21.3299681">
<ele>235.614</ele>
<time>2026-05-21T10:36:36.429Z</time>
</trkpt>
<trkpt lat="49.8920235" lon="21.3301066">
<ele>235.239</ele>
<time>2026-05-21T10:36:39.625Z</time>
</trkpt>
<trkpt lat="49.8923317" lon="21.3300248">
<ele>235.459</ele>
<time>2026-05-21T10:36:42.413Z</time>
</trkpt>
<trkpt lat="49.8926501" lon="21.3298045">
<ele>236.089</ele>
<time>2026-05-21T10:36:45.156Z</time>
</trkpt>
<trkpt lat="49.8930256" lon="21.3295366">
<ele>237.122</ele>
<time>2026-05-21T10:36:48.006Z</time>
</trkpt>
<trkpt lat="49.8934432" lon="21.3292357">
<ele>238.440</ele>
<time>2026-05-21T10:36:50.905Z</time>
</trkpt>
<trkpt lat="49.8938902" lon="21.3289074">
<ele>239.618</ele>
<time>2026-05-21T10:36:53.890Z</time>
</trkpt>
<trkpt lat="49.8943471" lon="21.3285801">
<ele>240.404</ele>
<time>2026-05-21T10:36:56.904Z</time>
</trkpt>
<trkpt lat="49.8946488" lon="21.3283583">
<ele>240.772</ele>
<time>2026-05-21T10:36:58.873Z</time>
</trkpt>
<trkpt lat="49.8949494" lon="21.3281325">
<ele>240.772</ele>
<time>2026-05-21T10:37:00.813Z</time>
</trkpt>
<trkpt lat="49.8954283" lon="21.3277959">
<ele>240.598</ele>
<time>2026-05-21T10:37:03.719Z</time>
</trkpt>
<trkpt lat="49.8959376" lon="21.3274197">
<ele>240.004</ele>
<time>2026-05-21T10:37:06.733Z</time>
</trkpt>
<trkpt lat="49.8962832" lon="21.3271710">
<ele>238.245</ele>
<time>2026-05-21T10:37:08.772Z</time>
</trkpt>
<trkpt lat="49.8966222" lon="21.3269288">
<ele>235.203</ele>
<time>2026-05-21T10:37:10.805Z</time>
</trkpt>
<trkpt lat="49.8969495" lon="21.3266924">
<ele>231.974</ele>
<time>2026-05-21T10:37:12.792Z</time>
</trkpt>
<trkpt lat="49.8974370" lon="21.3263443">
<ele>229.657</ele>
<time>2026-05-21T10:37:15.782Z</time>
</trkpt>
<trkpt lat="49.8979211" lon="21.3260070">
<ele>228.363</ele>
<time>2026-05-21T10:37:18.776Z</time>
</trkpt>
<trkpt lat="49.8983983" lon="21.3256718">
<ele>227.609</ele>
<time>2026-05-21T10:37:21.779Z</time>
</trkpt>
<trkpt lat="49.8988640" lon="21.3253372">
<ele>227.114</ele>
<time>2026-05-21T10:37:24.768Z</time>
</trkpt>
<trkpt lat="49.8993324" lon="21.3249936">
<ele>226.651</ele>
<time>2026-05-21T10:37:27.826Z</time>
</trkpt>
<trkpt lat="49.8997987" lon="21.3246562">
<ele>225.975</ele>
<time>2026-05-21T10:37:30.865Z</time>
</trkpt>
<trkpt lat="49.9002697" lon="21.3243185">
<ele>225.205</ele>
<time>2026-05-21T10:37:33.895Z</time>
</trkpt>
<trkpt lat="49.9007379" lon="21.3239930">
<ele>224.688</ele>
<time>2026-05-21T10:37:36.862Z</time>
</trkpt>
<trkpt lat="49.9012038" lon="21.3236480">
<ele>224.677</ele>
<time>2026-05-21T10:37:39.874Z</time>
</trkpt>
<trkpt lat="49.9016571" lon="21.3233251">
<ele>225.250</ele>
<time>2026-05-21T10:37:42.938Z</time>
</trkpt>
<trkpt lat="49.9020796" lon="21.3230275">
<ele>226.306</ele>
<time>2026-05-21T10:37:46.011Z</time>
</trkpt>
<trkpt lat="49.9024801" lon="21.3227687">
<ele>227.713</ele>
<time>2026-05-21T10:37:48.948Z</time>
</trkpt>
<trkpt lat="49.9028905" lon="21.3225122">
<ele>229.105</ele>
<time>2026-05-21T10:37:51.877Z</time>
</trkpt>
<trkpt lat="49.9033092" lon="21.3222499">
<ele>229.735</ele>
<time>2026-05-21T10:37:54.865Z</time>
</trkpt>
<trkpt lat="49.9037177" lon="21.3219840">
<ele>229.391</ele>
<time>2026-05-21T10:37:57.837Z</time>
</trkpt>
<trkpt lat="49.9040966" lon="21.3216448">
<ele>228.802</ele>
<time>2026-05-21T10:38:00.805Z</time>
</trkpt>
<trkpt lat="49.9044617" lon="21.3212747">
<ele>228.894</ele>
<time>2026-05-21T10:38:03.777Z</time>
</trkpt>
<trkpt lat="49.9048277" lon="21.3209122">
<ele>230.098</ele>
<time>2026-05-21T10:38:06.691Z</time>
</trkpt>
<trkpt lat="49.9052056" lon="21.3205293">
<ele>232.046</ele>
<time>2026-05-21T10:38:09.646Z</time>
</trkpt>
<trkpt lat="49.9055794" lon="21.3201271">
<ele>233.899</ele>
<time>2026-05-21T10:38:12.575Z</time>
</trkpt>
<trkpt lat="49.9059520" lon="21.3197107">
<ele>235.123</ele>
<time>2026-05-21T10:38:15.566Z</time>
</trkpt>
<trkpt lat="49.9063124" lon="21.3192971">
<ele>235.404</ele>
<time>2026-05-21T10:38:18.618Z</time>
</trkpt>
<trkpt lat="49.9066573" lon="21.3189084">
<ele>234.411</ele>
<time>2026-05-21T10:38:21.670Z</time>
</trkpt>
<trkpt lat="49.9070257" lon="21.3185692">
<ele>231.993</ele>
<time>2026-05-21T10:38:24.765Z</time>
</trkpt>
<trkpt lat="49.9074450" lon="21.3184020">
<ele>228.541</ele>
<time>2026-05-21T10:38:27.745Z</time>
</trkpt>
<trkpt lat="49.9078872" lon="21.3182680">
<ele>225.241</ele>
<time>2026-05-21T10:38:30.743Z</time>
</trkpt>
<trkpt lat="49.9083325" lon="21.3181511">
<ele>223.255</ele>
<time>2026-05-21T10:38:33.859Z</time>
</trkpt>
<trkpt lat="49.9087442" lon="21.3180349">
<ele>223.078</ele>
<time>2026-05-21T10:38:36.921Z</time>
</trkpt>
<trkpt lat="49.9091318" lon="21.3178434">
<ele>224.562</ele>
<time>2026-05-21T10:38:39.927Z</time>
</trkpt>
<trkpt lat="49.9095044" lon="21.3175677">
<ele>226.841</ele>
<time>2026-05-21T10:38:42.905Z</time>
</trkpt>
<trkpt lat="49.9099005" lon="21.3172894">
<ele>229.190</ele>
<time>2026-05-21T10:38:45.997Z</time>
</trkpt>
<trkpt lat="49.9102859" lon="21.3170223">
<ele>231.650</ele>
<time>2026-05-21T10:38:48.983Z</time>
</trkpt>
<trkpt lat="49.9106697" lon="21.3167383">
<ele>234.149</ele>
<time>2026-05-21T10:38:51.938Z</time>
</trkpt>
<trkpt lat="49.9110599" lon="21.3164500">
<ele>236.129</ele>
<time>2026-05-21T10:38:54.894Z</time>
</trkpt>
<trkpt lat="49.9114457" lon="21.3161508">
<ele>236.951</ele>
<time>2026-05-21T10:38:57.823Z</time>
</trkpt>
<trkpt lat="49.9118422" lon="21.3158668">
<ele>236.270</ele>
<time>2026-05-21T10:39:00.743Z</time>
</trkpt>
<trkpt lat="49.9122794" lon="21.3156916">
<ele>234.242</ele>
<time>2026-05-21T10:39:03.682Z</time>
</trkpt>
<trkpt lat="49.9125904" lon="21.3156411">
<ele>231.421</ele>
<time>2026-05-21T10:39:05.688Z</time>
</trkpt>
<trkpt lat="49.9128989" lon="21.3156033">
<ele>228.606</ele>
<time>2026-05-21T10:39:07.668Z</time>
</trkpt>
<trkpt lat="49.9133557" lon="21.3155332">
<ele>226.230</ele>
<time>2026-05-21T10:39:10.660Z</time>
</trkpt>
<trkpt lat="49.9137964" lon="21.3154594">
<ele>224.115</ele>
<time>2026-05-21T10:39:13.716Z</time>
</trkpt>
<trkpt lat="49.9140732" lon="21.3154266">
<ele>222.317</ele>
<time>2026-05-21T10:39:15.721Z</time>
</trkpt>
<trkpt lat="49.9144700" lon="21.3153817">
<ele>221.272</ele>
<time>2026-05-21T10:39:18.716Z</time>
</trkpt>
<trkpt lat="49.9148605" lon="21.3153252">
<ele>220.888</ele>
<time>2026-05-21T10:39:21.732Z</time>
</trkpt>
<trkpt lat="49.9152520" lon="21.3152849">
<ele>220.717</ele>
<time>2026-05-21T10:39:24.707Z</time>
</trkpt>
<trkpt lat="49.9156486" lon="21.3153469">
<ele>220.666</ele>
<time>2026-05-21T10:39:27.526Z</time>
</trkpt>
<trkpt lat="49.9160698" lon="21.3155404">
<ele>220.907</ele>
<time>2026-05-21T10:39:30.407Z</time>
</trkpt>
<trkpt lat="49.9165311" lon="21.3157487">
<ele>221.392</ele>
<time>2026-05-21T10:39:33.505Z</time>
</trkpt>
<trkpt lat="49.9169710" lon="21.3159554">
<ele>221.824</ele>
<time>2026-05-21T10:39:36.579Z</time>
</trkpt>
<trkpt lat="49.9173911" lon="21.3161463">
<ele>221.983</ele>
<time>2026-05-21T10:39:39.635Z</time>
</trkpt>
<trkpt lat="49.9177983" lon="21.3163320">
<ele>221.556</ele>
<time>2026-05-21T10:39:42.693Z</time>
</trkpt>
<trkpt lat="49.9181918" lon="21.3165160">
<ele>220.359</ele>
<time>2026-05-21T10:39:45.666Z</time>
</trkpt>
<trkpt lat="49.9185985" lon="21.3166987">
<ele>218.963</ele>
<time>2026-05-21T10:39:48.635Z</time>
</trkpt>
<trkpt lat="49.9190263" lon="21.3168823">
<ele>217.893</ele>
<time>2026-05-21T10:39:51.669Z</time>
</trkpt>
<trkpt lat="49.9194579" lon="21.3170862">
<ele>216.858</ele>
<time>2026-05-21T10:39:54.817Z</time>
</trkpt>
<trkpt lat="49.9198644" lon="21.3172702">
<ele>215.454</ele>
<time>2026-05-21T10:39:58.005Z</time>
</trkpt>
<trkpt lat="49.9202423" lon="21.3173969">
<ele>213.534</ele>
<time>2026-05-21T10:40:01.159Z</time>
</trkpt>
<trkpt lat="49.9206003" lon="21.3173045">
<ele>211.148</ele>
<time>2026-05-21T10:40:04.148Z</time>
</trkpt>
<trkpt lat="49.9209509" lon="21.3171044">
<ele>208.740</ele>
<time>2026-05-21T10:40:07.346Z</time>
</trkpt>
<trkpt lat="49.9212684" lon="21.3169224">
<ele>206.908</ele>
<time>2026-05-21T10:40:10.635Z</time>
</trkpt>
<trkpt lat="49.9215499" lon="21.3168710">
<ele>205.774</ele>
<time>2026-05-21T10:40:13.442Z</time>
</trkpt>
<trkpt lat="49.9218244" lon="21.3170985">
<ele>205.108</ele>
<time>2026-05-21T10:40:16.156Z</time>
</trkpt>
<trkpt lat="49.9221219" lon="21.3174603">
<ele>204.801</ele>
<time>2026-05-21T10:40:18.962Z</time>
</trkpt>
<trkpt lat="49.9224626" lon="21.3178855">
<ele>205.271</ele>
<time>2026-05-21T10:40:21.806Z</time>
</trkpt>
<trkpt lat="49.9228450" lon="21.3183499">
<ele>206.805</ele>
<time>2026-05-21T10:40:24.745Z</time>
</trkpt>
<trkpt lat="49.9232420" lon="21.3188331">
<ele>208.629</ele>
<time>2026-05-21T10:40:27.709Z</time>
</trkpt>
<trkpt lat="49.9236449" lon="21.3193259">
<ele>209.685</ele>
<time>2026-05-21T10:40:30.678Z</time>
</trkpt>
<trkpt lat="49.9240520" lon="21.3198338">
<ele>209.742</ele>
<time>2026-05-21T10:40:33.646Z</time>
</trkpt>
<trkpt lat="49.9244712" lon="21.3203484">
<ele>209.147</ele>
<time>2026-05-21T10:40:36.669Z</time>
</trkpt>
<trkpt lat="49.9248825" lon="21.3208452">
<ele>208.468</ele>
<time>2026-05-21T10:40:39.666Z</time>
</trkpt>
<trkpt lat="49.9252877" lon="21.3213435">
<ele>208.085</ele>
<time>2026-05-21T10:40:42.666Z</time>
</trkpt>
<trkpt lat="49.9256958" lon="21.3218363">
<ele>208.054</ele>
<time>2026-05-21T10:40:45.663Z</time>
</trkpt>
<trkpt lat="49.9261068" lon="21.3223317">
<ele>208.256</ele>
<time>2026-05-21T10:40:48.654Z</time>
</trkpt>
<trkpt lat="49.9265154" lon="21.3228405">
<ele>208.477</ele>
<time>2026-05-21T10:40:51.671Z</time>
</trkpt>
<trkpt lat="49.9269136" lon="21.3233504">
<ele>208.583</ele>
<time>2026-05-21T10:40:54.696Z</time>
</trkpt>
<trkpt lat="49.9273150" lon="21.3238301">
<ele>208.679</ele>
<time>2026-05-21T10:40:57.683Z</time>
</trkpt>
<trkpt lat="49.9277164" lon="21.3243217">
<ele>209.078</ele>
<time>2026-05-21T10:41:00.648Z</time>
</trkpt>
<trkpt lat="49.9281260" lon="21.3248183">
<ele>209.853</ele>
<time>2026-05-21T10:41:03.613Z</time>
</trkpt>
<trkpt lat="49.9285338" lon="21.3253148">
<ele>210.599</ele>
<time>2026-05-21T10:41:06.566Z</time>
</trkpt>
<trkpt lat="49.9289426" lon="21.3258046">
<ele>210.880</ele>
<time>2026-05-21T10:41:09.532Z</time>
</trkpt>
<trkpt lat="49.9292079" lon="21.3261343">
<ele>210.569</ele>
<time>2026-05-21T10:41:11.492Z</time>
</trkpt>
<trkpt lat="49.9294792" lon="21.3264683">
<ele>209.897</ele>
<time>2026-05-21T10:41:13.487Z</time>
</trkpt>
<trkpt lat="49.9297486" lon="21.3268060">
<ele>209.226</ele>
<time>2026-05-21T10:41:15.485Z</time>
</trkpt>
<trkpt lat="49.9301526" lon="21.3273100">
<ele>208.601</ele>
<time>2026-05-21T10:41:18.510Z</time>
</trkpt>
<trkpt lat="49.9305531" lon="21.3278037">
<ele>207.868</ele>
<time>2026-05-21T10:41:21.534Z</time>
</trkpt>
<trkpt lat="49.9308162" lon="21.3281260">
<ele>206.997</ele>
<time>2026-05-21T10:41:23.526Z</time>
</trkpt>
<trkpt lat="49.9312105" lon="21.3286013">
<ele>206.040</ele>
<time>2026-05-21T10:41:26.476Z</time>
</trkpt>
<trkpt lat="49.9316035" lon="21.3290867">
<ele>205.145</ele>
<time>2026-05-21T10:41:29.406Z</time>
</trkpt>
<trkpt lat="49.9320054" lon="21.3295837">
<ele>204.395</ele>
<time>2026-05-21T10:41:32.393Z</time>
</trkpt>
<trkpt lat="49.9324058" lon="21.3300768">
<ele>203.770</ele>
<time>2026-05-21T10:41:35.395Z</time>
</trkpt>
<trkpt lat="49.9328075" lon="21.3305626">
<ele>203.349</ele>
<time>2026-05-21T10:41:38.421Z</time>
</trkpt>
<trkpt lat="49.9332116" lon="21.3310407">
<ele>203.156</ele>
<time>2026-05-21T10:41:41.543Z</time>
</trkpt>
<trkpt lat="49.9335864" lon="21.3315041">
<ele>203.049</ele>
<time>2026-05-21T10:41:44.786Z</time>
</trkpt>
<trkpt lat="49.9339144" lon="21.3319022">
<ele>202.938</ele>
<time>2026-05-21T10:41:47.998Z</time>
</trkpt>
<trkpt lat="49.9342051" lon="21.3322727">
<ele>202.690</ele>
<time>2026-05-21T10:41:51.080Z</time>
</trkpt>
<trkpt lat="49.9345019" lon="21.3326310">
<ele>202.271</ele>
<time>2026-05-21T10:41:54.250Z</time>
</trkpt>
<trkpt lat="49.9347747" lon="21.3329557">
<ele>201.911</ele>
<time>2026-05-21T10:41:57.256Z</time>
</trkpt>
<trkpt lat="49.9350505" lon="21.3332929">
<ele>201.814</ele>
<time>2026-05-21T10:42:00.597Z</time>
</trkpt>
<trkpt lat="49.9352892" lon="21.3335921">
<ele>201.936</ele>
<time>2026-05-21T10:42:04.164Z</time>
</trkpt>
<trkpt lat="49.9354907" lon="21.3338285">
<ele>202.117</ele>
<time>2026-05-21T10:42:08.928Z</time>
</trkpt>
<trkpt lat="49.9356254" lon="21.3340009">
<ele>202.272</ele>
<time>2026-05-21T10:42:12.897Z</time>
</trkpt>
<trkpt lat="49.9357085" lon="21.3341143">
<ele>202.436</ele>
<time>2026-05-21T10:42:14.697Z</time>
</trkpt>
<trkpt lat="49.9359034" lon="21.3340391">
<ele>202.788</ele>
<time>2026-05-21T10:42:17.071Z</time>
</trkpt>
<trkpt lat="49.9362004" lon="21.3338745">
<ele>203.446</ele>
<time>2026-05-21T10:42:19.939Z</time>
</trkpt>
<trkpt lat="49.9365307" lon="21.3336831">
<ele>204.279</ele>
<time>2026-05-21T10:42:22.783Z</time>
</trkpt>
<trkpt lat="49.9369041" lon="21.3334990">
<ele>205.009</ele>
<time>2026-05-21T10:42:25.697Z</time>
</trkpt>
<trkpt lat="49.9373016" lon="21.3332760">
<ele>205.428</ele>
<time>2026-05-21T10:42:28.621Z</time>
</trkpt>
<trkpt lat="49.9377349" lon="21.3330430">
<ele>205.373</ele>
<time>2026-05-21T10:42:31.696Z</time>
</trkpt>
<trkpt lat="49.9381625" lon="21.3328113">
<ele>204.857</ele>
<time>2026-05-21T10:42:34.808Z</time>
</trkpt>
<trkpt lat="49.9385698" lon="21.3326012">
<ele>204.193</ele>
<time>2026-05-21T10:42:37.840Z</time>
</trkpt>
<trkpt lat="49.9389678" lon="21.3323864">
<ele>203.805</ele>
<time>2026-05-21T10:42:40.750Z</time>
</trkpt>
<trkpt lat="49.9393722" lon="21.3321150">
<ele>203.898</ele>
<time>2026-05-21T10:42:43.644Z</time>
</trkpt>
<trkpt lat="49.9397864" lon="21.3317830">
<ele>204.423</ele>
<time>2026-05-21T10:42:46.629Z</time>
</trkpt>
<trkpt lat="49.9402003" lon="21.3314558">
<ele>205.115</ele>
<time>2026-05-21T10:42:49.632Z</time>
</trkpt>
<trkpt lat="49.9406086" lon="21.3311213">
<ele>205.612</ele>
<time>2026-05-21T10:42:52.609Z</time>
</trkpt>
<trkpt lat="49.9410361" lon="21.3307683">
<ele>205.797</ele>
<time>2026-05-21T10:42:55.642Z</time>
</trkpt>
<trkpt lat="49.9414750" lon="21.3304094">
<ele>205.911</ele>
<time>2026-05-21T10:42:58.689Z</time>
</trkpt>
<trkpt lat="49.9419037" lon="21.3300536">
<ele>206.132</ele>
<time>2026-05-21T10:43:01.674Z</time>
</trkpt>
<trkpt lat="49.9423259" lon="21.3297032">
<ele>206.330</ele>
<time>2026-05-21T10:43:04.609Z</time>
</trkpt>
<trkpt lat="49.9427559" lon="21.3293534">
<ele>206.406</ele>
<time>2026-05-21T10:43:07.559Z</time>
</trkpt>
<trkpt lat="49.9431939" lon="21.3290060">
<ele>206.400</ele>
<time>2026-05-21T10:43:10.520Z</time>
</trkpt>
<trkpt lat="49.9436370" lon="21.3286461">
<ele>206.417</ele>
<time>2026-05-21T10:43:13.506Z</time>
</trkpt>
<trkpt lat="49.9440847" lon="21.3282812">
<ele>206.652</ele>
<time>2026-05-21T10:43:16.503Z</time>
</trkpt>
<trkpt lat="49.9445338" lon="21.3279170">
<ele>207.131</ele>
<time>2026-05-21T10:43:19.493Z</time>
</trkpt>
<trkpt lat="49.9449830" lon="21.3275508">
<ele>207.362</ele>
<time>2026-05-21T10:43:22.481Z</time>
</trkpt>
<trkpt lat="49.9454357" lon="21.3271860">
<ele>207.020</ele>
<time>2026-05-21T10:43:25.474Z</time>
</trkpt>
<trkpt lat="49.9458927" lon="21.3268188">
<ele>206.493</ele>
<time>2026-05-21T10:43:28.482Z</time>
</trkpt>
<trkpt lat="49.9461910" lon="21.3265664">
<ele>206.207</ele>
<time>2026-05-21T10:43:30.456Z</time>
</trkpt>
<trkpt lat="49.9466504" lon="21.3261906">
<ele>206.170</ele>
<time>2026-05-21T10:43:33.474Z</time>
</trkpt>
<trkpt lat="49.9471029" lon="21.3258232">
<ele>206.271</ele>
<time>2026-05-21T10:43:36.493Z</time>
</trkpt>
<trkpt lat="49.9475481" lon="21.3254721">
<ele>206.642</ele>
<time>2026-05-21T10:43:39.506Z</time>
</trkpt>
<trkpt lat="49.9479807" lon="21.3251120">
<ele>207.386</ele>
<time>2026-05-21T10:43:42.503Z</time>
</trkpt>
<trkpt lat="49.9484164" lon="21.3247624">
<ele>208.197</ele>
<time>2026-05-21T10:43:45.506Z</time>
</trkpt>
<trkpt lat="49.9488554" lon="21.3244084">
<ele>208.737</ele>
<time>2026-05-21T10:43:48.524Z</time>
</trkpt>
<trkpt lat="49.9492919" lon="21.3240513">
<ele>209.022</ele>
<time>2026-05-21T10:43:51.502Z</time>
</trkpt>
<trkpt lat="49.9497282" lon="21.3236931">
<ele>209.182</ele>
<time>2026-05-21T10:43:54.446Z</time>
</trkpt>
<trkpt lat="49.9501664" lon="21.3233364">
<ele>209.272</ele>
<time>2026-05-21T10:43:57.376Z</time>
</trkpt>
<trkpt lat="49.9506108" lon="21.3229816">
<ele>209.351</ele>
<time>2026-05-21T10:44:00.351Z</time>
</trkpt>
<trkpt lat="49.9510436" lon="21.3226299">
<ele>209.491</ele>
<time>2026-05-21T10:44:03.327Z</time>
</trkpt>
<trkpt lat="49.9514766" lon="21.3222797">
<ele>209.575</ele>
<time>2026-05-21T10:44:06.334Z</time>
</trkpt>
<trkpt lat="49.9519157" lon="21.3219195">
<ele>209.401</ele>
<time>2026-05-21T10:44:09.363Z</time>
</trkpt>
<trkpt lat="49.9523539" lon="21.3215624">
<ele>209.037</ele>
<time>2026-05-21T10:44:12.345Z</time>
</trkpt>
<trkpt lat="49.9527963" lon="21.3212062">
<ele>208.765</ele>
<time>2026-05-21T10:44:15.305Z</time>
</trkpt>
<trkpt lat="49.9532442" lon="21.3208436">
<ele>208.727</ele>
<time>2026-05-21T10:44:18.278Z</time>
</trkpt>
<trkpt lat="49.9536954" lon="21.3204881">
<ele>208.846</ele>
<time>2026-05-21T10:44:21.229Z</time>
</trkpt>
<trkpt lat="49.9541570" lon="21.3201056">
<ele>208.960</ele>
<time>2026-05-21T10:44:24.248Z</time>
</trkpt>
<trkpt lat="49.9546188" lon="21.3197297">
<ele>208.854</ele>
<time>2026-05-21T10:44:27.272Z</time>
</trkpt>
<trkpt lat="49.9550688" lon="21.3193534">
<ele>208.454</ele>
<time>2026-05-21T10:44:30.307Z</time>
</trkpt>
<trkpt lat="49.9555113" lon="21.3189952">
<ele>207.915</ele>
<time>2026-05-21T10:44:33.356Z</time>
</trkpt>
<trkpt lat="49.9559560" lon="21.3186484">
<ele>207.456</ele>
<time>2026-05-21T10:44:36.437Z</time>
</trkpt>
<trkpt lat="49.9563942" lon="21.3182912">
<ele>207.100</ele>
<time>2026-05-21T10:44:39.481Z</time>
</trkpt>
<trkpt lat="49.9568364" lon="21.3179291">
<ele>206.736</ele>
<time>2026-05-21T10:44:42.508Z</time>
</trkpt>
<trkpt lat="49.9572743" lon="21.3175621">
<ele>206.366</ele>
<time>2026-05-21T10:44:45.506Z</time>
</trkpt>
<trkpt lat="49.9577129" lon="21.3172080">
<ele>206.082</ele>
<time>2026-05-21T10:44:48.494Z</time>
</trkpt>
<trkpt lat="49.9581526" lon="21.3168525">
<ele>205.901</ele>
<time>2026-05-21T10:44:51.487Z</time>
</trkpt>
<trkpt lat="49.9585964" lon="21.3164832">
<ele>205.802</ele>
<time>2026-05-21T10:44:54.490Z</time>
</trkpt>
<trkpt lat="49.9590563" lon="21.3161122">
<ele>205.673</ele>
<time>2026-05-21T10:44:57.539Z</time>
</trkpt>
<trkpt lat="49.9595123" lon="21.3157391">
<ele>205.418</ele>
<time>2026-05-21T10:45:00.554Z</time>
</trkpt>
<trkpt lat="49.9599663" lon="21.3153644">
<ele>205.129</ele>
<time>2026-05-21T10:45:03.568Z</time>
</trkpt>
<trkpt lat="49.9604161" lon="21.3150035">
<ele>204.886</ele>
<time>2026-05-21T10:45:06.545Z</time>
</trkpt>
<trkpt lat="49.9608639" lon="21.3146467">
<ele>204.658</ele>
<time>2026-05-21T10:45:09.487Z</time>
</trkpt>
<trkpt lat="49.9613120" lon="21.3142796">
<ele>204.438</ele>
<time>2026-05-21T10:45:12.427Z</time>
</trkpt>
<trkpt lat="49.9617545" lon="21.3139133">
<ele>204.135</ele>
<time>2026-05-21T10:45:15.336Z</time>
</trkpt>
<trkpt lat="49.9622035" lon="21.3135553">
<ele>203.692</ele>
<time>2026-05-21T10:45:18.270Z</time>
</trkpt>
<trkpt lat="49.9626508" lon="21.3131858">
<ele>203.245</ele>
<time>2026-05-21T10:45:21.232Z</time>
</trkpt>
<trkpt lat="49.9629499" lon="21.3129423">
<ele>202.916</ele>
<time>2026-05-21T10:45:23.217Z</time>
</trkpt>
<trkpt lat="49.9632544" lon="21.3126993">
<ele>202.700</ele>
<time>2026-05-21T10:45:25.221Z</time>
</trkpt>
<trkpt lat="49.9637121" lon="21.3123284">
<ele>202.595</ele>
<time>2026-05-21T10:45:28.229Z</time>
</trkpt>
<trkpt lat="49.9641704" lon="21.3119536">
<ele>202.563</ele>
<time>2026-05-21T10:45:31.262Z</time>
</trkpt>
<trkpt lat="49.9646200" lon="21.3115784">
<ele>202.536</ele>
<time>2026-05-21T10:45:34.335Z</time>
</trkpt>
<trkpt lat="49.9649097" lon="21.3113504">
<ele>202.491</ele>
<time>2026-05-21T10:45:36.374Z</time>
</trkpt>
<trkpt lat="49.9653224" lon="21.3110199">
<ele>202.437</ele>
<time>2026-05-21T10:45:39.392Z</time>
</trkpt>
<trkpt lat="49.9657150" lon="21.3106994">
<ele>202.392</ele>
<time>2026-05-21T10:45:42.341Z</time>
</trkpt>
<trkpt lat="49.9661136" lon="21.3103823">
<ele>202.485</ele>
<time>2026-05-21T10:45:45.292Z</time>
</trkpt>
<trkpt lat="49.9665170" lon="21.3100460">
<ele>202.833</ele>
<time>2026-05-21T10:45:48.254Z</time>
</trkpt>
<trkpt lat="49.9669249" lon="21.3097180">
<ele>203.293</ele>
<time>2026-05-21T10:45:51.196Z</time>
</trkpt>
<trkpt lat="49.9673406" lon="21.3093846">
<ele>203.606</ele>
<time>2026-05-21T10:45:54.184Z</time>
</trkpt>
<trkpt lat="49.9677564" lon="21.3090485">
<ele>203.718</ele>
<time>2026-05-21T10:45:57.212Z</time>
</trkpt>
<trkpt lat="49.9681564" lon="21.3087071">
<ele>203.744</ele>
<time>2026-05-21T10:46:00.210Z</time>
</trkpt>
<trkpt lat="49.9685621" lon="21.3083816">
<ele>203.774</ele>
<time>2026-05-21T10:46:03.199Z</time>
</trkpt>
<trkpt lat="49.9689830" lon="21.3080333">
<ele>203.633</ele>
<time>2026-05-21T10:46:06.235Z</time>
</trkpt>
<trkpt lat="49.9694017" lon="21.3076515">
<ele>203.131</ele>
<time>2026-05-21T10:46:09.236Z</time>
</trkpt>
<trkpt lat="49.9697912" lon="21.3072023">
<ele>202.436</ele>
<time>2026-05-21T10:46:12.214Z</time>
</trkpt>
<trkpt lat="49.9701731" lon="21.3067326">
<ele>201.878</ele>
<time>2026-05-21T10:46:15.270Z</time>
</trkpt>
<trkpt lat="49.9705491" lon="21.3062567">
<ele>201.565</ele>
<time>2026-05-21T10:46:18.376Z</time>
</trkpt>
<trkpt lat="49.9709443" lon="21.3057768">
<ele>201.371</ele>
<time>2026-05-21T10:46:21.560Z</time>
</trkpt>
<trkpt lat="49.9713291" lon="21.3052954">
<ele>201.139</ele>
<time>2026-05-21T10:46:24.646Z</time>
</trkpt>
<trkpt lat="49.9717061" lon="21.3048267">
<ele>200.902</ele>
<time>2026-05-21T10:46:27.760Z</time>
</trkpt>
<trkpt lat="49.9720525" lon="21.3044012">
<ele>200.742</ele>
<time>2026-05-21T10:46:30.857Z</time>
</trkpt>
<trkpt lat="49.9723626" lon="21.3040228">
<ele>200.635</ele>
<time>2026-05-21T10:46:33.834Z</time>
</trkpt>
<trkpt lat="49.9726594" lon="21.3036564">
<ele>200.489</ele>
<time>2026-05-21T10:46:36.771Z</time>
</trkpt>
<trkpt lat="49.9729615" lon="21.3032847">
<ele>200.282</ele>
<time>2026-05-21T10:46:39.770Z</time>
</trkpt>
<trkpt lat="49.9732584" lon="21.3029102">
<ele>200.100</ele>
<time>2026-05-21T10:46:42.742Z</time>
</trkpt>
<trkpt lat="49.9735584" lon="21.3025354">
<ele>199.985</ele>
<time>2026-05-21T10:46:45.716Z</time>
</trkpt>
<trkpt lat="49.9738595" lon="21.3021609">
<ele>199.901</ele>
<time>2026-05-21T10:46:48.692Z</time>
</trkpt>
<trkpt lat="49.9741629" lon="21.3017978">
<ele>199.859</ele>
<time>2026-05-21T10:46:51.662Z</time>
</trkpt>
<trkpt lat="49.9744665" lon="21.3014308">
<ele>199.939</ele>
<time>2026-05-21T10:46:54.663Z</time>
</trkpt>
<trkpt lat="49.9747636" lon="21.3010545">
<ele>200.151</ele>
<time>2026-05-21T10:46:57.679Z</time>
</trkpt>
<trkpt lat="49.9750633" lon="21.3006933">
<ele>200.420</ele>
<time>2026-05-21T10:47:00.690Z</time>
</trkpt>
<trkpt lat="49.9753596" lon="21.3003277">
<ele>200.681</ele>
<time>2026-05-21T10:47:03.712Z</time>
</trkpt>
<trkpt lat="49.9756494" lon="21.2999601">
<ele>200.922</ele>
<time>2026-05-21T10:47:06.720Z</time>
</trkpt>
<trkpt lat="49.9759333" lon="21.2996064">
<ele>201.212</ele>
<time>2026-05-21T10:47:09.715Z</time>
</trkpt>
<trkpt lat="49.9762128" lon="21.2992588">
<ele>201.571</ele>
<time>2026-05-21T10:47:12.740Z</time>
</trkpt>
<trkpt lat="49.9764909" lon="21.2989211">
<ele>201.843</ele>
<time>2026-05-21T10:47:15.736Z</time>
</trkpt>
<trkpt lat="49.9767657" lon="21.2985736">
<ele>201.923</ele>
<time>2026-05-21T10:47:18.719Z</time>
</trkpt>
<trkpt lat="49.9770518" lon="21.2982269">
<ele>201.883</ele>
<time>2026-05-21T10:47:21.843Z</time>
</trkpt>
<trkpt lat="49.9773151" lon="21.2978900">
<ele>201.766</ele>
<time>2026-05-21T10:47:25.070Z</time>
</trkpt>
<trkpt lat="49.9775439" lon="21.2976090">
<ele>201.556</ele>
<time>2026-05-21T10:47:28.305Z</time>
</trkpt>
<trkpt lat="49.9776821" lon="21.2974402">
<ele>201.245</ele>
<time>2026-05-21T10:47:30.491Z</time>
</trkpt>
<trkpt lat="49.9778606" lon="21.2972223">
<ele>200.858</ele>
<time>2026-05-21T10:47:34.094Z</time>
</trkpt>
<trkpt lat="49.9779541" lon="21.2971026">
<ele>200.471</ele>
<time>2026-05-21T10:47:36.432Z</time>
</trkpt>
<trkpt lat="49.9780684" lon="21.2969634">
<ele>200.184</ele>
<time>2026-05-21T10:47:39.386Z</time>
</trkpt>
<trkpt lat="49.9781834" lon="21.2968293">
<ele>200.026</ele>
<time>2026-05-21T10:47:42.066Z</time>
</trkpt>
<trkpt lat="49.9783101" lon="21.2966702">
<ele>199.993</ele>
<time>2026-05-21T10:47:44.693Z</time>
</trkpt>
<trkpt lat="49.9784642" lon="21.2964756">
<ele>200.065</ele>
<time>2026-05-21T10:47:47.496Z</time>
</trkpt>
<trkpt lat="49.9786421" lon="21.2962508">
<ele>200.255</ele>
<time>2026-05-21T10:47:50.634Z</time>
</trkpt>
<trkpt lat="49.9788153" lon="21.2960479">
<ele>200.570</ele>
<time>2026-05-21T10:47:53.570Z</time>
</trkpt>
<trkpt lat="49.9789962" lon="21.2958497">
<ele>200.920</ele>
<time>2026-05-21T10:47:56.474Z</time>
</trkpt>
<trkpt lat="49.9791803" lon="21.2956307">
<ele>201.191</ele>
<time>2026-05-21T10:48:00.027Z</time>
</trkpt>
<trkpt lat="49.9793247" lon="21.2954623">
<ele>201.379</ele>
<time>2026-05-21T10:48:03.817Z</time>
</trkpt>
<trkpt lat="49.9794197" lon="21.2953535">
<ele>201.571</ele>
<time>2026-05-21T10:48:06.552Z</time>
</trkpt>
<trkpt lat="49.9795125" lon="21.2952193">
<ele>201.828</ele>
<time>2026-05-21T10:48:09.654Z</time>
</trkpt>
<trkpt lat="49.9796260" lon="21.2950892">
<ele>202.162</ele>
<time>2026-05-21T10:48:13.078Z</time>
</trkpt>
<trkpt lat="49.9797234" lon="21.2949954">
<ele>202.521</ele>
<time>2026-05-21T10:48:15.116Z</time>
</trkpt>
<trkpt lat="49.9798695" lon="21.2950846">
<ele>202.782</ele>
<time>2026-05-21T10:48:17.330Z</time>
</trkpt>
<trkpt lat="49.9800531" lon="21.2953602">
<ele>202.846</ele>
<time>2026-05-21T10:48:20.070Z</time>
</trkpt>
<trkpt lat="49.9802820" lon="21.2957019">
<ele>202.708</ele>
<time>2026-05-21T10:48:23.000Z</time>
</trkpt>
<trkpt lat="49.9805290" lon="21.2960855">
<ele>202.468</ele>
<time>2026-05-21T10:48:26.014Z</time>
</trkpt>
<trkpt lat="49.9807895" lon="21.2964667">
<ele>202.283</ele>
<time>2026-05-21T10:48:28.977Z</time>
</trkpt>
<trkpt lat="49.9810521" lon="21.2968805">
<ele>202.118</ele>
<time>2026-05-21T10:48:31.947Z</time>
</trkpt>
<trkpt lat="49.9813267" lon="21.2973069">
<ele>201.874</ele>
<time>2026-05-21T10:48:34.964Z</time>
</trkpt>
<trkpt lat="49.9816074" lon="21.2977263">
<ele>201.515</ele>
<time>2026-05-21T10:48:38.050Z</time>
</trkpt>
<trkpt lat="49.9818730" lon="21.2981328">
<ele>201.179</ele>
<time>2026-05-21T10:48:41.155Z</time>
</trkpt>
<trkpt lat="49.9821253" lon="21.2985262">
<ele>200.990</ele>
<time>2026-05-21T10:48:44.246Z</time>
</trkpt>
<trkpt lat="49.9823711" lon="21.2989063">
<ele>200.856</ele>
<time>2026-05-21T10:48:47.303Z</time>
</trkpt>
<trkpt lat="49.9826167" lon="21.2992779">
<ele>200.684</ele>
<time>2026-05-21T10:48:50.492Z</time>
</trkpt>
<trkpt lat="49.9828448" lon="21.2996222">
<ele>200.477</ele>
<time>2026-05-21T10:48:53.657Z</time>
</trkpt>
<trkpt lat="49.9830572" lon="21.2999425">
<ele>200.156</ele>
<time>2026-05-21T10:48:56.731Z</time>
</trkpt>
<trkpt lat="49.9832635" lon="21.3002614">
<ele>199.781</ele>
<time>2026-05-21T10:48:59.962Z</time>
</trkpt>
<trkpt lat="49.9834556" lon="21.3005788">
<ele>199.499</ele>
<time>2026-05-21T10:49:03.377Z</time>
</trkpt>
<trkpt lat="49.9836639" lon="21.3007698">
<ele>199.364</ele>
<time>2026-05-21T10:49:06.254Z</time>
</trkpt>
<trkpt lat="49.9839114" lon="21.3007497">
<ele>199.279</ele>
<time>2026-05-21T10:49:08.930Z</time>
</trkpt>
<trkpt lat="49.9841983" lon="21.3006901">
<ele>199.133</ele>
<time>2026-05-21T10:49:11.794Z</time>
</trkpt>
<trkpt lat="49.9845018" lon="21.3006363">
<ele>198.941</ele>
<time>2026-05-21T10:49:14.636Z</time>
</trkpt>
<trkpt lat="49.9848274" lon="21.3005773">
<ele>198.793</ele>
<time>2026-05-21T10:49:17.594Z</time>
</trkpt>
<trkpt lat="49.9851685" lon="21.3005127">
<ele>198.725</ele>
<time>2026-05-21T10:49:20.848Z</time>
</trkpt>
<trkpt lat="49.9854851" lon="21.3004633">
<ele>198.667</ele>
<time>2026-05-21T10:49:24.247Z</time>
</trkpt>
<trkpt lat="49.9857617" lon="21.3004241">
<ele>198.521</ele>
<time>2026-05-21T10:49:27.785Z</time>
</trkpt>
<trkpt lat="49.9860102" lon="21.3003870">
<ele>198.232</ele>
<time>2026-05-21T10:49:31.488Z</time>
</trkpt>
<trkpt lat="49.9861581" lon="21.3005018">
<ele>197.867</ele>
<time>2026-05-21T10:49:33.586Z</time>
</trkpt>
<trkpt lat="49.9861809" lon="21.3008377">
<ele>197.849</ele>
<time>2026-05-21T10:49:35.715Z</time>
</trkpt>
<trkpt lat="49.9861922" lon="21.3011519">
<ele>198.559</ele>
<time>2026-05-21T10:49:37.518Z</time>
</trkpt>
<trkpt lat="49.9862504" lon="21.3017025">
<ele>199.905</ele>
<time>2026-05-21T10:49:40.345Z</time>
</trkpt>
<trkpt lat="49.9863625" lon="21.3023054">
<ele>201.594</ele>
<time>2026-05-21T10:49:43.297Z</time>
</trkpt>
<trkpt lat="49.9864535" lon="21.3027087">
<ele>203.393</ele>
<time>2026-05-21T10:49:45.237Z</time>
</trkpt>
<trkpt lat="49.9865875" lon="21.3033444">
<ele>204.910</ele>
<time>2026-05-21T10:49:48.017Z</time>
</trkpt>
<trkpt lat="49.9867204" lon="21.3040942">
<ele>205.186</ele>
<time>2026-05-21T10:49:50.874Z</time>
</trkpt>
<trkpt lat="49.9869009" lon="21.3049082">
<ele>203.598</ele>
<time>2026-05-21T10:49:53.766Z</time>
</trkpt>
<trkpt lat="49.9871199" lon="21.3057608">
<ele>201.175</ele>
<time>2026-05-21T10:49:56.753Z</time>
</trkpt>
<trkpt lat="49.9873381" lon="21.3065958">
<ele>199.450</ele>
<time>2026-05-21T10:49:59.742Z</time>
</trkpt>
<trkpt lat="49.9875714" lon="21.3073997">
<ele>198.804</ele>
<time>2026-05-21T10:50:02.743Z</time>
</trkpt>
<trkpt lat="49.9878123" lon="21.3081814">
<ele>198.891</ele>
<time>2026-05-21T10:50:05.748Z</time>
</trkpt>
<trkpt lat="49.9880653" lon="21.3089404">
<ele>199.296</ele>
<time>2026-05-21T10:50:08.750Z</time>
</trkpt>
<trkpt lat="49.9883162" lon="21.3096921">
<ele>199.741</ele>
<time>2026-05-21T10:50:11.766Z</time>
</trkpt>
<trkpt lat="49.9885517" lon="21.3104419">
<ele>200.111</ele>
<time>2026-05-21T10:50:14.866Z</time>
</trkpt>
<trkpt lat="49.9887703" lon="21.3111375">
<ele>200.384</ele>
<time>2026-05-21T10:50:17.950Z</time>
</trkpt>
<trkpt lat="49.9889828" lon="21.3117696">
<ele>200.556</ele>
<time>2026-05-21T10:50:20.916Z</time>
</trkpt>
<trkpt lat="49.9892141" lon="21.3123828">
<ele>200.646</ele>
<time>2026-05-21T10:50:23.862Z</time>
</trkpt>
<trkpt lat="49.9894601" lon="21.3130005">
<ele>200.766</ele>
<time>2026-05-21T10:50:26.805Z</time>
</trkpt>
<trkpt lat="49.9897297" lon="21.3136212">
<ele>201.055</ele>
<time>2026-05-21T10:50:29.727Z</time>
</trkpt>
<trkpt lat="49.9900251" lon="21.3142673">
<ele>201.408</ele>
<time>2026-05-21T10:50:32.684Z</time>
</trkpt>
<trkpt lat="49.9903436" lon="21.3149250">
<ele>201.628</ele>
<time>2026-05-21T10:50:35.649Z</time>
</trkpt>
<trkpt lat="49.9906761" lon="21.3155997">
<ele>201.695</ele>
<time>2026-05-21T10:50:38.774Z</time>
</trkpt>
<trkpt lat="49.9909935" lon="21.3162291">
<ele>201.758</ele>
<time>2026-05-21T10:50:42.079Z</time>
</trkpt>
<trkpt lat="49.9912560" lon="21.3167639">
<ele>202.010</ele>
<time>2026-05-21T10:50:45.230Z</time>
</trkpt>
<trkpt lat="49.9915006" lon="21.3172571">
<ele>202.543</ele>
<time>2026-05-21T10:50:48.293Z</time>
</trkpt>
<trkpt lat="49.9917356" lon="21.3177402">
<ele>203.425</ele>
<time>2026-05-21T10:50:51.368Z</time>
</trkpt>
<trkpt lat="49.9919673" lon="21.3182055">
<ele>204.665</ele>
<time>2026-05-21T10:50:54.511Z</time>
</trkpt>
<trkpt lat="49.9921808" lon="21.3186366">
<ele>206.098</ele>
<time>2026-05-21T10:50:57.520Z</time>
</trkpt>
<trkpt lat="49.9923997" lon="21.3190639">
<ele>207.491</ele>
<time>2026-05-21T10:51:00.615Z</time>
</trkpt>
<trkpt lat="49.9926029" lon="21.3194711">
<ele>208.826</ele>
<time>2026-05-21T10:51:03.497Z</time>
</trkpt>
<trkpt lat="49.9928162" lon="21.3199085">
<ele>210.251</ele>
<time>2026-05-21T10:51:06.403Z</time>
</trkpt>
<trkpt lat="49.9930460" lon="21.3203749">
<ele>211.843</ele>
<time>2026-05-21T10:51:09.455Z</time>
</trkpt>
<trkpt lat="49.9932746" lon="21.3208332">
<ele>213.568</ele>
<time>2026-05-21T10:51:12.472Z</time>
</trkpt>
<trkpt lat="49.9935025" lon="21.3212902">
<ele>215.405</ele>
<time>2026-05-21T10:51:15.400Z</time>
</trkpt>
<trkpt lat="49.9937360" lon="21.3217727">
<ele>217.262</ele>
<time>2026-05-21T10:51:18.322Z</time>
</trkpt>
<trkpt lat="49.9939824" lon="21.3222785">
<ele>219.167</ele>
<time>2026-05-21T10:51:21.259Z</time>
</trkpt>
<trkpt lat="49.9942483" lon="21.3227899">
<ele>221.464</ele>
<time>2026-05-21T10:51:24.188Z</time>
</trkpt>
<trkpt lat="49.9945529" lon="21.3232830">
<ele>224.563</ele>
<time>2026-05-21T10:51:27.111Z</time>
</trkpt>
<trkpt lat="49.9948810" lon="21.3237756">
<ele>228.325</ele>
<time>2026-05-21T10:51:30.024Z</time>
</trkpt>
<trkpt lat="49.9952181" lon="21.3242726">
<ele>232.184</ele>
<time>2026-05-21T10:51:32.952Z</time>
</trkpt>
<trkpt lat="49.9955638" lon="21.3247473">
<ele>235.807</ele>
<time>2026-05-21T10:51:35.868Z</time>
</trkpt>
<trkpt lat="49.9959511" lon="21.3251537">
<ele>239.480</ele>
<time>2026-05-21T10:51:38.745Z</time>
</trkpt>
<trkpt lat="49.9962492" lon="21.3253692">
<ele>243.316</ele>
<time>2026-05-21T10:51:40.696Z</time>
</trkpt>
<trkpt lat="49.9967390" lon="21.3256558">
<ele>246.619</ele>
<time>2026-05-21T10:51:43.602Z</time>
</trkpt>
<trkpt lat="49.9970891" lon="21.3258502">
<ele>248.622</ele>
<time>2026-05-21T10:51:45.565Z</time>
</trkpt>
<trkpt lat="49.9974523" lon="21.3260499">
<ele>249.365</ele>
<time>2026-05-21T10:51:47.553Z</time>
</trkpt>
<trkpt lat="49.9978210" lon="21.3262479">
<ele>249.264</ele>
<time>2026-05-21T10:51:49.551Z</time>
</trkpt>
<trkpt lat="49.9983714" lon="21.3265514">
<ele>248.510</ele>
<time>2026-05-21T10:51:52.580Z</time>
</trkpt>
<trkpt lat="49.9987290" lon="21.3267490">
<ele>247.252</ele>
<time>2026-05-21T10:51:54.587Z</time>
</trkpt>
<trkpt lat="49.9992567" lon="21.3270424">
<ele>246.037</ele>
<time>2026-05-21T10:51:57.638Z</time>
</trkpt>
<trkpt lat="49.9997610" lon="21.3273396">
<ele>245.671</ele>
<time>2026-05-21T10:52:00.648Z</time>
</trkpt>
<trkpt lat="50.0002309" lon="21.3277315">
<ele>246.503</ele>
<time>2026-05-21T10:52:03.606Z</time>
</trkpt>
<trkpt lat="50.0006479" lon="21.3282598">
<ele>247.890</ele>
<time>2026-05-21T10:52:06.522Z</time>
</trkpt>
<trkpt lat="50.0010526" lon="21.3288620">
<ele>248.848</ele>
<time>2026-05-21T10:52:09.538Z</time>
</trkpt>
<trkpt lat="50.0014541" lon="21.3294634">
<ele>249.067</ele>
<time>2026-05-21T10:52:12.563Z</time>
</trkpt>
<trkpt lat="50.0018527" lon="21.3300614">
<ele>248.759</ele>
<time>2026-05-21T10:52:15.545Z</time>
</trkpt>
<trkpt lat="50.0022605" lon="21.3306696">
<ele>248.212</ele>
<time>2026-05-21T10:52:18.553Z</time>
</trkpt>
<trkpt lat="50.0026644" lon="21.3312763">
<ele>247.410</ele>
<time>2026-05-21T10:52:21.551Z</time>
</trkpt>
<trkpt lat="50.0030626" lon="21.3318736">
<ele>245.907</ele>
<time>2026-05-21T10:52:24.524Z</time>
</trkpt>
<trkpt lat="50.0034594" lon="21.3324784">
<ele>243.422</ele>
<time>2026-05-21T10:52:27.558Z</time>
</trkpt>
<trkpt lat="50.0038537" lon="21.3330571">
<ele>240.561</ele>
<time>2026-05-21T10:52:30.615Z</time>
</trkpt>
<trkpt lat="50.0042276" lon="21.3336056">
<ele>238.408</ele>
<time>2026-05-21T10:52:33.572Z</time>
</trkpt>
<trkpt lat="50.0046004" lon="21.3341611">
<ele>237.588</ele>
<time>2026-05-21T10:52:36.537Z</time>
</trkpt>
<trkpt lat="50.0049761" lon="21.3347377">
<ele>237.971</ele>
<time>2026-05-21T10:52:39.553Z</time>
</trkpt>
<trkpt lat="50.0053552" lon="21.3353206">
<ele>239.136</ele>
<time>2026-05-21T10:52:42.647Z</time>
</trkpt>
<trkpt lat="50.0057087" lon="21.3359086">
<ele>240.580</ele>
<time>2026-05-21T10:52:45.724Z</time>
</trkpt>
<trkpt lat="50.0060317" lon="21.3365033">
<ele>241.839</ele>
<time>2026-05-21T10:52:48.656Z</time>
</trkpt>
<trkpt lat="50.0063790" lon="21.3371226">
<ele>242.659</ele>
<time>2026-05-21T10:52:51.589Z</time>
</trkpt>
<trkpt lat="50.0067472" lon="21.3377871">
<ele>242.801</ele>
<time>2026-05-21T10:52:54.617Z</time>
</trkpt>
<trkpt lat="50.0071149" lon="21.3384482">
<ele>241.991</ele>
<time>2026-05-21T10:52:57.614Z</time>
</trkpt>
<trkpt lat="50.0074841" lon="21.3391053">
<ele>240.268</ele>
<time>2026-05-21T10:53:00.656Z</time>
</trkpt>
<trkpt lat="50.0078443" lon="21.3397191">
<ele>237.879</ele>
<time>2026-05-21T10:53:03.613Z</time>
</trkpt>
<trkpt lat="50.0081989" lon="21.3403412">
<ele>235.054</ele>
<time>2026-05-21T10:53:06.562Z</time>
</trkpt>
<trkpt lat="50.0085425" lon="21.3409692">
<ele>231.983</ele>
<time>2026-05-21T10:53:09.605Z</time>
</trkpt>
<trkpt lat="50.0088513" lon="21.3415408">
<ele>229.234</ele>
<time>2026-05-21T10:53:12.720Z</time>
</trkpt>
<trkpt lat="50.0091224" lon="21.3420330">
<ele>227.691</ele>
<time>2026-05-21T10:53:15.795Z</time>
</trkpt>
<trkpt lat="50.0093819" lon="21.3424839">
<ele>227.653</ele>
<time>2026-05-21T10:53:18.903Z</time>
</trkpt>
<trkpt lat="50.0096133" lon="21.3428959">
<ele>228.747</ele>
<time>2026-05-21T10:53:21.863Z</time>
</trkpt>
<trkpt lat="50.0098416" lon="21.3432998">
<ele>230.487</ele>
<time>2026-05-21T10:53:24.740Z</time>
</trkpt>
<trkpt lat="50.0100758" lon="21.3437256">
<ele>232.276</ele>
<time>2026-05-21T10:53:27.523Z</time>
</trkpt>
<trkpt lat="50.0103188" lon="21.3442373">
<ele>233.557</ele>
<time>2026-05-21T10:53:30.529Z</time>
</trkpt>
<trkpt lat="50.0105190" lon="21.3447938">
<ele>233.980</ele>
<time>2026-05-21T10:53:33.488Z</time>
</trkpt>
<trkpt lat="50.0106593" lon="21.3454082">
<ele>233.343</ele>
<time>2026-05-21T10:53:36.344Z</time>
</trkpt>
<trkpt lat="50.0107790" lon="21.3461110">
<ele>231.620</ele>
<time>2026-05-21T10:53:39.423Z</time>
</trkpt>
<trkpt lat="50.0109008" lon="21.3467964">
<ele>228.951</ele>
<time>2026-05-21T10:53:42.490Z</time>
</trkpt>
<trkpt lat="50.0110880" lon="21.3474432">
<ele>225.756</ele>
<time>2026-05-21T10:53:45.567Z</time>
</trkpt>
<trkpt lat="50.0112588" lon="21.3478382">
<ele>222.962</ele>
<time>2026-05-21T10:53:47.605Z</time>
</trkpt>
<trkpt lat="50.0114525" lon="21.3481967">
<ele>221.583</ele>
<time>2026-05-21T10:53:49.610Z</time>
</trkpt>
<trkpt lat="50.0116565" lon="21.3485461">
<ele>221.860</ele>
<time>2026-05-21T10:53:51.669Z</time>
</trkpt>
<trkpt lat="50.0119391" lon="21.3490271">
<ele>223.245</ele>
<time>2026-05-21T10:53:54.732Z</time>
</trkpt>
<trkpt lat="50.0121940" lon="21.3494659">
<ele>225.107</ele>
<time>2026-05-21T10:53:57.706Z</time>
</trkpt>
<trkpt lat="50.0123614" lon="21.3497486">
<ele>227.122</ele>
<time>2026-05-21T10:53:59.656Z</time>
</trkpt>
<trkpt lat="50.0126151" lon="21.3501861">
<ele>229.018</ele>
<time>2026-05-21T10:54:02.627Z</time>
</trkpt>
<trkpt lat="50.0128736" lon="21.3506265">
<ele>230.555</ele>
<time>2026-05-21T10:54:05.721Z</time>
</trkpt>
<trkpt lat="50.0131220" lon="21.3510408">
<ele>231.787</ele>
<time>2026-05-21T10:54:08.947Z</time>
</trkpt>
<trkpt lat="50.0133361" lon="21.3514211">
<ele>232.872</ele>
<time>2026-05-21T10:54:12.123Z</time>
</trkpt>
<trkpt lat="50.0135251" lon="21.3517860">
<ele>233.714</ele>
<time>2026-05-21T10:54:15.125Z</time>
</trkpt>
<trkpt lat="50.0137016" lon="21.3521503">
<ele>234.232</ele>
<time>2026-05-21T10:54:18.047Z</time>
</trkpt>
<trkpt lat="50.0138819" lon="21.3525183">
<ele>234.531</ele>
<time>2026-05-21T10:54:21.051Z</time>
</trkpt>
<trkpt lat="50.0140476" lon="21.3528768">
<ele>234.713</ele>
<time>2026-05-21T10:54:23.891Z</time>
</trkpt>
<trkpt lat="50.0142174" lon="21.3532687">
<ele>234.667</ele>
<time>2026-05-21T10:54:26.897Z</time>
</trkpt>
<trkpt lat="50.0143836" lon="21.3536534">
<ele>234.178</ele>
<time>2026-05-21T10:54:29.935Z</time>
</trkpt>
<trkpt lat="50.0145413" lon="21.3540161">
<ele>233.173</ele>
<time>2026-05-21T10:54:32.819Z</time>
</trkpt>
<trkpt lat="50.0147044" lon="21.3543911">
<ele>231.970</ele>
<time>2026-05-21T10:54:35.599Z</time>
</trkpt>
<trkpt lat="50.0148921" lon="21.3548050">
<ele>231.008</ele>
<time>2026-05-21T10:54:38.308Z</time>
</trkpt>
<trkpt lat="50.0151177" lon="21.3553082">
<ele>230.324</ele>
<time>2026-05-21T10:54:41.191Z</time>
</trkpt>
<trkpt lat="50.0153725" lon="21.3558824">
<ele>229.692</ele>
<time>2026-05-21T10:54:44.289Z</time>
</trkpt>
<trkpt lat="50.0156193" lon="21.3564340">
<ele>229.149</ele>
<time>2026-05-21T10:54:47.266Z</time>
</trkpt>
<trkpt lat="50.0158715" lon="21.3570060">
<ele>229.162</ele>
<time>2026-05-21T10:54:50.370Z</time>
</trkpt>
<trkpt lat="50.0161178" lon="21.3575656">
<ele>230.239</ele>
<time>2026-05-21T10:54:53.576Z</time>
</trkpt>
<trkpt lat="50.0163226" lon="21.3580820">
<ele>232.303</ele>
<time>2026-05-21T10:54:56.677Z</time>
</trkpt>
<trkpt lat="50.0164919" lon="21.3585872">
<ele>234.861</ele>
<time>2026-05-21T10:54:59.663Z</time>
</trkpt>
<trkpt lat="50.0166349" lon="21.3591164">
<ele>237.539</ele>
<time>2026-05-21T10:55:02.512Z</time>
</trkpt>
<trkpt lat="50.0167855" lon="21.3597043">
<ele>240.016</ele>
<time>2026-05-21T10:55:05.372Z</time>
</trkpt>
<trkpt lat="50.0169534" lon="21.3603646">
<ele>241.960</ele>
<time>2026-05-21T10:55:08.430Z</time>
</trkpt>
<trkpt lat="50.0171640" lon="21.3609916">
<ele>243.155</ele>
<time>2026-05-21T10:55:11.467Z</time>
</trkpt>
<trkpt lat="50.0174510" lon="21.3615407">
<ele>243.576</ele>
<time>2026-05-21T10:55:14.473Z</time>
</trkpt>
<trkpt lat="50.0178112" lon="21.3619891">
<ele>243.375</ele>
<time>2026-05-21T10:55:17.509Z</time>
</trkpt>
<trkpt lat="50.0181976" lon="21.3623378">
<ele>242.810</ele>
<time>2026-05-21T10:55:20.495Z</time>
</trkpt>
<trkpt lat="50.0185908" lon="21.3626697">
<ele>242.117</ele>
<time>2026-05-21T10:55:23.568Z</time>
</trkpt>
<trkpt lat="50.0189641" lon="21.3629876">
<ele>241.182</ele>
<time>2026-05-21T10:55:26.492Z</time>
</trkpt>
<trkpt lat="50.0193531" lon="21.3633150">
<ele>239.667</ele>
<time>2026-05-21T10:55:29.375Z</time>
</trkpt>
<trkpt lat="50.0197653" lon="21.3636659">
<ele>237.698</ele>
<time>2026-05-21T10:55:32.302Z</time>
</trkpt>
<trkpt lat="50.0201757" lon="21.3640602">
<ele>235.852</ele>
<time>2026-05-21T10:55:35.215Z</time>
</trkpt>
<trkpt lat="50.0205744" lon="21.3645248">
<ele>234.502</ele>
<time>2026-05-21T10:55:38.162Z</time>
</trkpt>
<trkpt lat="50.0209856" lon="21.3650035">
<ele>233.513</ele>
<time>2026-05-21T10:55:41.245Z</time>
</trkpt>
<trkpt lat="50.0213760" lon="21.3654585">
<ele>232.385</ele>
<time>2026-05-21T10:55:44.298Z</time>
</trkpt>
<trkpt lat="50.0217506" lon="21.3659060">
<ele>230.789</ele>
<time>2026-05-21T10:55:47.352Z</time>
</trkpt>
<trkpt lat="50.0221176" lon="21.3663401">
<ele>228.879</ele>
<time>2026-05-21T10:55:50.331Z</time>
</trkpt>
<trkpt lat="50.0223710" lon="21.3666357">
<ele>226.987</ele>
<time>2026-05-21T10:55:52.299Z</time>
</trkpt>
<trkpt lat="50.0226358" lon="21.3669431">
<ele>225.371</ele>
<time>2026-05-21T10:55:54.294Z</time>
</trkpt>
<trkpt lat="50.0230495" lon="21.3674092">
<ele>224.159</ele>
<time>2026-05-21T10:55:57.388Z</time>
</trkpt>
<trkpt lat="50.0233148" lon="21.3677112">
<ele>223.207</ele>
<time>2026-05-21T10:55:59.422Z</time>
</trkpt>
<trkpt lat="50.0235782" lon="21.3680062">
<ele>222.268</ele>
<time>2026-05-21T10:56:01.441Z</time>
</trkpt>
<trkpt lat="50.0238369" lon="21.3683014">
<ele>221.286</ele>
<time>2026-05-21T10:56:03.418Z</time>
</trkpt>
<trkpt lat="50.0240958" lon="21.3686070">
<ele>220.223</ele>
<time>2026-05-21T10:56:05.394Z</time>
</trkpt>
<trkpt lat="50.0244867" lon="21.3690700">
<ele>219.060</ele>
<time>2026-05-21T10:56:08.353Z</time>
</trkpt>
<trkpt lat="50.0248767" lon="21.3695272">
<ele>217.915</ele>
<time>2026-05-21T10:56:11.286Z</time>
</trkpt>
<trkpt lat="50.0252668" lon="21.3699775">
<ele>216.825</ele>
<time>2026-05-21T10:56:14.207Z</time>
</trkpt>
<trkpt lat="50.0256571" lon="21.3704352">
<ele>215.701</ele>
<time>2026-05-21T10:56:17.119Z</time>
</trkpt>
<trkpt lat="50.0260684" lon="21.3709022">
<ele>214.598</ele>
<time>2026-05-21T10:56:20.125Z</time>
</trkpt>
<trkpt lat="50.0264752" lon="21.3713777">
<ele>213.734</ele>
<time>2026-05-21T10:56:23.227Z</time>
</trkpt>
<trkpt lat="50.0268523" lon="21.3718135">
<ele>213.471</ele>
<time>2026-05-21T10:56:26.305Z</time>
</trkpt>
<trkpt lat="50.0272003" lon="21.3722336">
<ele>214.021</ele>
<time>2026-05-21T10:56:29.346Z</time>
</trkpt>
<trkpt lat="50.0275448" lon="21.3726446">
<ele>214.992</ele>
<time>2026-05-21T10:56:32.407Z</time>
</trkpt>
<trkpt lat="50.0278853" lon="21.3730460">
<ele>215.571</ele>
<time>2026-05-21T10:56:35.387Z</time>
</trkpt>
<trkpt lat="50.0282445" lon="21.3734593">
<ele>215.185</ele>
<time>2026-05-21T10:56:38.411Z</time>
</trkpt>
<trkpt lat="50.0286085" lon="21.3738826">
<ele>213.714</ele>
<time>2026-05-21T10:56:41.491Z</time>
</trkpt>
<trkpt lat="50.0289515" lon="21.3742795">
<ele>211.531</ele>
<time>2026-05-21T10:56:44.568Z</time>
</trkpt>
<trkpt lat="50.0292492" lon="21.3746535">
<ele>209.364</ele>
<time>2026-05-21T10:56:47.585Z</time>
</trkpt>
<trkpt lat="50.0295144" lon="21.3750225">
<ele>207.716</ele>
<time>2026-05-21T10:56:50.657Z</time>
</trkpt>
<trkpt lat="50.0297593" lon="21.3753699">
<ele>206.462</ele>
<time>2026-05-21T10:56:53.661Z</time>
</trkpt>
<trkpt lat="50.0299860" lon="21.3757430">
<ele>205.303</ele>
<time>2026-05-21T10:56:56.460Z</time>
</trkpt>
<trkpt lat="50.0302419" lon="21.3761921">
<ele>204.206</ele>
<time>2026-05-21T10:56:59.387Z</time>
</trkpt>
<trkpt lat="50.0305257" lon="21.3767007">
<ele>203.373</ele>
<time>2026-05-21T10:57:02.394Z</time>
</trkpt>
<trkpt lat="50.0308281" lon="21.3772464">
<ele>202.949</ele>
<time>2026-05-21T10:57:05.463Z</time>
</trkpt>
<trkpt lat="50.0311187" lon="21.3778327">
<ele>202.952</ele>
<time>2026-05-21T10:57:08.592Z</time>
</trkpt>
<trkpt lat="50.0313923" lon="21.3784267">
<ele>203.344</ele>
<time>2026-05-21T10:57:11.801Z</time>
</trkpt>
<trkpt lat="50.0316123" lon="21.3789961">
<ele>204.173</ele>
<time>2026-05-21T10:57:14.812Z</time>
</trkpt>
<trkpt lat="50.0318011" lon="21.3795745">
<ele>205.386</ele>
<time>2026-05-21T10:57:17.765Z</time>
</trkpt>
<trkpt lat="50.0319752" lon="21.3801703">
<ele>206.717</ele>
<time>2026-05-21T10:57:20.947Z</time>
</trkpt>
<trkpt lat="50.0320979" lon="21.3807268">
<ele>207.863</ele>
<time>2026-05-21T10:57:24.144Z</time>
</trkpt>
<trkpt lat="50.0322035" lon="21.3812331">
<ele>208.766</ele>
<time>2026-05-21T10:57:27.222Z</time>
</trkpt>
<trkpt lat="50.0323175" lon="21.3817450">
<ele>209.529</ele>
<time>2026-05-21T10:57:30.900Z</time>
</trkpt>
<trkpt lat="50.0323674" lon="21.3821706">
<ele>210.243</ele>
<time>2026-05-21T10:57:35.968Z</time>
</trkpt>
<trkpt lat="50.0323979" lon="21.3824879">
<ele>210.914</ele>
<time>2026-05-21T10:57:44.478Z</time>
</trkpt>
<trkpt lat="50.0324060" lon="21.3826363">
<ele>211.467</ele>
<time>2026-05-21T10:57:48.237Z</time>
</trkpt>
<trkpt lat="50.0324204" lon="21.3827802">
<ele>211.794</ele>
<time>2026-05-21T10:57:51.824Z</time>
</trkpt>
<trkpt lat="50.0324268" lon="21.3829485">
<ele>211.910</ele>
<time>2026-05-21T10:57:55.530Z</time>
</trkpt>
<trkpt lat="50.0324438" lon="21.3831005">
<ele>211.941</ele>
<time>2026-05-21T10:57:58.978Z</time>
</trkpt>
<trkpt lat="50.0324551" lon="21.3832492">
<ele>212.032</ele>
<time>2026-05-21T10:58:03.299Z</time>
</trkpt>
<trkpt lat="50.0324627" lon="21.3833987">
<ele>212.244</ele>
<time>2026-05-21T10:58:07.563Z</time>
</trkpt>
<trkpt lat="50.0324788" lon="21.3835602">
<ele>212.595</ele>
<time>2026-05-21T10:58:11.831Z</time>
</trkpt>
<trkpt lat="50.0324806" lon="21.3837445">
<ele>213.179</ele>
<time>2026-05-21T10:58:15.441Z</time>
</trkpt>
<trkpt lat="50.0324524" lon="21.3839359">
<ele>214.078</ele>
<time>2026-05-21T10:58:18.129Z</time>
</trkpt>
<trkpt lat="50.0324213" lon="21.3841924">
<ele>215.102</ele>
<time>2026-05-21T10:58:21.136Z</time>
</trkpt>
<trkpt lat="50.0325008" lon="21.3844515">
<ele>215.898</ele>
<time>2026-05-21T10:58:23.782Z</time>
</trkpt>
<trkpt lat="50.0325879" lon="21.3848385">
<ele>216.409</ele>
<time>2026-05-21T10:58:26.682Z</time>
</trkpt>
<trkpt lat="50.0325992" lon="21.3853893">
<ele>217.165</ele>
<time>2026-05-21T10:58:29.766Z</time>
</trkpt>
<trkpt lat="50.0326469" lon="21.3860086">
<ele>218.568</ele>
<time>2026-05-21T10:58:32.844Z</time>
</trkpt>
<trkpt lat="50.0326915" lon="21.3866433">
<ele>220.395</ele>
<time>2026-05-21T10:58:35.954Z</time>
</trkpt>
<trkpt lat="50.0327392" lon="21.3872220">
<ele>222.104</ele>
<time>2026-05-21T10:58:38.899Z</time>
</trkpt>
<trkpt lat="50.0327870" lon="21.3877999">
<ele>223.301</ele>
<time>2026-05-21T10:58:41.859Z</time>
</trkpt>
<trkpt lat="50.0328474" lon="21.3883950">
<ele>224.003</ele>
<time>2026-05-21T10:58:44.838Z</time>
</trkpt>
<trkpt lat="50.0328841" lon="21.3890256">
<ele>224.454</ele>
<time>2026-05-21T10:58:47.901Z</time>
</trkpt>
<trkpt lat="50.0329343" lon="21.3896367">
<ele>224.430</ele>
<time>2026-05-21T10:58:50.835Z</time>
</trkpt>
<trkpt lat="50.0329723" lon="21.3902836">
<ele>223.724</ele>
<time>2026-05-21T10:58:53.850Z</time>
</trkpt>
<trkpt lat="50.0330149" lon="21.3909351">
<ele>222.756</ele>
<time>2026-05-21T10:58:56.811Z</time>
</trkpt>
<trkpt lat="50.0330518" lon="21.3915948">
<ele>222.001</ele>
<time>2026-05-21T10:58:59.759Z</time>
</trkpt>
<trkpt lat="50.0330921" lon="21.3922590">
<ele>221.589</ele>
<time>2026-05-21T10:59:02.715Z</time>
</trkpt>
<trkpt lat="50.0331282" lon="21.3929268">
<ele>221.465</ele>
<time>2026-05-21T10:59:05.693Z</time>
</trkpt>
<trkpt lat="50.0331682" lon="21.3935822">
<ele>221.490</ele>
<time>2026-05-21T10:59:08.641Z</time>
</trkpt>
<trkpt lat="50.0332030" lon="21.3942362">
<ele>221.596</ele>
<time>2026-05-21T10:59:11.584Z</time>
</trkpt>
<trkpt lat="50.0332435" lon="21.3949037">
<ele>221.732</ele>
<time>2026-05-21T10:59:14.590Z</time>
</trkpt>
<trkpt lat="50.0332784" lon="21.3955699">
<ele>221.958</ele>
<time>2026-05-21T10:59:17.673Z</time>
</trkpt>
<trkpt lat="50.0333096" lon="21.3961813">
<ele>222.457</ele>
<time>2026-05-21T10:59:20.660Z</time>
</trkpt>
<trkpt lat="50.0333463" lon="21.3967673">
<ele>223.104</ele>
<time>2026-05-21T10:59:23.553Z</time>
</trkpt>
<trkpt lat="50.0333836" lon="21.3974019">
<ele>223.660</ele>
<time>2026-05-21T10:59:26.541Z</time>
</trkpt>
<trkpt lat="50.0334293" lon="21.3980818">
<ele>224.251</ele>
<time>2026-05-21T10:59:29.639Z</time>
</trkpt>
<trkpt lat="50.0334721" lon="21.3987421">
<ele>225.033</ele>
<time>2026-05-21T10:59:32.665Z</time>
</trkpt>
<trkpt lat="50.0335074" lon="21.3993933">
<ele>225.861</ele>
<time>2026-05-21T10:59:35.665Z</time>
</trkpt>
<trkpt lat="50.0335490" lon="21.4000527">
<ele>226.551</ele>
<time>2026-05-21T10:59:38.698Z</time>
</trkpt>
<trkpt lat="50.0335899" lon="21.4007100">
<ele>227.198</ele>
<time>2026-05-21T10:59:41.685Z</time>
</trkpt>
<trkpt lat="50.0336320" lon="21.4013826">
<ele>227.891</ele>
<time>2026-05-21T10:59:44.663Z</time>
</trkpt>
<trkpt lat="50.0336875" lon="21.4020731">
<ele>228.449</ele>
<time>2026-05-21T10:59:47.667Z</time>
</trkpt>
<trkpt lat="50.0337352" lon="21.4027598">
<ele>228.632</ele>
<time>2026-05-21T10:59:50.681Z</time>
</trkpt>
<trkpt lat="50.0337707" lon="21.4034178">
<ele>228.479</ele>
<time>2026-05-21T10:59:53.650Z</time>
</trkpt>
<trkpt lat="50.0337970" lon="21.4040620">
<ele>228.192</ele>
<time>2026-05-21T10:59:56.669Z</time>
</trkpt>
<trkpt lat="50.0338310" lon="21.4046675">
<ele>227.883</ele>
<time>2026-05-21T10:59:59.635Z</time>
</trkpt>
<trkpt lat="50.0338843" lon="21.4052578">
<ele>227.541</ele>
<time>2026-05-21T11:00:02.599Z</time>
</trkpt>
<trkpt lat="50.0339203" lon="21.4056583">
<ele>227.152</ele>
<time>2026-05-21T11:00:04.603Z</time>
</trkpt>
<trkpt lat="50.0339717" lon="21.4060537">
<ele>226.772</ele>
<time>2026-05-21T11:00:06.590Z</time>
</trkpt>
<trkpt lat="50.0340295" lon="21.4064554">
<ele>226.570</ele>
<time>2026-05-21T11:00:08.578Z</time>
</trkpt>
<trkpt lat="50.0341003" lon="21.4068668">
<ele>226.619</ele>
<time>2026-05-21T11:00:10.521Z</time>
</trkpt>
<trkpt lat="50.0342461" lon="21.4075165">
<ele>226.784</ele>
<time>2026-05-21T11:00:13.516Z</time>
</trkpt>
<trkpt lat="50.0344187" lon="21.4081827">
<ele>226.967</ele>
<time>2026-05-21T11:00:16.519Z</time>
</trkpt>
<trkpt lat="50.0346188" lon="21.4088323">
<ele>227.148</ele>
<time>2026-05-21T11:00:19.528Z</time>
</trkpt>
<trkpt lat="50.0348395" lon="21.4094690">
<ele>227.244</ele>
<time>2026-05-21T11:00:22.580Z</time>
</trkpt>
<trkpt lat="50.0350613" lon="21.4100917">
<ele>227.086</ele>
<time>2026-05-21T11:00:25.558Z</time>
</trkpt>
<trkpt lat="50.0352922" lon="21.4107190">
<ele>226.666</ele>
<time>2026-05-21T11:00:28.521Z</time>
</trkpt>
<trkpt lat="50.0355178" lon="21.4113488">
<ele>226.234</ele>
<time>2026-05-21T11:00:31.447Z</time>
</trkpt>
<trkpt lat="50.0357446" lon="21.4119864">
<ele>225.896</ele>
<time>2026-05-21T11:00:34.426Z</time>
</trkpt>
<trkpt lat="50.0359541" lon="21.4126132">
<ele>225.361</ele>
<time>2026-05-21T11:00:37.364Z</time>
</trkpt>
<trkpt lat="50.0361645" lon="21.4132275">
<ele>224.436</ele>
<time>2026-05-21T11:00:40.279Z</time>
</trkpt>
<trkpt lat="50.0363856" lon="21.4138428">
<ele>223.339</ele>
<time>2026-05-21T11:00:43.191Z</time>
</trkpt>
<trkpt lat="50.0366140" lon="21.4144895">
<ele>222.253</ele>
<time>2026-05-21T11:00:46.166Z</time>
</trkpt>
<trkpt lat="50.0368511" lon="21.4151566">
<ele>221.144</ele>
<time>2026-05-21T11:00:49.238Z</time>
</trkpt>
<trkpt lat="50.0370744" lon="21.4157866">
<ele>220.161</ele>
<time>2026-05-21T11:00:52.242Z</time>
</trkpt>
<trkpt lat="50.0372928" lon="21.4163983">
<ele>219.560</ele>
<time>2026-05-21T11:00:55.262Z</time>
</trkpt>
<trkpt lat="50.0375134" lon="21.4170312">
<ele>219.514</ele>
<time>2026-05-21T11:00:58.347Z</time>
</trkpt>
<trkpt lat="50.0377443" lon="21.4176910">
<ele>219.945</ele>
<time>2026-05-21T11:01:01.505Z</time>
</trkpt>
<trkpt lat="50.0379785" lon="21.4183452">
<ele>220.441</ele>
<time>2026-05-21T11:01:04.715Z</time>
</trkpt>
<trkpt lat="50.0381938" lon="21.4189485">
<ele>220.587</ele>
<time>2026-05-21T11:01:07.778Z</time>
</trkpt>
<trkpt lat="50.0384073" lon="21.4195459">
<ele>220.153</ele>
<time>2026-05-21T11:01:10.759Z</time>
</trkpt>
<trkpt lat="50.0386379" lon="21.4201617">
<ele>219.173</ele>
<time>2026-05-21T11:01:13.703Z</time>
</trkpt>
<trkpt lat="50.0388806" lon="21.4208119">
<ele>218.022</ele>
<time>2026-05-21T11:01:16.670Z</time>
</trkpt>
<trkpt lat="50.0391199" lon="21.4214851">
<ele>217.075</ele>
<time>2026-05-21T11:01:19.674Z</time>
</trkpt>
<trkpt lat="50.0393472" lon="21.4221405">
<ele>216.426</ele>
<time>2026-05-21T11:01:22.655Z</time>
</trkpt>
<trkpt lat="50.0395664" lon="21.4227701">
<ele>215.957</ele>
<time>2026-05-21T11:01:25.621Z</time>
</trkpt>
<trkpt lat="50.0397824" lon="21.4233821">
<ele>215.600</ele>
<time>2026-05-21T11:01:28.613Z</time>
</trkpt>
<trkpt lat="50.0399907" lon="21.4239833">
<ele>215.400</ele>
<time>2026-05-21T11:01:31.623Z</time>
</trkpt>
<trkpt lat="50.0402031" lon="21.4245773">
<ele>215.350</ele>
<time>2026-05-21T11:01:34.658Z</time>
</trkpt>
<trkpt lat="50.0404067" lon="21.4251707">
<ele>215.468</ele>
<time>2026-05-21T11:01:37.647Z</time>
</trkpt>
<trkpt lat="50.0406170" lon="21.4257674">
<ele>215.867</ele>
<time>2026-05-21T11:01:40.617Z</time>
</trkpt>
<trkpt lat="50.0408252" lon="21.4263713">
<ele>216.608</ele>
<time>2026-05-21T11:01:43.546Z</time>
</trkpt>
<trkpt lat="50.0410440" lon="21.4269920">
<ele>217.557</ele>
<time>2026-05-21T11:01:46.511Z</time>
</trkpt>
<trkpt lat="50.0412758" lon="21.4276213">
<ele>218.530</ele>
<time>2026-05-21T11:01:49.486Z</time>
</trkpt>
<trkpt lat="50.0415019" lon="21.4282560">
<ele>219.412</ele>
<time>2026-05-21T11:01:52.452Z</time>
</trkpt>
<trkpt lat="50.0416932" lon="21.4288910">
<ele>220.261</ele>
<time>2026-05-21T11:01:55.401Z</time>
</trkpt>
<trkpt lat="50.0419123" lon="21.4294722">
<ele>221.159</ele>
<time>2026-05-21T11:01:58.387Z</time>
</trkpt>
<trkpt lat="50.0420932" lon="21.4300311">
<ele>222.238</ele>
<time>2026-05-21T11:02:01.347Z</time>
</trkpt>
<trkpt lat="50.0422445" lon="21.4305569">
<ele>223.436</ele>
<time>2026-05-21T11:02:04.283Z</time>
</trkpt>
<trkpt lat="50.0423921" lon="21.4310375">
<ele>224.313</ele>
<time>2026-05-21T11:02:07.212Z</time>
</trkpt>
<trkpt lat="50.0424964" lon="21.4313303">
<ele>224.444</ele>
<time>2026-05-21T11:02:09.315Z</time>
</trkpt>
<trkpt lat="50.0426353" lon="21.4316882">
<ele>223.965</ele>
<time>2026-05-21T11:02:12.482Z</time>
</trkpt>
<trkpt lat="50.0426774" lon="21.4318256">
<ele>223.249</ele>
<time>2026-05-21T11:02:14.718Z</time>
</trkpt>
<trkpt lat="50.0427071" lon="21.4319778">
<ele>222.598</ele>
<time>2026-05-21T11:02:17.523Z</time>
</trkpt>
<trkpt lat="50.0427298" lon="21.4321412">
<ele>222.347</ele>
<time>2026-05-21T11:02:21.081Z</time>
</trkpt>
<trkpt lat="50.0427487" lon="21.4323698">
<ele>222.750</ele>
<time>2026-05-21T11:02:24.885Z</time>
</trkpt>
<trkpt lat="50.0428978" lon="21.4325352">
<ele>223.512</ele>
<time>2026-05-21T11:02:28.147Z</time>
</trkpt>
<trkpt lat="50.0430616" lon="21.4328787">
<ele>224.192</ele>
<time>2026-05-21T11:02:31.515Z</time>
</trkpt>
<trkpt lat="50.0432541" lon="21.4333969">
<ele>224.737</ele>
<time>2026-05-21T11:02:34.809Z</time>
</trkpt>
<trkpt lat="50.0435008" lon="21.4340128">
<ele>225.292</ele>
<time>2026-05-21T11:02:38.038Z</time>
</trkpt>
<trkpt lat="50.0437612" lon="21.4346257">
<ele>225.808</ele>
<time>2026-05-21T11:02:41.080Z</time>
</trkpt>
<trkpt lat="50.0440374" lon="21.4352278">
<ele>226.061</ele>
<time>2026-05-21T11:02:44.116Z</time>
</trkpt>
<trkpt lat="50.0443216" lon="21.4358273">
<ele>225.799</ele>
<time>2026-05-21T11:02:47.165Z</time>
</trkpt>
<trkpt lat="50.0446196" lon="21.4364149">
<ele>225.006</ele>
<time>2026-05-21T11:02:50.223Z</time>
</trkpt>
<trkpt lat="50.0449191" lon="21.4369853">
<ele>223.931</ele>
<time>2026-05-21T11:02:53.244Z</time>
</trkpt>
<trkpt lat="50.0452073" lon="21.4375459">
<ele>222.901</ele>
<time>2026-05-21T11:02:56.206Z</time>
</trkpt>
<trkpt lat="50.0455029" lon="21.4380995">
<ele>222.152</ele>
<time>2026-05-21T11:02:59.187Z</time>
</trkpt>
<trkpt lat="50.0457905" lon="21.4386567">
<ele>221.736</ele>
<time>2026-05-21T11:03:02.149Z</time>
</trkpt>
<trkpt lat="50.0460717" lon="21.4392178">
<ele>221.433</ele>
<time>2026-05-21T11:03:05.099Z</time>
</trkpt>
<trkpt lat="50.0463602" lon="21.4397699">
<ele>221.018</ele>
<time>2026-05-21T11:03:08.063Z</time>
</trkpt>
<trkpt lat="50.0466542" lon="21.4403113">
<ele>220.555</ele>
<time>2026-05-21T11:03:11.036Z</time>
</trkpt>
<trkpt lat="50.0469392" lon="21.4408696">
<ele>220.150</ele>
<time>2026-05-21T11:03:14.015Z</time>
</trkpt>
<trkpt lat="50.0472435" lon="21.4414322">
<ele>219.789</ele>
<time>2026-05-21T11:03:17.046Z</time>
</trkpt>
<trkpt lat="50.0475404" lon="21.4420086">
<ele>219.393</ele>
<time>2026-05-21T11:03:20.072Z</time>
</trkpt>
<trkpt lat="50.0478287" lon="21.4425712">
<ele>218.929</ele>
<time>2026-05-21T11:03:23.038Z</time>
</trkpt>
<trkpt lat="50.0481193" lon="21.4431285">
<ele>218.540</ele>
<time>2026-05-21T11:03:26.005Z</time>
</trkpt>
<trkpt lat="50.0484122" lon="21.4436985">
<ele>218.326</ele>
<time>2026-05-21T11:03:28.975Z</time>
</trkpt>
<trkpt lat="50.0487220" lon="21.4442827">
<ele>218.193</ele>
<time>2026-05-21T11:03:31.960Z</time>
</trkpt>
<trkpt lat="50.0490370" lon="21.4448786">
<ele>218.107</ele>
<time>2026-05-21T11:03:34.920Z</time>
</trkpt>
<trkpt lat="50.0493472" lon="21.4454755">
<ele>218.165</ele>
<time>2026-05-21T11:03:37.890Z</time>
</trkpt>
<trkpt lat="50.0496381" lon="21.4460482">
<ele>218.399</ele>
<time>2026-05-21T11:03:40.822Z</time>
</trkpt>
<trkpt lat="50.0499258" lon="21.4466033">
<ele>218.612</ele>
<time>2026-05-21T11:03:43.773Z</time>
</trkpt>
<trkpt lat="50.0502128" lon="21.4471604">
<ele>218.625</ele>
<time>2026-05-21T11:03:46.727Z</time>
</trkpt>
<trkpt lat="50.0505164" lon="21.4477310">
<ele>218.283</ele>
<time>2026-05-21T11:03:49.751Z</time>
</trkpt>
<trkpt lat="50.0508257" lon="21.4482797">
<ele>217.560</ele>
<time>2026-05-21T11:03:52.786Z</time>
</trkpt>
<trkpt lat="50.0511296" lon="21.4487755">
<ele>216.777</ele>
<time>2026-05-21T11:03:55.767Z</time>
</trkpt>
<trkpt lat="50.0514432" lon="21.4492509">
<ele>216.095</ele>
<time>2026-05-21T11:03:58.819Z</time>
</trkpt>
<trkpt lat="50.0517668" lon="21.4497058">
<ele>215.374</ele>
<time>2026-05-21T11:04:01.886Z</time>
</trkpt>
<trkpt lat="50.0520887" lon="21.4501385">
<ele>214.666</ele>
<time>2026-05-21T11:04:04.887Z</time>
</trkpt>
<trkpt lat="50.0524267" lon="21.4505780">
<ele>214.046</ele>
<time>2026-05-21T11:04:07.945Z</time>
</trkpt>
<trkpt lat="50.0527738" lon="21.4510228">
<ele>213.505</ele>
<time>2026-05-21T11:04:11.004Z</time>
</trkpt>
<trkpt lat="50.0531092" lon="21.4514527">
<ele>213.029</ele>
<time>2026-05-21T11:04:13.973Z</time>
</trkpt>
<trkpt lat="50.0533336" lon="21.4517334">
<ele>212.547</ele>
<time>2026-05-21T11:04:15.997Z</time>
</trkpt>
<trkpt lat="50.0536483" lon="21.4521363">
<ele>212.042</ele>
<time>2026-05-21T11:04:19.000Z</time>
</trkpt>
<trkpt lat="50.0539324" lon="21.4525060">
<ele>211.531</ele>
<time>2026-05-21T11:04:21.974Z</time>
</trkpt>
<trkpt lat="50.0542089" lon="21.4528381">
<ele>210.919</ele>
<time>2026-05-21T11:04:24.981Z</time>
</trkpt>
<trkpt lat="50.0544880" lon="21.4531658">
<ele>210.114</ele>
<time>2026-05-21T11:04:28.032Z</time>
</trkpt>
<trkpt lat="50.0547647" lon="21.4535048">
<ele>209.266</ele>
<time>2026-05-21T11:04:31.575Z</time>
</trkpt>
<trkpt lat="50.0548750" lon="21.4536474">
<ele>208.644</ele>
<time>2026-05-21T11:04:33.567Z</time>
</trkpt>
<trkpt lat="50.0550364" lon="21.4536667">
<ele>208.326</ele>
<time>2026-05-21T11:04:36.581Z</time>
</trkpt>
<trkpt lat="50.0552408" lon="21.4536163">
<ele>208.107</ele>
<time>2026-05-21T11:04:39.992Z</time>
</trkpt>
<trkpt lat="50.0554057" lon="21.4536263">
<ele>207.821</ele>
<time>2026-05-21T11:04:42.810Z</time>
</trkpt>
<trkpt lat="50.0555281" lon="21.4537421">
<ele>207.523</ele>
<time>2026-05-21T11:04:45.541Z</time>
</trkpt>
<trkpt lat="50.0556427" lon="21.4539413">
<ele>207.328</ele>
<time>2026-05-21T11:04:48.799Z</time>
</trkpt>
<trkpt lat="50.0557707" lon="21.4540907">
<ele>207.215</ele>
<time>2026-05-21T11:04:51.850Z</time>
</trkpt>
<trkpt lat="50.0558975" lon="21.4541153">
<ele>207.280</ele>
<time>2026-05-21T11:04:54.565Z</time>
</trkpt>
<trkpt lat="50.0560257" lon="21.4540462">
<ele>207.642</ele>
<time>2026-05-21T11:04:58.011Z</time>
</trkpt>
<trkpt lat="50.0561188" lon="21.4539678">
<ele>208.128</ele>
<time>2026-05-21T11:05:01.488Z</time>
</trkpt>
<trkpt lat="50.0561883" lon="21.4538605">
<ele>208.400</ele>
<time>2026-05-21T11:05:06.268Z</time>
</trkpt>
<trkpt lat="50.0561560" lon="21.4537186">
<ele>208.389</ele>
<time>2026-05-21T11:05:10.908Z</time>
</trkpt>
<trkpt lat="50.0560814" lon="21.4536285">
<ele>208.267</ele>
<time>2026-05-21T11:05:14.554Z</time>
</trkpt>
<trkpt lat="50.0560208" lon="21.4535077">
<ele>208.203</ele>
<time>2026-05-21T11:05:17.724Z</time>
</trkpt>
<trkpt lat="50.0559425" lon="21.4534049">
<ele>208.218</ele>
<time>2026-05-21T11:05:20.910Z</time>
</trkpt>
<trkpt lat="50.0558541" lon="21.4533424">
<ele>208.198</ele>
<time>2026-05-21T11:05:24.067Z</time>
</trkpt>
<trkpt lat="50.0557667" lon="21.4533052">
<ele>208.015</ele>
<time>2026-05-21T11:05:27.296Z</time>
</trkpt>
<trkpt lat="50.0556742" lon="21.4532959">
<ele>207.725</ele>
<time>2026-05-21T11:05:31.330Z</time>
</trkpt>
<trkpt lat="50.0555766" lon="21.4533432">
<ele>207.525</ele>
<time>2026-05-21T11:05:36.973Z</time>
</trkpt>
<trkpt lat="50.0554702" lon="21.4533322">
<ele>207.557</ele>
<time>2026-05-21T11:05:43.865Z</time>
</trkpt>
<trkpt lat="50.0553955" lon="21.4532357">
<ele>207.809</ele>
<time>2026-05-21T11:05:50.945Z</time>
</trkpt>
<trkpt lat="50.0553955" lon="21.4532357">
<ele>208.111</ele>
<time>2026-05-21T11:06:02.944Z</time>
</trkpt>
<trkpt lat="50.0553955" lon="21.4532357">
<ele>208.239</ele>
<time>2026-05-21T11:06:23.157Z</time>
</trkpt>
<trkpt lat="50.0554781" lon="21.4533248">
<ele>208.139</ele>
<time>2026-05-21T11:07:55.465Z</time>
</trkpt>
<trkpt lat="50.0555629" lon="21.4533796">
<ele>208.017</ele>
<time>2026-05-21T11:08:05.632Z</time>
</trkpt>
<trkpt lat="50.0556195" lon="21.4534926">
<ele>208.046</ele>
<time>2026-05-21T11:08:12.926Z</time>
</trkpt>
<trkpt lat="50.0556195" lon="21.4534926">
<ele>208.131</ele>
<time>2026-05-21T11:08:18.926Z</time>
</trkpt>
<trkpt lat="50.0556195" lon="21.4534926">
<ele>208.121</ele>
<time>2026-05-21T11:08:19.026Z</time>
</trkpt>
<trkpt lat="50.0556671" lon="21.4536161">
<ele>207.923</ele>
<time>2026-05-21T11:08:48.926Z</time>
</trkpt>
<trkpt lat="50.0556671" lon="21.4536161">
<ele>207.876</ele>
<time>2026-05-21T11:09:09.926Z</time>
</trkpt>
<trkpt lat="50.0556671" lon="21.4536161">
<ele>207.836</ele>
<time>2026-05-21T11:09:11.260Z</time>
</trkpt>
<trkpt lat="50.0556906" lon="21.4534706">
<ele>207.681</ele>
<time>2026-05-21T11:09:40.782Z</time>
</trkpt>
<trkpt lat="50.0557365" lon="21.4533374">
<ele>207.662</ele>
<time>2026-05-21T11:09:54.924Z</time>
</trkpt>
<trkpt lat="50.0557365" lon="21.4533374">
<ele>207.722</ele>
<time>2026-05-21T11:10:09.924Z</time>
</trkpt>
<trkpt lat="50.0557365" lon="21.4533374">
<ele>207.752</ele>
<time>2026-05-21T11:10:10.024Z</time>
</trkpt>
<trkpt lat="50.0558745" lon="21.4532874">
<ele>207.657</ele>
<time>2026-05-21T11:10:22.924Z</time>
</trkpt>
<trkpt lat="50.0558745" lon="21.4532874">
<ele>207.513</ele>
<time>2026-05-21T11:10:25.924Z</time>
</trkpt>
<trkpt lat="50.0558745" lon="21.4532874">
<ele>207.403</ele>
<time>2026-05-21T11:11:15.845Z</time>
</trkpt>
<trkpt lat="50.0560330" lon="21.4534591">
<ele>207.335</ele>
<time>2026-05-21T11:11:47.923Z</time>
</trkpt>
<trkpt lat="50.0560330" lon="21.4534591">
<ele>207.307</ele>
<time>2026-05-21T11:11:52.923Z</time>
</trkpt>
<trkpt lat="50.0560330" lon="21.4534591">
<ele>207.270</ele>
<time>2026-05-21T11:13:22.793Z</time>
</trkpt>
<trkpt lat="50.0560330" lon="21.4534591">
<ele>207.105</ele>
<time>2026-05-21T11:14:08.921Z</time>
</trkpt>
<trkpt lat="50.0560330" lon="21.4534591">
<ele>207.045</ele>
<time>2026-05-21T11:14:09.021Z</time>
</trkpt>
<trkpt lat="50.0560579" lon="21.4533025">
<ele>206.994</ele>
<time>2026-05-21T11:14:09.921Z</time>
</trkpt>
<trkpt lat="50.0560579" lon="21.4533025">
<ele>206.944</ele>
<time>2026-05-21T11:14:10.921Z</time>
</trkpt>
<trkpt lat="50.0560579" lon="21.4533025">
<ele>206.884</ele>
<time>2026-05-21T11:14:12.034Z</time>
</trkpt>
<trkpt lat="50.0560579" lon="21.4533025">
<ele>206.738</ele>
<time>2026-05-21T11:14:29.921Z</time>
</trkpt>
<trkpt lat="50.0560579" lon="21.4533025">
<ele>206.682</ele>
<time>2026-05-21T11:14:30.021Z</time>
</trkpt>
<trkpt lat="50.0560579" lon="21.4533025">
<ele>206.544</ele>
<time>2026-05-21T11:14:51.922Z</time>
</trkpt>
<trkpt lat="50.0560579" lon="21.4533025">
<ele>206.484</ele>
<time>2026-05-21T11:14:52.022Z</time>
</trkpt>
<trkpt lat="50.0559511" lon="21.4533322">
<ele>206.427</ele>
<time>2026-05-21T11:15:10.922Z</time>
</trkpt>
<trkpt lat="50.0559511" lon="21.4533322">
<ele>206.375</ele>
<time>2026-05-21T11:15:16.922Z</time>
</trkpt>
<trkpt lat="50.0559511" lon="21.4533322">
<ele>206.317</ele>
<time>2026-05-21T11:16:06.127Z</time>
</trkpt>
<trkpt lat="50.0558459" lon="21.4533719">
<ele>206.172</ele>
<time>2026-05-21T11:16:44.025Z</time>
</trkpt>
<trkpt lat="50.0557720" lon="21.4534779">
<ele>206.268</ele>
<time>2026-05-21T11:16:58.921Z</time>
</trkpt>
<trkpt lat="50.0557720" lon="21.4534779">
<ele>206.612</ele>
<time>2026-05-21T11:17:19.921Z</time>
</trkpt>
<trkpt lat="50.0557720" lon="21.4534779">
<ele>206.875</ele>
<time>2026-05-21T11:17:20.021Z</time>
</trkpt>
<trkpt lat="50.0557065" lon="21.4536029">
<ele>206.785</ele>
<time>2026-05-21T11:17:40.921Z</time>
</trkpt>
<trkpt lat="50.0557065" lon="21.4536029">
<ele>206.565</ele>
<time>2026-05-21T11:17:43.921Z</time>
</trkpt>
<trkpt lat="50.0557065" lon="21.4536029">
<ele>206.469</ele>
<time>2026-05-21T12:01:40.937Z</time>
</trkpt>
<trkpt lat="50.0557065" lon="21.4536029">
<ele>206.453</ele>
<time>2026-05-21T12:02:15.936Z</time>
</trkpt>
<trkpt lat="50.0557065" lon="21.4536029">
<ele>206.398</ele>
<time>2026-05-21T12:02:16.036Z</time>
</trkpt>
<trkpt lat="50.0557065" lon="21.4536029">
<ele>206.398</ele>
<time>2026-05-21T12:02:16.036Z</time>
</trkpt>
<trkpt lat="50.0559524" lon="21.4535685">
<ele>207.339</ele>
<time>2026-05-21T12:03:56.965Z</time>
</trkpt>
<trkpt lat="50.0559524" lon="21.4535685">
<ele>207.339</ele>
<time>2026-05-21T12:03:56.965Z</time>
</trkpt>
<trkpt lat="50.0556915" lon="21.4534750">
<ele>207.505</ele>
<time>2026-05-21T12:04:16.253Z</time>
</trkpt>
<trkpt lat="50.0556746" lon="21.4533298">
<ele>207.410</ele>
<time>2026-05-21T12:04:21.820Z</time>
</trkpt>
<trkpt lat="50.0556064" lon="21.4532330">
<ele>207.436</ele>
<time>2026-05-21T12:04:27.267Z</time>
</trkpt>
<trkpt lat="50.0555154" lon="21.4532211">
<ele>207.609</ele>
<time>2026-05-21T12:04:32.878Z</time>
</trkpt>
<trkpt lat="50.0554184" lon="21.4532189">
<ele>207.823</ele>
<time>2026-05-21T12:04:38.936Z</time>
</trkpt>
<trkpt lat="50.0554184" lon="21.4532189">
<ele>207.951</ele>
<time>2026-05-21T12:04:44.936Z</time>
</trkpt>
<trkpt lat="50.0554184" lon="21.4532189">
<ele>207.951</ele>
<time>2026-05-21T12:07:01.158Z</time>
</trkpt>
<trkpt lat="50.0555465" lon="21.4533993">
<ele>207.853</ele>
<time>2026-05-21T12:07:22.395Z</time>
</trkpt>
<trkpt lat="50.0555612" lon="21.4535482">
<ele>207.804</ele>
<time>2026-05-21T12:07:27.327Z</time>
</trkpt>
<trkpt lat="50.0555975" lon="21.4536763">
<ele>207.894</ele>
<time>2026-05-21T12:07:31.888Z</time>
</trkpt>
<trkpt lat="50.0555975" lon="21.4536763">
<ele>208.025</ele>
<time>2026-05-21T12:07:43.887Z</time>
</trkpt>
<trkpt lat="50.0555975" lon="21.4536763">
<ele>208.052</ele>
<time>2026-05-21T12:11:11.079Z</time>
</trkpt>
<trkpt lat="50.0557061" lon="21.4537330">
<ele>207.957</ele>
<time>2026-05-21T12:12:19.278Z</time>
</trkpt>
<trkpt lat="50.0557768" lon="21.4538342">
<ele>207.840</ele>
<time>2026-05-21T12:12:31.884Z</time>
</trkpt>
<trkpt lat="50.0557768" lon="21.4538342">
<ele>207.779</ele>
<time>2026-05-21T12:12:44.884Z</time>
</trkpt>
<trkpt lat="50.0557768" lon="21.4538342">
<ele>207.742</ele>
<time>2026-05-21T12:14:15.821Z</time>
</trkpt>
<trkpt lat="50.0562405" lon="21.4539202">
<ele>207.592</ele>
<time>2026-05-21T12:18:07.505Z</time>
</trkpt>
<trkpt lat="50.0562107" lon="21.4537828">
<ele>207.579</ele>
<time>2026-05-21T12:18:53.681Z</time>
</trkpt>
<trkpt lat="50.0561004" lon="21.4538366">
<ele>207.666</ele>
<time>2026-05-21T12:19:51.044Z</time>
</trkpt>
<trkpt lat="50.0560142" lon="21.4539334">
<ele>207.650</ele>
<time>2026-05-21T12:20:43.728Z</time>
</trkpt>
<trkpt lat="50.0560232" lon="21.4541075">
<ele>207.387</ele>
<time>2026-05-21T12:21:39.353Z</time>
</trkpt>
<trkpt lat="50.0560608" lon="21.4542802">
<ele>207.150</ele>
<time>2026-05-21T12:22:37.430Z</time>
</trkpt>
<trkpt lat="50.0560583" lon="21.4544480">
<ele>207.334</ele>
<time>2026-05-21T12:23:30.872Z</time>
</trkpt>
<trkpt lat="50.0560450" lon="21.4546015">
<ele>207.969</ele>
<time>2026-05-21T12:24:20.212Z</time>
</trkpt>
<trkpt lat="50.0561093" lon="21.4547228">
<ele>208.701</ele>
<time>2026-05-21T12:25:10.266Z</time>
</trkpt>
<trkpt lat="50.0561543" lon="21.4548683">
<ele>209.104</ele>
<time>2026-05-21T12:26:01.702Z</time>
</trkpt>
<trkpt lat="50.0562096" lon="21.4549992">
<ele>209.025</ele>
<time>2026-05-21T12:26:51.577Z</time>
</trkpt>
<trkpt lat="50.0562991" lon="21.4550384">
<ele>208.671</ele>
<time>2026-05-21T12:27:37.665Z</time>
</trkpt>
<trkpt lat="50.0563793" lon="21.4549168">
<ele>208.362</ele>
<time>2026-05-21T12:28:33.156Z</time>
</trkpt>
<trkpt lat="50.0564518" lon="21.4547800">
<ele>208.222</ele>
<time>2026-05-21T12:29:29.673Z</time>
</trkpt>
<trkpt lat="50.0564452" lon="21.4546244">
<ele>208.185</ele>
<time>2026-05-21T12:30:12.143Z</time>
</trkpt>
<trkpt lat="50.0564103" lon="21.4544444">
<ele>208.188</ele>
<time>2026-05-21T12:30:30.251Z</time>
</trkpt>
<trkpt lat="50.0564008" lon="21.4542981">
<ele>208.206</ele>
<time>2026-05-21T12:30:44.716Z</time>
</trkpt>
<trkpt lat="50.0564566" lon="21.4541773">
<ele>208.230</ele>
<time>2026-05-21T12:31:00.731Z</time>
</trkpt>
<trkpt lat="50.0565734" lon="21.4541809">
<ele>208.255</ele>
<time>2026-05-21T12:31:17.288Z</time>
</trkpt>
<trkpt lat="50.0566876" lon="21.4541956">
<ele>208.278</ele>
<time>2026-05-21T12:31:30.891Z</time>
</trkpt>
<trkpt lat="50.0566876" lon="21.4541956">
<ele>208.273</ele>
<time>2026-05-21T12:31:35.891Z</time>
</trkpt>
<trkpt lat="50.0566876" lon="21.4541956">
<ele>208.209</ele>
<time>2026-05-21T12:31:38.004Z</time>
</trkpt>
<trkpt lat="50.0568126" lon="21.4544782">
<ele>208.113</ele>
<time>2026-05-21T12:31:44.938Z</time>
</trkpt>
<trkpt lat="50.0568258" lon="21.4546896">
<ele>208.018</ele>
<time>2026-05-21T12:31:47.039Z</time>
</trkpt>
<trkpt lat="50.0568208" lon="21.4549026">
<ele>207.896</ele>
<time>2026-05-21T12:31:49.112Z</time>
</trkpt>
<trkpt lat="50.0567918" lon="21.4551965">
<ele>207.742</ele>
<time>2026-05-21T12:31:52.054Z</time>
</trkpt>
<trkpt lat="50.0567295" lon="21.4554789">
<ele>207.551</ele>
<time>2026-05-21T12:31:55.064Z</time>
</trkpt>
<trkpt lat="50.0566431" lon="21.4557339">
<ele>207.319</ele>
<time>2026-05-21T12:31:58.412Z</time>
</trkpt>
<trkpt lat="50.0565723" lon="21.4558793">
<ele>207.132</ele>
<time>2026-05-21T12:32:01.072Z</time>
</trkpt>
<trkpt lat="50.0564854" lon="21.4560184">
<ele>207.101</ele>
<time>2026-05-21T12:32:03.908Z</time>
</trkpt>
<trkpt lat="50.0563533" lon="21.4561246">
<ele>207.284</ele>
<time>2026-05-21T12:32:07.156Z</time>
</trkpt>
<trkpt lat="50.0562683" lon="21.4562853">
<ele>207.659</ele>
<time>2026-05-21T12:32:09.964Z</time>
</trkpt>
<trkpt lat="50.0563310" lon="21.4565343">
<ele>208.076</ele>
<time>2026-05-21T12:32:13.157Z</time>
</trkpt>
<trkpt lat="50.0564868" lon="21.4566933">
<ele>208.389</ele>
<time>2026-05-21T12:32:15.891Z</time>
</trkpt>
<trkpt lat="50.0566084" lon="21.4570520">
<ele>208.571</ele>
<time>2026-05-21T12:32:18.759Z</time>
</trkpt>
<trkpt lat="50.0567745" lon="21.4575515">
<ele>208.699</ele>
<time>2026-05-21T12:32:21.883Z</time>
</trkpt>
<trkpt lat="50.0569023" lon="21.4579204">
<ele>208.929</ele>
<time>2026-05-21T12:32:23.834Z</time>
</trkpt>
<trkpt lat="50.0570933" lon="21.4585368">
<ele>209.295</ele>
<time>2026-05-21T12:32:26.925Z</time>
</trkpt>
<trkpt lat="50.0571996" lon="21.4589543">
<ele>209.602</ele>
<time>2026-05-21T12:32:28.932Z</time>
</trkpt>
<trkpt lat="50.0572970" lon="21.4593793">
<ele>209.710</ele>
<time>2026-05-21T12:32:30.966Z</time>
</trkpt>
<trkpt lat="50.0574098" lon="21.4600134">
<ele>209.690</ele>
<time>2026-05-21T12:32:33.963Z</time>
</trkpt>
<trkpt lat="50.0574595" lon="21.4604345">
<ele>209.668</ele>
<time>2026-05-21T12:32:35.954Z</time>
</trkpt>
<trkpt lat="50.0575198" lon="21.4610643">
<ele>209.707</ele>
<time>2026-05-21T12:32:38.932Z</time>
</trkpt>
<trkpt lat="50.0575842" lon="21.4616988">
<ele>209.907</ele>
<time>2026-05-21T12:32:42.065Z</time>
</trkpt>
<trkpt lat="50.0576403" lon="21.4622673">
<ele>210.286</ele>
<time>2026-05-21T12:32:45.065Z</time>
</trkpt>
<trkpt lat="50.0576966" lon="21.4628207">
<ele>210.661</ele>
<time>2026-05-21T12:32:48.015Z</time>
</trkpt>
<trkpt lat="50.0577593" lon="21.4634000">
<ele>210.920</ele>
<time>2026-05-21T12:32:51.062Z</time>
</trkpt>
<trkpt lat="50.0578195" lon="21.4639835">
<ele>211.321</ele>
<time>2026-05-21T12:32:54.100Z</time>
</trkpt>
<trkpt lat="50.0578778" lon="21.4645754">
<ele>212.008</ele>
<time>2026-05-21T12:32:57.191Z</time>
</trkpt>
<trkpt lat="50.0579352" lon="21.4651576">
<ele>212.642</ele>
<time>2026-05-21T12:33:00.301Z</time>
</trkpt>
<trkpt lat="50.0579982" lon="21.4657196">
<ele>212.817</ele>
<time>2026-05-21T12:33:03.392Z</time>
</trkpt>
<trkpt lat="50.0580612" lon="21.4662650">
<ele>212.394</ele>
<time>2026-05-21T12:33:06.520Z</time>
</trkpt>
<trkpt lat="50.0581092" lon="21.4667699">
<ele>211.493</ele>
<time>2026-05-21T12:33:09.484Z</time>
</trkpt>
<trkpt lat="50.0581649" lon="21.4672784">
<ele>210.334</ele>
<time>2026-05-21T12:33:12.424Z</time>
</trkpt>
<trkpt lat="50.0582300" lon="21.4678087">
<ele>209.187</ele>
<time>2026-05-21T12:33:15.359Z</time>
</trkpt>
<trkpt lat="50.0582923" lon="21.4683655">
<ele>208.492</ele>
<time>2026-05-21T12:33:18.210Z</time>
</trkpt>
<trkpt lat="50.0583611" lon="21.4689771">
<ele>208.451</ele>
<time>2026-05-21T12:33:21.169Z</time>
</trkpt>
<trkpt lat="50.0584263" lon="21.4695998">
<ele>208.733</ele>
<time>2026-05-21T12:33:24.133Z</time>
</trkpt>
<trkpt lat="50.0584787" lon="21.4702217">
<ele>208.981</ele>
<time>2026-05-21T12:33:27.095Z</time>
</trkpt>
<trkpt lat="50.0585356" lon="21.4708447">
<ele>209.017</ele>
<time>2026-05-21T12:33:30.041Z</time>
</trkpt>
<trkpt lat="50.0585958" lon="21.4714978">
<ele>208.755</ele>
<time>2026-05-21T12:33:33.041Z</time>
</trkpt>
<trkpt lat="50.0586670" lon="21.4721708">
<ele>208.317</ele>
<time>2026-05-21T12:33:36.036Z</time>
</trkpt>
<trkpt lat="50.0587493" lon="21.4728645">
<ele>208.065</ele>
<time>2026-05-21T12:33:39.054Z</time>
</trkpt>
<trkpt lat="50.0588269" lon="21.4735699">
<ele>208.169</ele>
<time>2026-05-21T12:33:42.129Z</time>
</trkpt>
<trkpt lat="50.0588957" lon="21.4742414">
<ele>208.448</ele>
<time>2026-05-21T12:33:45.211Z</time>
</trkpt>
<trkpt lat="50.0589572" lon="21.4748554">
<ele>208.666</ele>
<time>2026-05-21T12:33:48.179Z</time>
</trkpt>
<trkpt lat="50.0590162" lon="21.4754722">
<ele>208.719</ele>
<time>2026-05-21T12:33:51.195Z</time>
</trkpt>
<trkpt lat="50.0590745" lon="21.4760854">
<ele>208.660</ele>
<time>2026-05-21T12:33:54.183Z</time>
</trkpt>
<trkpt lat="50.0591340" lon="21.4767124">
<ele>208.543</ele>
<time>2026-05-21T12:33:57.199Z</time>
</trkpt>
<trkpt lat="50.0592060" lon="21.4773265">
<ele>208.506</ele>
<time>2026-05-21T12:34:00.069Z</time>
</trkpt>
<trkpt lat="50.0592742" lon="21.4779905">
<ele>208.714</ele>
<time>2026-05-21T12:34:03.009Z</time>
</trkpt>
<trkpt lat="50.0593607" lon="21.4786762">
<ele>209.040</ele>
<time>2026-05-21T12:34:05.928Z</time>
</trkpt>
<trkpt lat="50.0594496" lon="21.4793927">
<ele>209.431</ele>
<time>2026-05-21T12:34:08.903Z</time>
</trkpt>
<trkpt lat="50.0595155" lon="21.4800882">
<ele>210.019</ele>
<time>2026-05-21T12:34:11.802Z</time>
</trkpt>
<trkpt lat="50.0595704" lon="21.4807759">
<ele>210.618</ele>
<time>2026-05-21T12:34:14.745Z</time>
</trkpt>
<trkpt lat="50.0596390" lon="21.4814596">
<ele>210.950</ele>
<time>2026-05-21T12:34:17.761Z</time>
</trkpt>
<trkpt lat="50.0597095" lon="21.4821398">
<ele>210.962</ele>
<time>2026-05-21T12:34:20.870Z</time>
</trkpt>
<trkpt lat="50.0597778" lon="21.4827879">
<ele>210.720</ele>
<time>2026-05-21T12:34:23.944Z</time>
</trkpt>
<trkpt lat="50.0598505" lon="21.4834159">
<ele>210.390</ele>
<time>2026-05-21T12:34:26.894Z</time>
</trkpt>
<trkpt lat="50.0599236" lon="21.4841001">
<ele>210.240</ele>
<time>2026-05-21T12:34:29.935Z</time>
</trkpt>
<trkpt lat="50.0599993" lon="21.4848108">
<ele>210.391</ele>
<time>2026-05-21T12:34:32.948Z</time>
</trkpt>
<trkpt lat="50.0600381" lon="21.4853084">
<ele>210.926</ele>
<time>2026-05-21T12:34:34.948Z</time>
</trkpt>
<trkpt lat="50.0601239" lon="21.4860707">
<ele>211.781</ele>
<time>2026-05-21T12:34:37.940Z</time>
</trkpt>
<trkpt lat="50.0602103" lon="21.4868657">
<ele>212.477</ele>
<time>2026-05-21T12:34:40.919Z</time>
</trkpt>
<trkpt lat="50.0602726" lon="21.4874238">
<ele>212.422</ele>
<time>2026-05-21T12:34:42.875Z</time>
</trkpt>
<trkpt lat="50.0603632" lon="21.4883044">
<ele>211.466</ele>
<time>2026-05-21T12:34:45.835Z</time>
</trkpt>
<trkpt lat="50.0604619" lon="21.4892342">
<ele>210.109</ele>
<time>2026-05-21T12:34:48.806Z</time>
</trkpt>
<trkpt lat="50.0605610" lon="21.4902098">
<ele>209.120</ele>
<time>2026-05-21T12:34:51.829Z</time>
</trkpt>
<trkpt lat="50.0606654" lon="21.4911836">
<ele>208.747</ele>
<time>2026-05-21T12:34:54.845Z</time>
</trkpt>
<trkpt lat="50.0607626" lon="21.4921415">
<ele>208.522</ele>
<time>2026-05-21T12:34:57.845Z</time>
</trkpt>
<trkpt lat="50.0608552" lon="21.4930929">
<ele>207.906</ele>
<time>2026-05-21T12:35:00.843Z</time>
</trkpt>
<trkpt lat="50.0609589" lon="21.4940387">
<ele>207.029</ele>
<time>2026-05-21T12:35:03.824Z</time>
</trkpt>
<trkpt lat="50.0610588" lon="21.4949988">
<ele>206.302</ele>
<time>2026-05-21T12:35:06.821Z</time>
</trkpt>
<trkpt lat="50.0611590" lon="21.4959668">
<ele>205.918</ele>
<time>2026-05-21T12:35:09.847Z</time>
</trkpt>
<trkpt lat="50.0612556" lon="21.4969177">
<ele>205.947</ele>
<time>2026-05-21T12:35:12.891Z</time>
</trkpt>
<trkpt lat="50.0613520" lon="21.4978264">
<ele>206.341</ele>
<time>2026-05-21T12:35:15.910Z</time>
</trkpt>
<trkpt lat="50.0614504" lon="21.4987054">
<ele>206.920</ele>
<time>2026-05-21T12:35:18.913Z</time>
</trkpt>
<trkpt lat="50.0615322" lon="21.4995765">
<ele>207.773</ele>
<time>2026-05-21T12:35:21.896Z</time>
</trkpt>
<trkpt lat="50.0616160" lon="21.5004591">
<ele>208.924</ele>
<time>2026-05-21T12:35:24.869Z</time>
</trkpt>
<trkpt lat="50.0617123" lon="21.5013728">
<ele>210.001</ele>
<time>2026-05-21T12:35:27.872Z</time>
</trkpt>
<trkpt lat="50.0618056" lon="21.5023070">
<ele>210.745</ele>
<time>2026-05-21T12:35:30.899Z</time>
</trkpt>
<trkpt lat="50.0619003" lon="21.5032360">
<ele>211.279</ele>
<time>2026-05-21T12:35:33.936Z</time>
</trkpt>
<trkpt lat="50.0619900" lon="21.5041515">
<ele>211.617</ele>
<time>2026-05-21T12:35:36.972Z</time>
</trkpt>
<trkpt lat="50.0620869" lon="21.5050472">
<ele>211.742</ele>
<time>2026-05-21T12:35:39.970Z</time>
</trkpt>
<trkpt lat="50.0621821" lon="21.5059502">
<ele>211.711</ele>
<time>2026-05-21T12:35:42.979Z</time>
</trkpt>
<trkpt lat="50.0622770" lon="21.5068474">
<ele>211.600</ele>
<time>2026-05-21T12:35:45.952Z</time>
</trkpt>
<trkpt lat="50.0623721" lon="21.5077463">
<ele>211.497</ele>
<time>2026-05-21T12:35:48.925Z</time>
</trkpt>
<trkpt lat="50.0624570" lon="21.5086470">
<ele>211.443</ele>
<time>2026-05-21T12:35:51.892Z</time>
</trkpt>
<trkpt lat="50.0625202" lon="21.5095611">
<ele>211.306</ele>
<time>2026-05-21T12:35:54.879Z</time>
</trkpt>
<trkpt lat="50.0625373" lon="21.5104805">
<ele>211.006</ele>
<time>2026-05-21T12:35:57.868Z</time>
</trkpt>
<trkpt lat="50.0625204" lon="21.5114043">
<ele>210.783</ele>
<time>2026-05-21T12:36:00.936Z</time>
</trkpt>
<trkpt lat="50.0625068" lon="21.5122819">
<ele>210.838</ele>
<time>2026-05-21T12:36:03.982Z</time>
</trkpt>
<trkpt lat="50.0624919" lon="21.5131102">
<ele>211.081</ele>
<time>2026-05-21T12:36:06.959Z</time>
</trkpt>
<trkpt lat="50.0624834" lon="21.5139346">
<ele>211.534</ele>
<time>2026-05-21T12:36:09.941Z</time>
</trkpt>
<trkpt lat="50.0624804" lon="21.5147693">
<ele>212.317</ele>
<time>2026-05-21T12:36:12.938Z</time>
</trkpt>
<trkpt lat="50.0624753" lon="21.5156154">
<ele>213.388</ele>
<time>2026-05-21T12:36:15.961Z</time>
</trkpt>
<trkpt lat="50.0624667" lon="21.5164533">
<ele>214.621</ele>
<time>2026-05-21T12:36:18.943Z</time>
</trkpt>
<trkpt lat="50.0624606" lon="21.5172979">
<ele>215.960</ele>
<time>2026-05-21T12:36:21.918Z</time>
</trkpt>
<trkpt lat="50.0624500" lon="21.5181521">
<ele>217.246</ele>
<time>2026-05-21T12:36:24.923Z</time>
</trkpt>
<trkpt lat="50.0624329" lon="21.5189818">
<ele>218.152</ele>
<time>2026-05-21T12:36:27.901Z</time>
</trkpt>
<trkpt lat="50.0624191" lon="21.5197866">
<ele>218.516</ele>
<time>2026-05-21T12:36:30.852Z</time>
</trkpt>
<trkpt lat="50.0624009" lon="21.5205918">
<ele>218.480</ele>
<time>2026-05-21T12:36:33.825Z</time>
</trkpt>
<trkpt lat="50.0623908" lon="21.5211373">
<ele>218.252</ele>
<time>2026-05-21T12:36:35.833Z</time>
</trkpt>
<trkpt lat="50.0623815" lon="21.5216851">
<ele>218.038</ele>
<time>2026-05-21T12:36:37.842Z</time>
</trkpt>
<trkpt lat="50.0623725" lon="21.5225065">
<ele>218.002</ele>
<time>2026-05-21T12:36:40.849Z</time>
</trkpt>
<trkpt lat="50.0623641" lon="21.5230586">
<ele>218.222</ele>
<time>2026-05-21T12:36:42.863Z</time>
</trkpt>
<trkpt lat="50.0623554" lon="21.5236116">
<ele>218.608</ele>
<time>2026-05-21T12:36:44.895Z</time>
</trkpt>
<trkpt lat="50.0623431" lon="21.5244312">
<ele>218.942</ele>
<time>2026-05-21T12:36:47.950Z</time>
</trkpt>
<trkpt lat="50.0623394" lon="21.5249621">
<ele>219.189</ele>
<time>2026-05-21T12:36:49.993Z</time>
</trkpt>
<trkpt lat="50.0623319" lon="21.5257380">
<ele>219.505</ele>
<time>2026-05-21T12:36:53.056Z</time>
</trkpt>
<trkpt lat="50.0623238" lon="21.5264715">
<ele>219.897</ele>
<time>2026-05-21T12:36:56.053Z</time>
</trkpt>
<trkpt lat="50.0623128" lon="21.5271814">
<ele>220.211</ele>
<time>2026-05-21T12:36:59.041Z</time>
</trkpt>
<trkpt lat="50.0622950" lon="21.5278644">
<ele>220.350</ele>
<time>2026-05-21T12:37:01.950Z</time>
</trkpt>
<trkpt lat="50.0622778" lon="21.5285838">
<ele>220.310</ele>
<time>2026-05-21T12:37:04.881Z</time>
</trkpt>
<trkpt lat="50.0622584" lon="21.5293930">
<ele>220.131</ele>
<time>2026-05-21T12:37:07.913Z</time>
</trkpt>
<trkpt lat="50.0622431" lon="21.5302657">
<ele>219.739</ele>
<time>2026-05-21T12:37:10.980Z</time>
</trkpt>
<trkpt lat="50.0622349" lon="21.5311350">
<ele>219.150</ele>
<time>2026-05-21T12:37:13.988Z</time>
</trkpt>
<trkpt lat="50.0622231" lon="21.5320123">
<ele>218.731</ele>
<time>2026-05-21T12:37:17.031Z</time>
</trkpt>
<trkpt lat="50.0622032" lon="21.5328824">
<ele>218.730</ele>
<time>2026-05-21T12:37:20.062Z</time>
</trkpt>
<trkpt lat="50.0621800" lon="21.5337466">
<ele>218.701</ele>
<time>2026-05-21T12:37:23.092Z</time>
</trkpt>
<trkpt lat="50.0621687" lon="21.5345939">
<ele>218.108</ele>
<time>2026-05-21T12:37:26.064Z</time>
</trkpt>
<trkpt lat="50.0621512" lon="21.5354480">
<ele>217.165</ele>
<time>2026-05-21T12:37:29.033Z</time>
</trkpt>
<trkpt lat="50.0621353" lon="21.5363152">
<ele>216.491</ele>
<time>2026-05-21T12:37:32.003Z</time>
</trkpt>
<trkpt lat="50.0621272" lon="21.5371989">
<ele>216.317</ele>
<time>2026-05-21T12:37:34.973Z</time>
</trkpt>
<trkpt lat="50.0621157" lon="21.5381088">
<ele>216.456</ele>
<time>2026-05-21T12:37:37.996Z</time>
</trkpt>
<trkpt lat="50.0620996" lon="21.5390020">
<ele>216.572</ele>
<time>2026-05-21T12:37:40.984Z</time>
</trkpt>
<trkpt lat="50.0620864" lon="21.5398795">
<ele>216.447</ele>
<time>2026-05-21T12:37:43.985Z</time>
</trkpt>
<trkpt lat="50.0620753" lon="21.5407281">
<ele>216.168</ele>
<time>2026-05-21T12:37:46.965Z</time>
</trkpt>
<trkpt lat="50.0620643" lon="21.5415615">
<ele>216.111</ele>
<time>2026-05-21T12:37:49.930Z</time>
</trkpt>
<trkpt lat="50.0620519" lon="21.5423964">
<ele>216.458</ele>
<time>2026-05-21T12:37:52.905Z</time>
</trkpt>
<trkpt lat="50.0620428" lon="21.5432357">
<ele>217.047</ele>
<time>2026-05-21T12:37:55.919Z</time>
</trkpt>
<trkpt lat="50.0620256" lon="21.5440635">
<ele>217.749</ele>
<time>2026-05-21T12:37:58.963Z</time>
</trkpt>
<trkpt lat="50.0620164" lon="21.5448602">
<ele>218.466</ele>
<time>2026-05-21T12:38:01.962Z</time>
</trkpt>
<trkpt lat="50.0620078" lon="21.5456456">
<ele>219.018</ele>
<time>2026-05-21T12:38:04.941Z</time>
</trkpt>
<trkpt lat="50.0619998" lon="21.5464396">
<ele>219.362</ele>
<time>2026-05-21T12:38:07.945Z</time>
</trkpt>
<trkpt lat="50.0619831" lon="21.5472343">
<ele>219.493</ele>
<time>2026-05-21T12:38:10.938Z</time>
</trkpt>
<trkpt lat="50.0619704" lon="21.5480331">
<ele>219.395</ele>
<time>2026-05-21T12:38:13.918Z</time>
</trkpt>
<trkpt lat="50.0619505" lon="21.5488483">
<ele>218.944</ele>
<time>2026-05-21T12:38:16.914Z</time>
</trkpt>
<trkpt lat="50.0619369" lon="21.5496747">
<ele>217.897</ele>
<time>2026-05-21T12:38:19.901Z</time>
</trkpt>
<trkpt lat="50.0619188" lon="21.5505230">
<ele>216.503</ele>
<time>2026-05-21T12:38:22.931Z</time>
</trkpt>
<trkpt lat="50.0618961" lon="21.5513694">
<ele>215.452</ele>
<time>2026-05-21T12:38:25.939Z</time>
</trkpt>
<trkpt lat="50.0618671" lon="21.5522119">
<ele>215.149</ele>
<time>2026-05-21T12:38:28.977Z</time>
</trkpt>
<trkpt lat="50.0618573" lon="21.5530152">
<ele>215.697</ele>
<time>2026-05-21T12:38:31.950Z</time>
</trkpt>
<trkpt lat="50.0618431" lon="21.5538070">
<ele>217.305</ele>
<time>2026-05-21T12:38:34.920Z</time>
</trkpt>
<trkpt lat="50.0618279" lon="21.5546055">
<ele>220.121</ele>
<time>2026-05-21T12:38:37.884Z</time>
</trkpt>
<trkpt lat="50.0618205" lon="21.5554266">
<ele>223.658</ele>
<time>2026-05-21T12:38:40.858Z</time>
</trkpt>
<trkpt lat="50.0618100" lon="21.5559957">
<ele>226.879</ele>
<time>2026-05-21T12:38:42.840Z</time>
</trkpt>
<trkpt lat="50.0617956" lon="21.5568732">
<ele>228.977</ele>
<time>2026-05-21T12:38:45.832Z</time>
</trkpt>
<trkpt lat="50.0617846" lon="21.5574786">
<ele>229.822</ele>
<time>2026-05-21T12:38:47.827Z</time>
</trkpt>
<trkpt lat="50.0617724" lon="21.5584006">
<ele>229.794</ele>
<time>2026-05-21T12:38:50.849Z</time>
</trkpt>
<trkpt lat="50.0617640" lon="21.5590104">
<ele>229.388</ele>
<time>2026-05-21T12:38:52.852Z</time>
</trkpt>
<trkpt lat="50.0617575" lon="21.5596151">
<ele>228.952</ele>
<time>2026-05-21T12:38:54.844Z</time>
</trkpt>
<trkpt lat="50.0617546" lon="21.5605208">
<ele>228.673</ele>
<time>2026-05-21T12:38:57.827Z</time>
</trkpt>
<trkpt lat="50.0617448" lon="21.5614303">
<ele>228.517</ele>
<time>2026-05-21T12:39:00.821Z</time>
</trkpt>
<trkpt lat="50.0617302" lon="21.5623429">
<ele>228.385</ele>
<time>2026-05-21T12:39:03.804Z</time>
</trkpt>
<trkpt lat="50.0617131" lon="21.5632696">
<ele>228.111</ele>
<time>2026-05-21T12:39:06.782Z</time>
</trkpt>
<trkpt lat="50.0617004" lon="21.5642151">
<ele>227.630</ele>
<time>2026-05-21T12:39:09.799Z</time>
</trkpt>
<trkpt lat="50.0616847" lon="21.5651513">
<ele>227.218</ele>
<time>2026-05-21T12:39:12.852Z</time>
</trkpt>
<trkpt lat="50.0616739" lon="21.5660385">
<ele>227.524</ele>
<time>2026-05-21T12:39:15.859Z</time>
</trkpt>
<trkpt lat="50.0616586" lon="21.5669008">
<ele>229.321</ele>
<time>2026-05-21T12:39:18.883Z</time>
</trkpt>
<trkpt lat="50.0616480" lon="21.5677470">
<ele>232.731</ele>
<time>2026-05-21T12:39:21.903Z</time>
</trkpt>
<trkpt lat="50.0616356" lon="21.5685920">
<ele>236.780</ele>
<time>2026-05-21T12:39:24.906Z</time>
</trkpt>
<trkpt lat="50.0616103" lon="21.5694481">
<ele>240.190</ele>
<time>2026-05-21T12:39:27.878Z</time>
</trkpt>
<trkpt lat="50.0615624" lon="21.5703327">
<ele>242.197</ele>
<time>2026-05-21T12:39:30.877Z</time>
</trkpt>
<trkpt lat="50.0615049" lon="21.5712355">
<ele>242.820</ele>
<time>2026-05-21T12:39:33.883Z</time>
</trkpt>
<trkpt lat="50.0614569" lon="21.5721583">
<ele>242.317</ele>
<time>2026-05-21T12:39:36.909Z</time>
</trkpt>
<trkpt lat="50.0614133" lon="21.5730844">
<ele>240.873</ele>
<time>2026-05-21T12:39:39.926Z</time>
</trkpt>
<trkpt lat="50.0613561" lon="21.5740074">
<ele>239.155</ele>
<time>2026-05-21T12:39:42.944Z</time>
</trkpt>
<trkpt lat="50.0612997" lon="21.5749273">
<ele>238.014</ele>
<time>2026-05-21T12:39:46.016Z</time>
</trkpt>
<trkpt lat="50.0612475" lon="21.5758007">
<ele>237.667</ele>
<time>2026-05-21T12:39:49.040Z</time>
</trkpt>
<trkpt lat="50.0612033" lon="21.5766457">
<ele>238.370</ele>
<time>2026-05-21T12:39:52.052Z</time>
</trkpt>
<trkpt lat="50.0611641" lon="21.5774698">
<ele>240.582</ele>
<time>2026-05-21T12:39:55.052Z</time>
</trkpt>
<trkpt lat="50.0611170" lon="21.5782709">
<ele>244.204</ele>
<time>2026-05-21T12:39:58.022Z</time>
</trkpt>
<trkpt lat="50.0610766" lon="21.5790715">
<ele>248.489</ele>
<time>2026-05-21T12:40:00.997Z</time>
</trkpt>
<trkpt lat="50.0610289" lon="21.5798815">
<ele>252.637</ele>
<time>2026-05-21T12:40:03.971Z</time>
</trkpt>
<trkpt lat="50.0609829" lon="21.5807153">
<ele>256.220</ele>
<time>2026-05-21T12:40:06.948Z</time>
</trkpt>
<trkpt lat="50.0609280" lon="21.5815757">
<ele>259.083</ele>
<time>2026-05-21T12:40:09.948Z</time>
</trkpt>
<trkpt lat="50.0608711" lon="21.5824456">
<ele>261.023</ele>
<time>2026-05-21T12:40:12.960Z</time>
</trkpt>
<trkpt lat="50.0607531" lon="21.5832907">
<ele>262.431</ele>
<time>2026-05-21T12:40:15.925Z</time>
</trkpt>
<trkpt lat="50.0605855" lon="21.5841396">
<ele>264.001</ele>
<time>2026-05-21T12:40:18.889Z</time>
</trkpt>
<trkpt lat="50.0603918" lon="21.5850134">
<ele>265.574</ele>
<time>2026-05-21T12:40:21.875Z</time>
</trkpt>
<trkpt lat="50.0601830" lon="21.5858990">
<ele>266.416</ele>
<time>2026-05-21T12:40:24.886Z</time>
</trkpt>
<trkpt lat="50.0599806" lon="21.5867792">
<ele>265.967</ele>
<time>2026-05-21T12:40:27.891Z</time>
</trkpt>
<trkpt lat="50.0597639" lon="21.5876401">
<ele>264.465</ele>
<time>2026-05-21T12:40:30.889Z</time>
</trkpt>
<trkpt lat="50.0595418" lon="21.5884956">
<ele>263.041</ele>
<time>2026-05-21T12:40:33.896Z</time>
</trkpt>
<trkpt lat="50.0593281" lon="21.5893524">
<ele>262.479</ele>
<time>2026-05-21T12:40:36.883Z</time>
</trkpt>
<trkpt lat="50.0591064" lon="21.5902155">
<ele>262.571</ele>
<time>2026-05-21T12:40:39.898Z</time>
</trkpt>
<trkpt lat="50.0588254" lon="21.5910310">
<ele>262.557</ele>
<time>2026-05-21T12:40:42.897Z</time>
</trkpt>
<trkpt lat="50.0584893" lon="21.5918060">
<ele>261.643</ele>
<time>2026-05-21T12:40:45.899Z</time>
</trkpt>
<trkpt lat="50.0582637" lon="21.5923284">
<ele>259.480</ele>
<time>2026-05-21T12:40:47.878Z</time>
</trkpt>
<trkpt lat="50.0579135" lon="21.5931184">
<ele>256.447</ele>
<time>2026-05-21T12:40:50.860Z</time>
</trkpt>
<trkpt lat="50.0576744" lon="21.5936515">
<ele>252.899</ele>
<time>2026-05-21T12:40:52.854Z</time>
</trkpt>
<trkpt lat="50.0573124" lon="21.5944308">
<ele>248.910</ele>
<time>2026-05-21T12:40:55.794Z</time>
</trkpt>
<trkpt lat="50.0569096" lon="21.5951873">
<ele>244.809</ele>
<time>2026-05-21T12:40:58.780Z</time>
</trkpt>
<trkpt lat="50.0566162" lon="21.5956656">
<ele>240.773</ele>
<time>2026-05-21T12:41:00.771Z</time>
</trkpt>
<trkpt lat="50.0561507" lon="21.5963553">
<ele>236.768</ele>
<time>2026-05-21T12:41:03.767Z</time>
</trkpt>
<trkpt lat="50.0556597" lon="21.5970037">
<ele>233.336</ele>
<time>2026-05-21T12:41:06.764Z</time>
</trkpt>
<trkpt lat="50.0551316" lon="21.5975909">
<ele>230.905</ele>
<time>2026-05-21T12:41:09.799Z</time>
</trkpt>
<trkpt lat="50.0545862" lon="21.5981133">
<ele>228.963</ele>
<time>2026-05-21T12:41:12.810Z</time>
</trkpt>
<trkpt lat="50.0540267" lon="21.5985866">
<ele>226.661</ele>
<time>2026-05-21T12:41:15.817Z</time>
</trkpt>
<trkpt lat="50.0534805" lon="21.5990850">
<ele>223.876</ele>
<time>2026-05-21T12:41:18.831Z</time>
</trkpt>
<trkpt lat="50.0529288" lon="21.5995569">
<ele>221.162</ele>
<time>2026-05-21T12:41:21.864Z</time>
</trkpt>
<trkpt lat="50.0523949" lon="21.6000404">
<ele>218.910</ele>
<time>2026-05-21T12:41:24.847Z</time>
</trkpt>
<trkpt lat="50.0518820" lon="21.6005872">
<ele>217.154</ele>
<time>2026-05-21T12:41:27.829Z</time>
</trkpt>
<trkpt lat="50.0514066" lon="21.6012037">
<ele>215.580</ele>
<time>2026-05-21T12:41:30.798Z</time>
</trkpt>
<trkpt lat="50.0509651" lon="21.6018715">
<ele>214.103</ele>
<time>2026-05-21T12:41:33.815Z</time>
</trkpt>
<trkpt lat="50.0505737" lon="21.6025596">
<ele>213.082</ele>
<time>2026-05-21T12:41:36.860Z</time>
</trkpt>
<trkpt lat="50.0502479" lon="21.6032205">
<ele>212.644</ele>
<time>2026-05-21T12:41:39.990Z</time>
</trkpt>
<trkpt lat="50.0500295" lon="21.6037457">
<ele>212.253</ele>
<time>2026-05-21T12:41:43.002Z</time>
</trkpt>
<trkpt lat="50.0498998" lon="21.6041332">
<ele>211.454</ele>
<time>2026-05-21T12:41:46.170Z</time>
</trkpt>
<trkpt lat="50.0498334" lon="21.6043322">
<ele>210.525</ele>
<time>2026-05-21T12:41:49.544Z</time>
</trkpt>
<trkpt lat="50.0497919" lon="21.6044786">
<ele>210.027</ele>
<time>2026-05-21T12:41:52.698Z</time>
</trkpt>
<trkpt lat="50.0497356" lon="21.6046716">
<ele>210.195</ele>
<time>2026-05-21T12:41:56.629Z</time>
</trkpt>
<trkpt lat="50.0496569" lon="21.6049817">
<ele>210.890</ele>
<time>2026-05-21T12:41:59.817Z</time>
</trkpt>
<trkpt lat="50.0495367" lon="21.6054322">
<ele>211.678</ele>
<time>2026-05-21T12:42:02.933Z</time>
</trkpt>
<trkpt lat="50.0494119" lon="21.6060134">
<ele>212.411</ele>
<time>2026-05-21T12:42:05.982Z</time>
</trkpt>
<trkpt lat="50.0492863" lon="21.6066938">
<ele>213.332</ele>
<time>2026-05-21T12:42:09.015Z</time>
</trkpt>
<trkpt lat="50.0491853" lon="21.6074500">
<ele>214.350</ele>
<time>2026-05-21T12:42:12.041Z</time>
</trkpt>
<trkpt lat="50.0491257" lon="21.6082580">
<ele>215.240</ele>
<time>2026-05-21T12:42:15.058Z</time>
</trkpt>
<trkpt lat="50.0490907" lon="21.6090974">
<ele>216.311</ele>
<time>2026-05-21T12:42:18.061Z</time>
</trkpt>
<trkpt lat="50.0491001" lon="21.6099773">
<ele>217.816</ele>
<time>2026-05-21T12:42:21.070Z</time>
</trkpt>
<trkpt lat="50.0491623" lon="21.6108919">
<ele>219.305</ele>
<time>2026-05-21T12:42:24.069Z</time>
</trkpt>
<trkpt lat="50.0492505" lon="21.6118490">
<ele>220.419</ele>
<time>2026-05-21T12:42:27.097Z</time>
</trkpt>
<trkpt lat="50.0493506" lon="21.6128285">
<ele>221.304</ele>
<time>2026-05-21T12:42:30.134Z</time>
</trkpt>
<trkpt lat="50.0494552" lon="21.6137969">
<ele>222.136</ele>
<time>2026-05-21T12:42:33.135Z</time>
</trkpt>
<trkpt lat="50.0495575" lon="21.6147629">
<ele>222.872</ele>
<time>2026-05-21T12:42:36.133Z</time>
</trkpt>
<trkpt lat="50.0496582" lon="21.6157391">
<ele>223.555</ele>
<time>2026-05-21T12:42:39.152Z</time>
</trkpt>
<trkpt lat="50.0497719" lon="21.6167096">
<ele>224.334</ele>
<time>2026-05-21T12:42:42.150Z</time>
</trkpt>
<trkpt lat="50.0498901" lon="21.6176857">
<ele>225.293</ele>
<time>2026-05-21T12:42:45.149Z</time>
</trkpt>
<trkpt lat="50.0499947" lon="21.6186767">
<ele>226.347</ele>
<time>2026-05-21T12:42:48.165Z</time>
</trkpt>
<trkpt lat="50.0501032" lon="21.6196613">
<ele>227.235</ele>
<time>2026-05-21T12:42:51.170Z</time>
</trkpt>
<trkpt lat="50.0501815" lon="21.6203083">
<ele>227.626</ele>
<time>2026-05-21T12:42:53.170Z</time>
</trkpt>
<trkpt lat="50.0503555" lon="21.6212495">
<ele>227.540</ele>
<time>2026-05-21T12:42:56.161Z</time>
</trkpt>
<trkpt lat="50.0504964" lon="21.6218633">
<ele>227.457</ele>
<time>2026-05-21T12:42:58.156Z</time>
</trkpt>
<trkpt lat="50.0507383" lon="21.6227670">
<ele>227.733</ele>
<time>2026-05-21T12:43:01.151Z</time>
</trkpt>
<trkpt lat="50.0509175" lon="21.6233554">
<ele>228.242</ele>
<time>2026-05-21T12:43:03.149Z</time>
</trkpt>
<trkpt lat="50.0511176" lon="21.6239233">
<ele>228.776</ele>
<time>2026-05-21T12:43:05.143Z</time>
</trkpt>
<trkpt lat="50.0514512" lon="21.6247565">
<ele>229.386</ele>
<time>2026-05-21T12:43:08.164Z</time>
</trkpt>
<trkpt lat="50.0518324" lon="21.6255589">
<ele>230.063</ele>
<time>2026-05-21T12:43:11.206Z</time>
</trkpt>
<trkpt lat="50.0522546" lon="21.6263286">
<ele>230.408</ele>
<time>2026-05-21T12:43:14.241Z</time>
</trkpt>
<trkpt lat="50.0527196" lon="21.6270541">
<ele>229.879</ele>
<time>2026-05-21T12:43:17.264Z</time>
</trkpt>
<trkpt lat="50.0532211" lon="21.6277309">
<ele>228.345</ele>
<time>2026-05-21T12:43:20.286Z</time>
</trkpt>
<trkpt lat="50.0537424" lon="21.6283366">
<ele>226.228</ele>
<time>2026-05-21T12:43:23.270Z</time>
</trkpt>
<trkpt lat="50.0542718" lon="21.6288797">
<ele>224.181</ele>
<time>2026-05-21T12:43:26.231Z</time>
</trkpt>
<trkpt lat="50.0548232" lon="21.6293661">
<ele>222.497</ele>
<time>2026-05-21T12:43:29.239Z</time>
</trkpt>
<trkpt lat="50.0553754" lon="21.6298248">
<ele>220.777</ele>
<time>2026-05-21T12:43:32.291Z</time>
</trkpt>
<trkpt lat="50.0558878" lon="21.6302473">
<ele>218.506</ele>
<time>2026-05-21T12:43:35.347Z</time>
</trkpt>
<trkpt lat="50.0563371" lon="21.6306088">
<ele>215.909</ele>
<time>2026-05-21T12:43:38.437Z</time>
</trkpt>
<trkpt lat="50.0567033" lon="21.6309092">
<ele>213.775</ele>
<time>2026-05-21T12:43:41.741Z</time>
</trkpt>
<trkpt lat="50.0569345" lon="21.6311107">
<ele>212.547</ele>
<time>2026-05-21T12:43:45.018Z</time>
</trkpt>
<trkpt lat="50.0570205" lon="21.6313169">
<ele>212.041</ele>
<time>2026-05-21T12:43:47.754Z</time>
</trkpt>
<trkpt lat="50.0570747" lon="21.6315654">
<ele>211.871</ele>
<time>2026-05-21T12:43:50.687Z</time>
</trkpt>
<trkpt lat="50.0572458" lon="21.6317327">
<ele>211.935</ele>
<time>2026-05-21T12:43:53.660Z</time>
</trkpt>
<trkpt lat="50.0574856" lon="21.6317470">
<ele>212.381</ele>
<time>2026-05-21T12:43:56.696Z</time>
</trkpt>
<trkpt lat="50.0576815" lon="21.6320036">
<ele>213.144</ele>
<time>2026-05-21T12:43:59.543Z</time>
</trkpt>
<trkpt lat="50.0578972" lon="21.6323814">
<ele>213.997</ele>
<time>2026-05-21T12:44:02.604Z</time>
</trkpt>
<trkpt lat="50.0581300" lon="21.6328379">
<ele>214.916</ele>
<time>2026-05-21T12:44:05.669Z</time>
</trkpt>
<trkpt lat="50.0583571" lon="21.6333425">
<ele>215.882</ele>
<time>2026-05-21T12:44:08.706Z</time>
</trkpt>
<trkpt lat="50.0585933" lon="21.6338583">
<ele>216.681</ele>
<time>2026-05-21T12:44:11.777Z</time>
</trkpt>
<trkpt lat="50.0588116" lon="21.6343692">
<ele>217.379</ele>
<time>2026-05-21T12:44:14.759Z</time>
</trkpt>
<trkpt lat="50.0590220" lon="21.6348939">
<ele>218.121</ele>
<time>2026-05-21T12:44:17.747Z</time>
</trkpt>
<trkpt lat="50.0592294" lon="21.6354344">
<ele>218.625</ele>
<time>2026-05-21T12:44:20.761Z</time>
</trkpt>
<trkpt lat="50.0594332" lon="21.6359665">
<ele>218.581</ele>
<time>2026-05-21T12:44:23.677Z</time>
</trkpt>
<trkpt lat="50.0596490" lon="21.6365243">
<ele>218.179</ele>
<time>2026-05-21T12:44:26.602Z</time>
</trkpt>
<trkpt lat="50.0598943" lon="21.6371068">
<ele>217.904</ele>
<time>2026-05-21T12:44:29.557Z</time>
</trkpt>
<trkpt lat="50.0601372" lon="21.6377168">
<ele>218.138</ele>
<time>2026-05-21T12:44:32.478Z</time>
</trkpt>
<trkpt lat="50.0603793" lon="21.6383564">
<ele>219.000</ele>
<time>2026-05-21T12:44:35.446Z</time>
</trkpt>
<trkpt lat="50.0606253" lon="21.6389896">
<ele>220.180</ele>
<time>2026-05-21T12:44:38.425Z</time>
</trkpt>
<trkpt lat="50.0608545" lon="21.6396178">
<ele>221.065</ele>
<time>2026-05-21T12:44:41.394Z</time>
</trkpt>
<trkpt lat="50.0610739" lon="21.6402500">
<ele>221.064</ele>
<time>2026-05-21T12:44:44.388Z</time>
</trkpt>
<trkpt lat="50.0613100" lon="21.6408696">
<ele>220.047</ele>
<time>2026-05-21T12:44:47.463Z</time>
</trkpt>
<trkpt lat="50.0615376" lon="21.6414426">
<ele>218.670</ele>
<time>2026-05-21T12:44:50.489Z</time>
</trkpt>
<trkpt lat="50.0617475" lon="21.6419827">
<ele>217.850</ele>
<time>2026-05-21T12:44:53.464Z</time>
</trkpt>
<trkpt lat="50.0619554" lon="21.6425092">
<ele>217.834</ele>
<time>2026-05-21T12:44:56.438Z</time>
</trkpt>
<trkpt lat="50.0621610" lon="21.6430427">
<ele>218.470</ele>
<time>2026-05-21T12:44:59.421Z</time>
</trkpt>
<trkpt lat="50.0623750" lon="21.6435886">
<ele>219.534</ele>
<time>2026-05-21T12:45:02.435Z</time>
</trkpt>
<trkpt lat="50.0625217" lon="21.6439518">
<ele>220.683</ele>
<time>2026-05-21T12:45:04.430Z</time>
</trkpt>
<trkpt lat="50.0627350" lon="21.6445072">
<ele>221.817</ele>
<time>2026-05-21T12:45:07.423Z</time>
</trkpt>
<trkpt lat="50.0629528" lon="21.6450675">
<ele>223.311</ele>
<time>2026-05-21T12:45:10.419Z</time>
</trkpt>
<trkpt lat="50.0631003" lon="21.6454480">
<ele>225.371</ele>
<time>2026-05-21T12:45:12.396Z</time>
</trkpt>
<trkpt lat="50.0633197" lon="21.6460383">
<ele>227.506</ele>
<time>2026-05-21T12:45:15.340Z</time>
</trkpt>
<trkpt lat="50.0635518" lon="21.6466679">
<ele>228.968</ele>
<time>2026-05-21T12:45:18.311Z</time>
</trkpt>
<trkpt lat="50.0637951" lon="21.6473344">
<ele>229.439</ele>
<time>2026-05-21T12:45:21.274Z</time>
</trkpt>
<trkpt lat="50.0640607" lon="21.6480278">
<ele>229.151</ele>
<time>2026-05-21T12:45:24.261Z</time>
</trkpt>
<trkpt lat="50.0643355" lon="21.6487375">
<ele>228.594</ele>
<time>2026-05-21T12:45:27.277Z</time>
</trkpt>
<trkpt lat="50.0646165" lon="21.6494421">
<ele>228.359</ele>
<time>2026-05-21T12:45:30.307Z</time>
</trkpt>
<trkpt lat="50.0648882" lon="21.6501404">
<ele>229.002</ele>
<time>2026-05-21T12:45:33.325Z</time>
</trkpt>
<trkpt lat="50.0651528" lon="21.6508245">
<ele>230.621</ele>
<time>2026-05-21T12:45:36.300Z</time>
</trkpt>
<trkpt lat="50.0654201" lon="21.6515093">
<ele>232.760</ele>
<time>2026-05-21T12:45:39.287Z</time>
</trkpt>
<trkpt lat="50.0656702" lon="21.6522178">
<ele>234.697</ele>
<time>2026-05-21T12:45:42.286Z</time>
</trkpt>
<trkpt lat="50.0658511" lon="21.6529923">
<ele>235.843</ele>
<time>2026-05-21T12:45:45.295Z</time>
</trkpt>
<trkpt lat="50.0659959" lon="21.6538176">
<ele>235.976</ele>
<time>2026-05-21T12:45:48.338Z</time>
</trkpt>
<trkpt lat="50.0661419" lon="21.6546476">
<ele>235.050</ele>
<time>2026-05-21T12:45:51.361Z</time>
</trkpt>
<trkpt lat="50.0662904" lon="21.6554694">
<ele>233.359</ele>
<time>2026-05-21T12:45:54.364Z</time>
</trkpt>
<trkpt lat="50.0664380" lon="21.6562940">
<ele>231.745</ele>
<time>2026-05-21T12:45:57.386Z</time>
</trkpt>
<trkpt lat="50.0665960" lon="21.6571058">
<ele>230.658</ele>
<time>2026-05-21T12:46:00.400Z</time>
</trkpt>
<trkpt lat="50.0667453" lon="21.6579124">
<ele>229.757</ele>
<time>2026-05-21T12:46:03.400Z</time>
</trkpt>
<trkpt lat="50.0668857" lon="21.6587292">
<ele>228.647</ele>
<time>2026-05-21T12:46:06.432Z</time>
</trkpt>
<trkpt lat="50.0670241" lon="21.6595412">
<ele>227.304</ele>
<time>2026-05-21T12:46:09.452Z</time>
</trkpt>
<trkpt lat="50.0671718" lon="21.6603484">
<ele>225.845</ele>
<time>2026-05-21T12:46:12.463Z</time>
</trkpt>
<trkpt lat="50.0673184" lon="21.6611675">
<ele>224.385</ele>
<time>2026-05-21T12:46:15.549Z</time>
</trkpt>
<trkpt lat="50.0674432" lon="21.6619310">
<ele>222.915</ele>
<time>2026-05-21T12:46:18.514Z</time>
</trkpt>
<trkpt lat="50.0675563" lon="21.6626814">
<ele>221.370</ele>
<time>2026-05-21T12:46:21.486Z</time>
</trkpt>
<trkpt lat="50.0676867" lon="21.6634345">
<ele>220.029</ele>
<time>2026-05-21T12:46:24.486Z</time>
</trkpt>
<trkpt lat="50.0678224" lon="21.6641971">
<ele>219.591</ele>
<time>2026-05-21T12:46:27.516Z</time>
</trkpt>
<trkpt lat="50.0679624" lon="21.6649407">
<ele>220.612</ele>
<time>2026-05-21T12:46:30.496Z</time>
</trkpt>
<trkpt lat="50.0680999" lon="21.6656931">
<ele>223.301</ele>
<time>2026-05-21T12:46:33.495Z</time>
</trkpt>
<trkpt lat="50.0682379" lon="21.6664513">
<ele>226.929</ele>
<time>2026-05-21T12:46:36.463Z</time>
</trkpt>
<trkpt lat="50.0683816" lon="21.6672411">
<ele>230.249</ele>
<time>2026-05-21T12:46:39.467Z</time>
</trkpt>
<trkpt lat="50.0685236" lon="21.6680513">
<ele>232.528</ele>
<time>2026-05-21T12:46:42.475Z</time>
</trkpt>
<trkpt lat="50.0686310" lon="21.6688801">
<ele>233.562</ele>
<time>2026-05-21T12:46:45.482Z</time>
</trkpt>
<trkpt lat="50.0686750" lon="21.6697251">
<ele>233.388</ele>
<time>2026-05-21T12:46:48.483Z</time>
</trkpt>
<trkpt lat="50.0687001" lon="21.6705746">
<ele>232.500</ele>
<time>2026-05-21T12:46:51.470Z</time>
</trkpt>
<trkpt lat="50.0687260" lon="21.6714299">
<ele>231.510</ele>
<time>2026-05-21T12:46:54.460Z</time>
</trkpt>
<trkpt lat="50.0687440" lon="21.6722882">
<ele>230.649</ele>
<time>2026-05-21T12:46:57.451Z</time>
</trkpt>
<trkpt lat="50.0687683" lon="21.6731479">
<ele>229.760</ele>
<time>2026-05-21T12:47:00.480Z</time>
</trkpt>
<trkpt lat="50.0687895" lon="21.6739875">
<ele>228.859</ele>
<time>2026-05-21T12:47:03.512Z</time>
</trkpt>
<trkpt lat="50.0688012" lon="21.6745265">
<ele>227.962</ele>
<time>2026-05-21T12:47:05.510Z</time>
</trkpt>
<trkpt lat="50.0688116" lon="21.6750569">
<ele>227.038</ele>
<time>2026-05-21T12:47:07.498Z</time>
</trkpt>
<trkpt lat="50.0688164" lon="21.6755879">
<ele>226.375</ele>
<time>2026-05-21T12:47:09.494Z</time>
</trkpt>
<trkpt lat="50.0687793" lon="21.6763846">
<ele>226.149</ele>
<time>2026-05-21T12:47:12.501Z</time>
</trkpt>
<trkpt lat="50.0686888" lon="21.6771641">
<ele>226.086</ele>
<time>2026-05-21T12:47:15.493Z</time>
</trkpt>
<trkpt lat="50.0685506" lon="21.6779257">
<ele>225.876</ele>
<time>2026-05-21T12:47:18.485Z</time>
</trkpt>
<trkpt lat="50.0683671" lon="21.6786671">
<ele>225.451</ele>
<time>2026-05-21T12:47:21.445Z</time>
</trkpt>
<trkpt lat="50.0681313" lon="21.6794079">
<ele>224.919</ele>
<time>2026-05-21T12:47:24.455Z</time>
</trkpt>
<trkpt lat="50.0678358" lon="21.6800997">
<ele>224.389</ele>
<time>2026-05-21T12:47:27.479Z</time>
</trkpt>
<trkpt lat="50.0675469" lon="21.6807610">
<ele>223.924</ele>
<time>2026-05-21T12:47:30.457Z</time>
</trkpt>
<trkpt lat="50.0672597" lon="21.6814153">
<ele>223.542</ele>
<time>2026-05-21T12:47:33.455Z</time>
</trkpt>
<trkpt lat="50.0669744" lon="21.6820742">
<ele>223.227</ele>
<time>2026-05-21T12:47:36.464Z</time>
</trkpt>
<trkpt lat="50.0666880" lon="21.6827338">
<ele>222.838</ele>
<time>2026-05-21T12:47:39.453Z</time>
</trkpt>
<trkpt lat="50.0663921" lon="21.6834011">
<ele>222.216</ele>
<time>2026-05-21T12:47:42.446Z</time>
</trkpt>
<trkpt lat="50.0660938" lon="21.6840874">
<ele>221.272</ele>
<time>2026-05-21T12:47:45.456Z</time>
</trkpt>
<trkpt lat="50.0657773" lon="21.6847627">
<ele>220.065</ele>
<time>2026-05-21T12:47:48.471Z</time>
</trkpt>
<trkpt lat="50.0654809" lon="21.6854463">
<ele>218.846</ele>
<time>2026-05-21T12:47:51.456Z</time>
</trkpt>
<trkpt lat="50.0651872" lon="21.6861281">
<ele>217.898</ele>
<time>2026-05-21T12:47:54.485Z</time>
</trkpt>
<trkpt lat="50.0648986" lon="21.6867679">
<ele>217.334</ele>
<time>2026-05-21T12:47:57.487Z</time>
</trkpt>
<trkpt lat="50.0646184" lon="21.6873812">
<ele>217.094</ele>
<time>2026-05-21T12:48:00.467Z</time>
</trkpt>
<trkpt lat="50.0643448" lon="21.6879957">
<ele>217.014</ele>
<time>2026-05-21T12:48:03.470Z</time>
</trkpt>
<trkpt lat="50.0640740" lon="21.6886012">
<ele>216.989</ele>
<time>2026-05-21T12:48:06.462Z</time>
</trkpt>
<trkpt lat="50.0638049" lon="21.6891974">
<ele>216.968</ele>
<time>2026-05-21T12:48:09.452Z</time>
</trkpt>
<trkpt lat="50.0635367" lon="21.6897834">
<ele>217.069</ele>
<time>2026-05-21T12:48:12.427Z</time>
</trkpt>
<trkpt lat="50.0632958" lon="21.6904083">
<ele>217.507</ele>
<time>2026-05-21T12:48:15.417Z</time>
</trkpt>
<trkpt lat="50.0630613" lon="21.6910698">
<ele>218.171</ele>
<time>2026-05-21T12:48:18.417Z</time>
</trkpt>
<trkpt lat="50.0628426" lon="21.6917906">
<ele>218.525</ele>
<time>2026-05-21T12:48:21.415Z</time>
</trkpt>
<trkpt lat="50.0626700" lon="21.6926078">
<ele>218.183</ele>
<time>2026-05-21T12:48:24.449Z</time>
</trkpt>
<trkpt lat="50.0625594" lon="21.6934884">
<ele>217.222</ele>
<time>2026-05-21T12:48:27.454Z</time>
</trkpt>
<trkpt lat="50.0625023" lon="21.6944095">
<ele>216.102</ele>
<time>2026-05-21T12:48:30.459Z</time>
</trkpt>
<trkpt lat="50.0624588" lon="21.6953454">
<ele>215.375</ele>
<time>2026-05-21T12:48:33.474Z</time>
</trkpt>
<trkpt lat="50.0624061" lon="21.6962656">
<ele>215.209</ele>
<time>2026-05-21T12:48:36.459Z</time>
</trkpt>
<trkpt lat="50.0623450" lon="21.6971773">
<ele>215.528</ele>
<time>2026-05-21T12:48:39.462Z</time>
</trkpt>
<trkpt lat="50.0623082" lon="21.6980741">
<ele>216.348</ele>
<time>2026-05-21T12:48:42.472Z</time>
</trkpt>
<trkpt lat="50.0622781" lon="21.6989417">
<ele>217.864</ele>
<time>2026-05-21T12:48:45.458Z</time>
</trkpt>
<trkpt lat="50.0622381" lon="21.6997919">
<ele>220.354</ele>
<time>2026-05-21T12:48:48.433Z</time>
</trkpt>
<trkpt lat="50.0622064" lon="21.7006524">
<ele>223.824</ele>
<time>2026-05-21T12:48:51.446Z</time>
</trkpt>
<trkpt lat="50.0621804" lon="21.7015154">
<ele>227.767</ele>
<time>2026-05-21T12:48:54.431Z</time>
</trkpt>
<trkpt lat="50.0621608" lon="21.7024038">
<ele>231.681</ele>
<time>2026-05-21T12:48:57.439Z</time>
</trkpt>
<trkpt lat="50.0621626" lon="21.7033145">
<ele>235.193</ele>
<time>2026-05-21T12:49:00.456Z</time>
</trkpt>
<trkpt lat="50.0621731" lon="21.7042374">
<ele>238.020</ele>
<time>2026-05-21T12:49:03.481Z</time>
</trkpt>
<trkpt lat="50.0621836" lon="21.7051541">
<ele>239.929</ele>
<time>2026-05-21T12:49:06.501Z</time>
</trkpt>
<trkpt lat="50.0622037" lon="21.7060489">
<ele>240.680</ele>
<time>2026-05-21T12:49:09.494Z</time>
</trkpt>
<trkpt lat="50.0622174" lon="21.7066370">
<ele>240.316</ele>
<time>2026-05-21T12:49:11.489Z</time>
</trkpt>
<trkpt lat="50.0622269" lon="21.7072220">
<ele>239.425</ele>
<time>2026-05-21T12:49:13.478Z</time>
</trkpt>
<trkpt lat="50.0622337" lon="21.7078120">
<ele>238.454</ele>
<time>2026-05-21T12:49:15.487Z</time>
</trkpt>
<trkpt lat="50.0622449" lon="21.7086879">
<ele>237.422</ele>
<time>2026-05-21T12:49:18.497Z</time>
</trkpt>
<trkpt lat="50.0622617" lon="21.7095519">
<ele>236.379</ele>
<time>2026-05-21T12:49:21.556Z</time>
</trkpt>
<trkpt lat="50.0622783" lon="21.7103675">
<ele>235.488</ele>
<time>2026-05-21T12:49:24.625Z</time>
</trkpt>
<trkpt lat="50.0622961" lon="21.7110997">
<ele>234.847</ele>
<time>2026-05-21T12:49:27.695Z</time>
</trkpt>
<trkpt lat="50.0623226" lon="21.7117283">
<ele>234.861</ele>
<time>2026-05-21T12:49:30.793Z</time>
</trkpt>
<trkpt lat="50.0623386" lon="21.7122551">
<ele>235.788</ele>
<time>2026-05-21T12:49:33.934Z</time>
</trkpt>
<trkpt lat="50.0623519" lon="21.7126843">
<ele>237.032</ele>
<time>2026-05-21T12:49:37.532Z</time>
</trkpt>
<trkpt lat="50.0623615" lon="21.7129052">
<ele>237.932</ele>
<time>2026-05-21T12:49:41.292Z</time>
</trkpt>
<trkpt lat="50.0623582" lon="21.7130477">
<ele>238.413</ele>
<time>2026-05-21T12:49:43.927Z</time>
</trkpt>
<trkpt lat="50.0623718" lon="21.7132808">
<ele>238.708</ele>
<time>2026-05-21T12:49:47.538Z</time>
</trkpt>
<trkpt lat="50.0623683" lon="21.7136371">
<ele>239.138</ele>
<time>2026-05-21T12:49:50.843Z</time>
</trkpt>
<trkpt lat="50.0623749" lon="21.7140843">
<ele>239.761</ele>
<time>2026-05-21T12:49:54.017Z</time>
</trkpt>
<trkpt lat="50.0623846" lon="21.7145727">
<ele>240.323</ele>
<time>2026-05-21T12:49:57.023Z</time>
</trkpt>
<trkpt lat="50.0623924" lon="21.7151062">
<ele>240.616</ele>
<time>2026-05-21T12:50:00.001Z</time>
</trkpt>
<trkpt lat="50.0624073" lon="21.7156871">
<ele>240.582</ele>
<time>2026-05-21T12:50:02.955Z</time>
</trkpt>
<trkpt lat="50.0624220" lon="21.7163303">
<ele>240.266</ele>
<time>2026-05-21T12:50:05.954Z</time>
</trkpt>
<trkpt lat="50.0624338" lon="21.7170313">
<ele>239.824</ele>
<time>2026-05-21T12:50:09.036Z</time>
</trkpt>
<trkpt lat="50.0624456" lon="21.7177368">
<ele>239.211</ele>
<time>2026-05-21T12:50:12.118Z</time>
</trkpt>
<trkpt lat="50.0624611" lon="21.7184134">
<ele>238.057</ele>
<time>2026-05-21T12:50:15.142Z</time>
</trkpt>
<trkpt lat="50.0624725" lon="21.7190936">
<ele>236.292</ele>
<time>2026-05-21T12:50:18.204Z</time>
</trkpt>
<trkpt lat="50.0624865" lon="21.7197751">
<ele>234.195</ele>
<time>2026-05-21T12:50:21.221Z</time>
</trkpt>
<trkpt lat="50.0625016" lon="21.7204794">
<ele>232.083</ele>
<time>2026-05-21T12:50:24.242Z</time>
</trkpt>
<trkpt lat="50.0625209" lon="21.7211934">
<ele>230.159</ele>
<time>2026-05-21T12:50:27.222Z</time>
</trkpt>
<trkpt lat="50.0625310" lon="21.7219159">
<ele>228.549</ele>
<time>2026-05-21T12:50:30.213Z</time>
</trkpt>
<trkpt lat="50.0625460" lon="21.7226262">
<ele>227.336</ele>
<time>2026-05-21T12:50:33.191Z</time>
</trkpt>
<trkpt lat="50.0625529" lon="21.7233154">
<ele>226.555</ele>
<time>2026-05-21T12:50:36.128Z</time>
</trkpt>
<trkpt lat="50.0625689" lon="21.7240134">
<ele>226.101</ele>
<time>2026-05-21T12:50:39.111Z</time>
</trkpt>
<trkpt lat="50.0625874" lon="21.7247218">
<ele>225.759</ele>
<time>2026-05-21T12:50:42.101Z</time>
</trkpt>
<trkpt lat="50.0626103" lon="21.7254446">
<ele>225.377</ele>
<time>2026-05-21T12:50:45.112Z</time>
</trkpt>
<trkpt lat="50.0626524" lon="21.7261713">
<ele>225.082</ele>
<time>2026-05-21T12:50:48.115Z</time>
</trkpt>
<trkpt lat="50.0627376" lon="21.7268955">
<ele>224.978</ele>
<time>2026-05-21T12:50:51.139Z</time>
</trkpt>
<trkpt lat="50.0628689" lon="21.7275888">
<ele>224.835</ele>
<time>2026-05-21T12:50:54.186Z</time>
</trkpt>
<trkpt lat="50.0630295" lon="21.7282114">
<ele>224.358</ele>
<time>2026-05-21T12:50:57.270Z</time>
</trkpt>
<trkpt lat="50.0631943" lon="21.7287168">
<ele>223.479</ele>
<time>2026-05-21T12:51:00.351Z</time>
</trkpt>
<trkpt lat="50.0633391" lon="21.7290865">
<ele>222.399</ele>
<time>2026-05-21T12:51:03.267Z</time>
</trkpt>
<trkpt lat="50.0634637" lon="21.7293942">
<ele>221.382</ele>
<time>2026-05-21T12:51:06.405Z</time>
</trkpt>
<trkpt lat="50.0635603" lon="21.7296080">
<ele>220.619</ele>
<time>2026-05-21T12:51:09.642Z</time>
</trkpt>
<trkpt lat="50.0636246" lon="21.7297268">
<ele>220.034</ele>
<time>2026-05-21T12:51:13.083Z</time>
</trkpt>
<trkpt lat="50.0636872" lon="21.7298399">
<ele>219.413</ele>
<time>2026-05-21T12:51:17.821Z</time>
</trkpt>
<trkpt lat="50.0637444" lon="21.7299580">
<ele>218.738</ele>
<time>2026-05-21T12:51:24.936Z</time>
</trkpt>
<trkpt lat="50.0638253" lon="21.7301027">
<ele>218.226</ele>
<time>2026-05-21T12:51:30.987Z</time>
</trkpt>
<trkpt lat="50.0639170" lon="21.7302889">
<ele>218.030</ele>
<time>2026-05-21T12:51:34.431Z</time>
</trkpt>
<trkpt lat="50.0640340" lon="21.7305288">
<ele>218.107</ele>
<time>2026-05-21T12:51:37.759Z</time>
</trkpt>
<trkpt lat="50.0641625" lon="21.7307664">
<ele>218.092</ele>
<time>2026-05-21T12:51:40.720Z</time>
</trkpt>
<trkpt lat="50.0643024" lon="21.7310744">
<ele>217.672</ele>
<time>2026-05-21T12:51:43.736Z</time>
</trkpt>
<trkpt lat="50.0645120" lon="21.7314816">
<ele>217.065</ele>
<time>2026-05-21T12:51:46.992Z</time>
</trkpt>
<trkpt lat="50.0647506" lon="21.7319393">
<ele>216.703</ele>
<time>2026-05-21T12:51:50.136Z</time>
</trkpt>
<trkpt lat="50.0649941" lon="21.7324024">
<ele>216.683</ele>
<time>2026-05-21T12:51:53.121Z</time>
</trkpt>
<trkpt lat="50.0652541" lon="21.7329033">
<ele>216.829</ele>
<time>2026-05-21T12:51:56.124Z</time>
</trkpt>
<trkpt lat="50.0655466" lon="21.7334324">
<ele>217.155</ele>
<time>2026-05-21T12:51:59.161Z</time>
</trkpt>
<trkpt lat="50.0658401" lon="21.7339940">
<ele>218.010</ele>
<time>2026-05-21T12:52:02.186Z</time>
</trkpt>
<trkpt lat="50.0661268" lon="21.7345849">
<ele>219.705</ele>
<time>2026-05-21T12:52:05.200Z</time>
</trkpt>
<trkpt lat="50.0664344" lon="21.7351725">
<ele>221.865</ele>
<time>2026-05-21T12:52:08.193Z</time>
</trkpt>
<trkpt lat="50.0667562" lon="21.7357843">
<ele>223.767</ele>
<time>2026-05-21T12:52:11.212Z</time>
</trkpt>
<trkpt lat="50.0670698" lon="21.7364252">
<ele>225.707</ele>
<time>2026-05-21T12:52:14.192Z</time>
</trkpt>
<trkpt lat="50.0674119" lon="21.7370961">
<ele>228.035</ele>
<time>2026-05-21T12:52:17.267Z</time>
</trkpt>
<trkpt lat="50.0677526" lon="21.7377677">
<ele>229.688</ele>
<time>2026-05-21T12:52:20.302Z</time>
</trkpt>
<trkpt lat="50.0680897" lon="21.7384182">
<ele>229.640</ele>
<time>2026-05-21T12:52:23.313Z</time>
</trkpt>
<trkpt lat="50.0684208" lon="21.7390289">
<ele>228.420</ele>
<time>2026-05-21T12:52:26.323Z</time>
</trkpt>
<trkpt lat="50.0687263" lon="21.7395787">
<ele>227.150</ele>
<time>2026-05-21T12:52:29.284Z</time>
</trkpt>
<trkpt lat="50.0689981" lon="21.7400698">
<ele>226.111</ele>
<time>2026-05-21T12:52:32.243Z</time>
</trkpt>
<trkpt lat="50.0692218" lon="21.7404789">
<ele>225.059</ele>
<time>2026-05-21T12:52:35.044Z</time>
</trkpt>
<trkpt lat="50.0694206" lon="21.7408632">
<ele>224.221</ele>
<time>2026-05-21T12:52:38.024Z</time>
</trkpt>
<trkpt lat="50.0695294" lon="21.7412089">
<ele>223.816</ele>
<time>2026-05-21T12:52:40.818Z</time>
</trkpt>
<trkpt lat="50.0695451" lon="21.7415123">
<ele>223.666</ele>
<time>2026-05-21T12:52:43.521Z</time>
</trkpt>
<trkpt lat="50.0696890" lon="21.7416850">
<ele>223.601</ele>
<time>2026-05-21T12:52:46.335Z</time>
</trkpt>
<trkpt lat="50.0698122" lon="21.7420436">
<ele>223.774</ele>
<time>2026-05-21T12:52:49.624Z</time>
</trkpt>
<trkpt lat="50.0699207" lon="21.7425584">
<ele>224.452</ele>
<time>2026-05-21T12:52:52.818Z</time>
</trkpt>
<trkpt lat="50.0699777" lon="21.7431940">
<ele>225.638</ele>
<time>2026-05-21T12:52:55.945Z</time>
</trkpt>
<trkpt lat="50.0700061" lon="21.7439024">
<ele>227.087</ele>
<time>2026-05-21T12:52:59.059Z</time>
</trkpt>
<trkpt lat="50.0700282" lon="21.7446534">
<ele>228.830</ele>
<time>2026-05-21T12:53:02.137Z</time>
</trkpt>
<trkpt lat="50.0700430" lon="21.7454522">
<ele>231.099</ele>
<time>2026-05-21T12:53:05.224Z</time>
</trkpt>
<trkpt lat="50.0700618" lon="21.7462853">
<ele>233.722</ele>
<time>2026-05-21T12:53:08.304Z</time>
</trkpt>
<trkpt lat="50.0700811" lon="21.7471514">
<ele>236.210</ele>
<time>2026-05-21T12:53:11.411Z</time>
</trkpt>
<trkpt lat="50.0701033" lon="21.7480262">
<ele>238.272</ele>
<time>2026-05-21T12:53:14.508Z</time>
</trkpt>
<trkpt lat="50.0701306" lon="21.7488944">
<ele>239.736</ele>
<time>2026-05-21T12:53:17.586Z</time>
</trkpt>
<trkpt lat="50.0701465" lon="21.7497570">
<ele>240.514</ele>
<time>2026-05-21T12:53:20.666Z</time>
</trkpt>
<trkpt lat="50.0701676" lon="21.7505879">
<ele>240.472</ele>
<time>2026-05-21T12:53:23.670Z</time>
</trkpt>
<trkpt lat="50.0701765" lon="21.7511348">
<ele>239.724</ele>
<time>2026-05-21T12:53:25.671Z</time>
</trkpt>
<trkpt lat="50.0701903" lon="21.7519479">
<ele>238.711</ele>
<time>2026-05-21T12:53:28.653Z</time>
</trkpt>
<trkpt lat="50.0702081" lon="21.7527688">
<ele>237.768</ele>
<time>2026-05-21T12:53:31.674Z</time>
</trkpt>
<trkpt lat="50.0702204" lon="21.7533048">
<ele>237.126</ele>
<time>2026-05-21T12:53:33.683Z</time>
</trkpt>
<trkpt lat="50.0702421" lon="21.7540906">
<ele>237.118</ele>
<time>2026-05-21T12:53:36.723Z</time>
</trkpt>
<trkpt lat="50.0702626" lon="21.7548159">
<ele>237.895</ele>
<time>2026-05-21T12:53:39.654Z</time>
</trkpt>
<trkpt lat="50.0702747" lon="21.7555414">
<ele>239.277</ele>
<time>2026-05-21T12:53:42.622Z</time>
</trkpt>
<trkpt lat="50.0702962" lon="21.7562820">
<ele>240.683</ele>
<time>2026-05-21T12:53:45.660Z</time>
</trkpt>
<trkpt lat="50.0703202" lon="21.7569986">
<ele>241.939</ele>
<time>2026-05-21T12:53:48.667Z</time>
</trkpt>
<trkpt lat="50.0703377" lon="21.7576834">
<ele>243.206</ele>
<time>2026-05-21T12:53:51.571Z</time>
</trkpt>
<trkpt lat="50.0703602" lon="21.7584159">
<ele>244.180</ele>
<time>2026-05-21T12:53:54.562Z</time>
</trkpt>
<trkpt lat="50.0703697" lon="21.7592159">
<ele>244.502</ele>
<time>2026-05-21T12:53:57.613Z</time>
</trkpt>
<trkpt lat="50.0703922" lon="21.7600547">
<ele>244.448</ele>
<time>2026-05-21T12:54:00.657Z</time>
</trkpt>
<trkpt lat="50.0704147" lon="21.7609035">
<ele>244.443</ele>
<time>2026-05-21T12:54:03.719Z</time>
</trkpt>
<trkpt lat="50.0704355" lon="21.7617035">
<ele>244.605</ele>
<time>2026-05-21T12:54:06.679Z</time>
</trkpt>
<trkpt lat="50.0704507" lon="21.7624979">
<ele>244.652</ele>
<time>2026-05-21T12:54:09.679Z</time>
</trkpt>
<trkpt lat="50.0704711" lon="21.7632816">
<ele>244.353</ele>
<time>2026-05-21T12:54:12.660Z</time>
</trkpt>
<trkpt lat="50.0704888" lon="21.7640743">
<ele>243.570</ele>
<time>2026-05-21T12:54:15.664Z</time>
</trkpt>
<trkpt lat="50.0705037" lon="21.7648774">
<ele>242.444</ele>
<time>2026-05-21T12:54:18.690Z</time>
</trkpt>
<trkpt lat="50.0705250" lon="21.7656658">
<ele>241.160</ele>
<time>2026-05-21T12:54:21.654Z</time>
</trkpt>
<trkpt lat="50.0705398" lon="21.7664684">
<ele>239.709</ele>
<time>2026-05-21T12:54:24.663Z</time>
</trkpt>
<trkpt lat="50.0705625" lon="21.7672635">
<ele>238.418</ele>
<time>2026-05-21T12:54:27.612Z</time>
</trkpt>
<trkpt lat="50.0705728" lon="21.7680908">
<ele>237.708</ele>
<time>2026-05-21T12:54:30.608Z</time>
</trkpt>
<trkpt lat="50.0705958" lon="21.7689289">
<ele>237.175</ele>
<time>2026-05-21T12:54:33.593Z</time>
</trkpt>
<trkpt lat="50.0706136" lon="21.7697780">
<ele>236.353</ele>
<time>2026-05-21T12:54:36.604Z</time>
</trkpt>
<trkpt lat="50.0706322" lon="21.7706194">
<ele>235.442</ele>
<time>2026-05-21T12:54:39.630Z</time>
</trkpt>
<trkpt lat="50.0706536" lon="21.7714181">
<ele>234.767</ele>
<time>2026-05-21T12:54:42.595Z</time>
</trkpt>
<trkpt lat="50.0706701" lon="21.7721936">
<ele>234.330</ele>
<time>2026-05-21T12:54:45.558Z</time>
</trkpt>
<trkpt lat="50.0706931" lon="21.7729664">
<ele>234.075</ele>
<time>2026-05-21T12:54:48.544Z</time>
</trkpt>
<trkpt lat="50.0707116" lon="21.7737464">
<ele>233.891</ele>
<time>2026-05-21T12:54:51.547Z</time>
</trkpt>
<trkpt lat="50.0707333" lon="21.7745282">
<ele>233.416</ele>
<time>2026-05-21T12:54:54.540Z</time>
</trkpt>
<trkpt lat="50.0707521" lon="21.7753155">
<ele>232.482</ele>
<time>2026-05-21T12:54:57.536Z</time>
</trkpt>
<trkpt lat="50.0707740" lon="21.7761084">
<ele>231.534</ele>
<time>2026-05-21T12:55:00.554Z</time>
</trkpt>
<trkpt lat="50.0707894" lon="21.7768864">
<ele>231.038</ele>
<time>2026-05-21T12:55:03.552Z</time>
</trkpt>
<trkpt lat="50.0708101" lon="21.7776490">
<ele>230.996</ele>
<time>2026-05-21T12:55:06.540Z</time>
</trkpt>
<trkpt lat="50.0708288" lon="21.7784088">
<ele>231.187</ele>
<time>2026-05-21T12:55:09.551Z</time>
</trkpt>
<trkpt lat="50.0708550" lon="21.7791558">
<ele>231.495</ele>
<time>2026-05-21T12:55:12.514Z</time>
</trkpt>
<trkpt lat="50.0708716" lon="21.7799290">
<ele>231.681</ele>
<time>2026-05-21T12:55:15.534Z</time>
</trkpt>
<trkpt lat="50.0708908" lon="21.7807128">
<ele>231.418</ele>
<time>2026-05-21T12:55:18.519Z</time>
</trkpt>
<trkpt lat="50.0709169" lon="21.7815245">
<ele>230.780</ele>
<time>2026-05-21T12:55:21.552Z</time>
</trkpt>
<trkpt lat="50.0709394" lon="21.7823260">
<ele>230.031</ele>
<time>2026-05-21T12:55:24.528Z</time>
</trkpt>
<trkpt lat="50.0709571" lon="21.7831348">
<ele>229.316</ele>
<time>2026-05-21T12:55:27.523Z</time>
</trkpt>
<trkpt lat="50.0709570" lon="21.7836779">
<ele>228.851</ele>
<time>2026-05-21T12:55:29.519Z</time>
</trkpt>
<trkpt lat="50.0709779" lon="21.7844984">
<ele>228.578</ele>
<time>2026-05-21T12:55:32.538Z</time>
</trkpt>
<trkpt lat="50.0710086" lon="21.7853065">
<ele>228.272</ele>
<time>2026-05-21T12:55:35.533Z</time>
</trkpt>
<trkpt lat="50.0710181" lon="21.7858436">
<ele>228.302</ele>
<time>2026-05-21T12:55:37.549Z</time>
</trkpt>
<trkpt lat="50.0710383" lon="21.7866294">
<ele>228.988</ele>
<time>2026-05-21T12:55:40.540Z</time>
</trkpt>
<trkpt lat="50.0710399" lon="21.7871390">
<ele>229.773</ele>
<time>2026-05-21T12:55:42.550Z</time>
</trkpt>
<trkpt lat="50.0710541" lon="21.7878903">
<ele>229.887</ele>
<time>2026-05-21T12:55:45.559Z</time>
</trkpt>
<trkpt lat="50.0710795" lon="21.7886284">
<ele>229.305</ele>
<time>2026-05-21T12:55:48.526Z</time>
</trkpt>
<trkpt lat="50.0710921" lon="21.7893875">
<ele>228.797</ele>
<time>2026-05-21T12:55:51.521Z</time>
</trkpt>
<trkpt lat="50.0711123" lon="21.7901871">
<ele>228.925</ele>
<time>2026-05-21T12:55:54.581Z</time>
</trkpt>
<trkpt lat="50.0711362" lon="21.7910073">
<ele>229.250</ele>
<time>2026-05-21T12:55:57.594Z</time>
</trkpt>
<trkpt lat="50.0711542" lon="21.7918673">
<ele>229.264</ele>
<time>2026-05-21T12:56:00.642Z</time>
</trkpt>
<trkpt lat="50.0711844" lon="21.7927247">
<ele>229.073</ele>
<time>2026-05-21T12:56:03.667Z</time>
</trkpt>
<trkpt lat="50.0712045" lon="21.7935406">
<ele>228.924</ele>
<time>2026-05-21T12:56:06.541Z</time>
</trkpt>
<trkpt lat="50.0712205" lon="21.7943934">
<ele>228.824</ele>
<time>2026-05-21T12:56:09.469Z</time>
</trkpt>
<trkpt lat="50.0712457" lon="21.7952859">
<ele>228.605</ele>
<time>2026-05-21T12:56:12.435Z</time>
</trkpt>
<trkpt lat="50.0712662" lon="21.7961996">
<ele>228.170</ele>
<time>2026-05-21T12:56:15.449Z</time>
</trkpt>
<trkpt lat="50.0712869" lon="21.7970882">
<ele>227.687</ele>
<time>2026-05-21T12:56:18.426Z</time>
</trkpt>
<trkpt lat="50.0713039" lon="21.7979664">
<ele>227.387</ele>
<time>2026-05-21T12:56:21.383Z</time>
</trkpt>
<trkpt lat="50.0713221" lon="21.7988753">
<ele>227.293</ele>
<time>2026-05-21T12:56:24.387Z</time>
</trkpt>
<trkpt lat="50.0713429" lon="21.7998152">
<ele>227.304</ele>
<time>2026-05-21T12:56:27.405Z</time>
</trkpt>
<trkpt lat="50.0713711" lon="21.8007832">
<ele>227.372</ele>
<time>2026-05-21T12:56:30.442Z</time>
</trkpt>
<trkpt lat="50.0714002" lon="21.8017599">
<ele>227.480</ele>
<time>2026-05-21T12:56:33.478Z</time>
</trkpt>
<trkpt lat="50.0714231" lon="21.8027171">
<ele>227.574</ele>
<time>2026-05-21T12:56:36.480Z</time>
</trkpt>
<trkpt lat="50.0714460" lon="21.8036512">
<ele>227.652</ele>
<time>2026-05-21T12:56:39.472Z</time>
</trkpt>
<trkpt lat="50.0714633" lon="21.8045630">
<ele>228.039</ele>
<time>2026-05-21T12:56:42.444Z</time>
</trkpt>
<trkpt lat="50.0714731" lon="21.8054725">
<ele>229.129</ele>
<time>2026-05-21T12:56:45.430Z</time>
</trkpt>
<trkpt lat="50.0714913" lon="21.8063802">
<ele>230.640</ele>
<time>2026-05-21T12:56:48.413Z</time>
</trkpt>
<trkpt lat="50.0715121" lon="21.8072851">
<ele>231.869</ele>
<time>2026-05-21T12:56:51.384Z</time>
</trkpt>
<trkpt lat="50.0715372" lon="21.8081895">
<ele>232.605</ele>
<time>2026-05-21T12:56:54.374Z</time>
</trkpt>
<trkpt lat="50.0715578" lon="21.8090758">
<ele>232.980</ele>
<time>2026-05-21T12:56:57.357Z</time>
</trkpt>
<trkpt lat="50.0715682" lon="21.8099388">
<ele>233.098</ele>
<time>2026-05-21T12:57:00.317Z</time>
</trkpt>
<trkpt lat="50.0715865" lon="21.8108001">
<ele>233.163</ele>
<time>2026-05-21T12:57:03.298Z</time>
</trkpt>
<trkpt lat="50.0716074" lon="21.8116694">
<ele>233.433</ele>
<time>2026-05-21T12:57:06.323Z</time>
</trkpt>
<trkpt lat="50.0716317" lon="21.8125312">
<ele>233.903</ele>
<time>2026-05-21T12:57:09.357Z</time>
</trkpt>
<trkpt lat="50.0716478" lon="21.8133800">
<ele>234.298</ele>
<time>2026-05-21T12:57:12.363Z</time>
</trkpt>
<trkpt lat="50.0716724" lon="21.8142334">
<ele>234.422</ele>
<time>2026-05-21T12:57:15.365Z</time>
</trkpt>
<trkpt lat="50.0716909" lon="21.8150994">
<ele>234.271</ele>
<time>2026-05-21T12:57:18.372Z</time>
</trkpt>
<trkpt lat="50.0717152" lon="21.8159715">
<ele>233.862</ele>
<time>2026-05-21T12:57:21.385Z</time>
</trkpt>
<trkpt lat="50.0717368" lon="21.8168353">
<ele>233.347</ele>
<time>2026-05-21T12:57:24.399Z</time>
</trkpt>
<trkpt lat="50.0717548" lon="21.8176650">
<ele>232.982</ele>
<time>2026-05-21T12:57:27.362Z</time>
</trkpt>
<trkpt lat="50.0717729" lon="21.8184788">
<ele>232.871</ele>
<time>2026-05-21T12:57:30.315Z</time>
</trkpt>
<trkpt lat="50.0717878" lon="21.8193039">
<ele>232.921</ele>
<time>2026-05-21T12:57:33.303Z</time>
</trkpt>
<trkpt lat="50.0717975" lon="21.8198580">
<ele>232.955</ele>
<time>2026-05-21T12:57:35.282Z</time>
</trkpt>
<trkpt lat="50.0718133" lon="21.8204216">
<ele>232.871</ele>
<time>2026-05-21T12:57:37.256Z</time>
</trkpt>
<trkpt lat="50.0718349" lon="21.8212895">
<ele>232.741</ele>
<time>2026-05-21T12:57:40.234Z</time>
</trkpt>
<trkpt lat="50.0718565" lon="21.8221952">
<ele>232.636</ele>
<time>2026-05-21T12:57:43.262Z</time>
</trkpt>
<trkpt lat="50.0718724" lon="21.8228036">
<ele>232.436</ele>
<time>2026-05-21T12:57:45.268Z</time>
</trkpt>
<trkpt lat="50.0718872" lon="21.8237098">
<ele>232.086</ele>
<time>2026-05-21T12:57:48.253Z</time>
</trkpt>
<trkpt lat="50.0719065" lon="21.8246180">
<ele>231.784</ele>
<time>2026-05-21T12:57:51.255Z</time>
</trkpt>
<trkpt lat="50.0719280" lon="21.8255196">
<ele>231.878</ele>
<time>2026-05-21T12:57:54.254Z</time>
</trkpt>
<trkpt lat="50.0719439" lon="21.8264183">
<ele>232.626</ele>
<time>2026-05-21T12:57:57.250Z</time>
</trkpt>
<trkpt lat="50.0719726" lon="21.8273336">
<ele>234.030</ele>
<time>2026-05-21T12:58:00.328Z</time>
</trkpt>
<trkpt lat="50.0719866" lon="21.8282067">
<ele>235.676</ele>
<time>2026-05-21T12:58:03.363Z</time>
</trkpt>
<trkpt lat="50.0720059" lon="21.8290287">
<ele>236.951</ele>
<time>2026-05-21T12:58:06.343Z</time>
</trkpt>
<trkpt lat="50.0720259" lon="21.8298336">
<ele>237.701</ele>
<time>2026-05-21T12:58:09.339Z</time>
</trkpt>
<trkpt lat="50.0720444" lon="21.8306348">
<ele>238.214</ele>
<time>2026-05-21T12:58:12.356Z</time>
</trkpt>
<trkpt lat="50.0720664" lon="21.8314312">
<ele>238.631</ele>
<time>2026-05-21T12:58:15.377Z</time>
</trkpt>
<trkpt lat="50.0720724" lon="21.8322203">
<ele>239.140</ele>
<time>2026-05-21T12:58:18.411Z</time>
</trkpt>
<trkpt lat="50.0720442" lon="21.8329878">
<ele>239.867</ele>
<time>2026-05-21T12:58:21.460Z</time>
</trkpt>
<trkpt lat="50.0719773" lon="21.8336854">
<ele>240.508</ele>
<time>2026-05-21T12:58:24.400Z</time>
</trkpt>
<trkpt lat="50.0718961" lon="21.8343373">
<ele>240.613</ele>
<time>2026-05-21T12:58:27.298Z</time>
</trkpt>
<trkpt lat="50.0718298" lon="21.8349937">
<ele>240.027</ele>
<time>2026-05-21T12:58:30.293Z</time>
</trkpt>
<trkpt lat="50.0717724" lon="21.8356277">
<ele>239.035</ele>
<time>2026-05-21T12:58:33.281Z</time>
</trkpt>
<trkpt lat="50.0717168" lon="21.8362350">
<ele>238.115</ele>
<time>2026-05-21T12:58:36.271Z</time>
</trkpt>
<trkpt lat="50.0716594" lon="21.8368152">
<ele>237.336</ele>
<time>2026-05-21T12:58:39.246Z</time>
</trkpt>
<trkpt lat="50.0716125" lon="21.8373698">
<ele>236.444</ele>
<time>2026-05-21T12:58:42.214Z</time>
</trkpt>
<trkpt lat="50.0715621" lon="21.8378864">
<ele>235.433</ele>
<time>2026-05-21T12:58:45.232Z</time>
</trkpt>
<trkpt lat="50.0715246" lon="21.8383363">
<ele>234.591</ele>
<time>2026-05-21T12:58:48.115Z</time>
</trkpt>
<trkpt lat="50.0714986" lon="21.8387739">
<ele>234.090</ele>
<time>2026-05-21T12:58:50.943Z</time>
</trkpt>
<trkpt lat="50.0714311" lon="21.8393023">
<ele>234.075</ele>
<time>2026-05-21T12:58:54.054Z</time>
</trkpt>
<trkpt lat="50.0713564" lon="21.8399164">
<ele>234.656</ele>
<time>2026-05-21T12:58:57.175Z</time>
</trkpt>
<trkpt lat="50.0712868" lon="21.8406034">
<ele>235.772</ele>
<time>2026-05-21T12:59:00.386Z</time>
</trkpt>
<trkpt lat="50.0712381" lon="21.8412458">
<ele>237.286</ele>
<time>2026-05-21T12:59:03.456Z</time>
</trkpt>
<trkpt lat="50.0712113" lon="21.8418228">
<ele>238.812</ele>
<time>2026-05-21T12:59:06.230Z</time>
</trkpt>
<trkpt lat="50.0712005" lon="21.8424902">
<ele>239.735</ele>
<time>2026-05-21T12:59:09.167Z</time>
</trkpt>
<trkpt lat="50.0712173" lon="21.8432597">
<ele>239.913</ele>
<time>2026-05-21T12:59:12.152Z</time>
</trkpt>
<trkpt lat="50.0712308" lon="21.8441307">
<ele>239.732</ele>
<time>2026-05-21T12:59:15.202Z</time>
</trkpt>
<trkpt lat="50.0712376" lon="21.8450553">
<ele>239.311</ele>
<time>2026-05-21T12:59:18.237Z</time>
</trkpt>
<trkpt lat="50.0712513" lon="21.8460105">
<ele>238.357</ele>
<time>2026-05-21T12:59:21.277Z</time>
</trkpt>
<trkpt lat="50.0712643" lon="21.8469588">
<ele>236.641</ele>
<time>2026-05-21T12:59:24.291Z</time>
</trkpt>
<trkpt lat="50.0712688" lon="21.8478858">
<ele>234.612</ele>
<time>2026-05-21T12:59:27.281Z</time>
</trkpt>
<trkpt lat="50.0712750" lon="21.8488181">
<ele>232.955</ele>
<time>2026-05-21T12:59:30.314Z</time>
</trkpt>
<trkpt lat="50.0712812" lon="21.8497395">
<ele>231.705</ele>
<time>2026-05-21T12:59:33.314Z</time>
</trkpt>
<trkpt lat="50.0712867" lon="21.8506617">
<ele>230.683</ele>
<time>2026-05-21T12:59:36.313Z</time>
</trkpt>
<trkpt lat="50.0712957" lon="21.8515881">
<ele>230.165</ele>
<time>2026-05-21T12:59:39.333Z</time>
</trkpt>
<trkpt lat="50.0713018" lon="21.8521983">
<ele>230.378</ele>
<time>2026-05-21T12:59:41.339Z</time>
</trkpt>
<trkpt lat="50.0713040" lon="21.8528072">
<ele>231.288</ele>
<time>2026-05-21T12:59:43.345Z</time>
</trkpt>
<trkpt lat="50.0713091" lon="21.8537179">
<ele>232.690</ele>
<time>2026-05-21T12:59:46.332Z</time>
</trkpt>
<trkpt lat="50.0713188" lon="21.8546511">
<ele>234.118</ele>
<time>2026-05-21T12:59:49.341Z</time>
</trkpt>
<trkpt lat="50.0713264" lon="21.8552933">
<ele>235.052</ele>
<time>2026-05-21T12:59:51.359Z</time>
</trkpt>
<trkpt lat="50.0713322" lon="21.8559439">
<ele>235.287</ele>
<time>2026-05-21T12:59:53.378Z</time>
</trkpt>
<trkpt lat="50.0713400" lon="21.8569175">
<ele>234.902</ele>
<time>2026-05-21T12:59:56.382Z</time>
</trkpt>
<trkpt lat="50.0713536" lon="21.8578962">
<ele>234.219</ele>
<time>2026-05-21T12:59:59.370Z</time>
</trkpt>
<trkpt lat="50.0713645" lon="21.8589035">
<ele>233.477</ele>
<time>2026-05-21T13:00:02.411Z</time>
</trkpt>
<trkpt lat="50.0713736" lon="21.8598988">
<ele>232.583</ele>
<time>2026-05-21T13:00:05.422Z</time>
</trkpt>
<trkpt lat="50.0713813" lon="21.8608731">
<ele>231.653</ele>
<time>2026-05-21T13:00:08.398Z</time>
</trkpt>
<trkpt lat="50.0713934" lon="21.8618441">
<ele>231.539</ele>
<time>2026-05-21T13:00:11.370Z</time>
</trkpt>
<trkpt lat="50.0714035" lon="21.8628242">
<ele>232.742</ele>
<time>2026-05-21T13:00:14.339Z</time>
</trkpt>
<trkpt lat="50.0714139" lon="21.8638423">
<ele>234.433</ele>
<time>2026-05-21T13:00:17.393Z</time>
</trkpt>
<trkpt lat="50.0714228" lon="21.8648222">
<ele>235.094</ele>
<time>2026-05-21T13:00:20.359Z</time>
</trkpt>
<trkpt lat="50.0714365" lon="21.8657889">
<ele>234.327</ele>
<time>2026-05-21T13:00:23.332Z</time>
</trkpt>
<trkpt lat="50.0714518" lon="21.8667592">
<ele>233.317</ele>
<time>2026-05-21T13:00:26.366Z</time>
</trkpt>
<trkpt lat="50.0714541" lon="21.8676898">
<ele>233.222</ele>
<time>2026-05-21T13:00:29.472Z</time>
</trkpt>
<trkpt lat="50.0714718" lon="21.8684657">
<ele>233.922</ele>
<time>2026-05-21T13:00:32.409Z</time>
</trkpt>
<trkpt lat="50.0714722" lon="21.8691711">
<ele>234.670</ele>
<time>2026-05-21T13:00:35.286Z</time>
</trkpt>
<trkpt lat="50.0714810" lon="21.8699190">
<ele>234.576</ele>
<time>2026-05-21T13:00:38.257Z</time>
</trkpt>
<trkpt lat="50.0714870" lon="21.8707367">
<ele>233.382</ele>
<time>2026-05-21T13:00:41.271Z</time>
</trkpt>
<trkpt lat="50.0714973" lon="21.8716074">
<ele>231.623</ele>
<time>2026-05-21T13:00:44.280Z</time>
</trkpt>
<trkpt lat="50.0715107" lon="21.8725113">
<ele>229.987</ele>
<time>2026-05-21T13:00:47.293Z</time>
</trkpt>
<trkpt lat="50.0715167" lon="21.8734176">
<ele>229.030</ele>
<time>2026-05-21T13:00:50.300Z</time>
</trkpt>
<trkpt lat="50.0715205" lon="21.8743012">
<ele>229.098</ele>
<time>2026-05-21T13:00:53.284Z</time>
</trkpt>
<trkpt lat="50.0715269" lon="21.8751627">
<ele>230.362</ele>
<time>2026-05-21T13:00:56.264Z</time>
</trkpt>
<trkpt lat="50.0715448" lon="21.8760136">
<ele>232.642</ele>
<time>2026-05-21T13:00:59.248Z</time>
</trkpt>
<trkpt lat="50.0715520" lon="21.8768545">
<ele>235.305</ele>
<time>2026-05-21T13:01:02.188Z</time>
</trkpt>
<trkpt lat="50.0715561" lon="21.8777167">
<ele>237.845</ele>
<time>2026-05-21T13:01:05.171Z</time>
</trkpt>
<trkpt lat="50.0715594" lon="21.8785887">
<ele>239.872</ele>
<time>2026-05-21T13:01:08.166Z</time>
</trkpt>
<trkpt lat="50.0715692" lon="21.8794667">
<ele>241.003</ele>
<time>2026-05-21T13:01:11.159Z</time>
</trkpt>
<trkpt lat="50.0715777" lon="21.8803680">
<ele>241.324</ele>
<time>2026-05-21T13:01:14.152Z</time>
</trkpt>
<trkpt lat="50.0715828" lon="21.8813281">
<ele>241.212</ele>
<time>2026-05-21T13:01:17.195Z</time>
</trkpt>
<trkpt lat="50.0715971" lon="21.8823205">
<ele>240.884</ele>
<time>2026-05-21T13:01:20.204Z</time>
</trkpt>
<trkpt lat="50.0716005" lon="21.8833429">
<ele>240.376</ele>
<time>2026-05-21T13:01:23.235Z</time>
</trkpt>
<trkpt lat="50.0716093" lon="21.8843451">
<ele>239.677</ele>
<time>2026-05-21T13:01:26.203Z</time>
</trkpt>
<trkpt lat="50.0716316" lon="21.8853617">
<ele>238.906</ele>
<time>2026-05-21T13:01:29.210Z</time>
</trkpt>
<trkpt lat="50.0716487" lon="21.8863919">
<ele>238.327</ele>
<time>2026-05-21T13:01:32.208Z</time>
</trkpt>
<trkpt lat="50.0716590" lon="21.8874560">
<ele>237.815</ele>
<time>2026-05-21T13:01:35.256Z</time>
</trkpt>
<trkpt lat="50.0716654" lon="21.8885069">
<ele>236.630</ele>
<time>2026-05-21T13:01:38.273Z</time>
</trkpt>
<trkpt lat="50.0716670" lon="21.8895423">
<ele>234.749</ele>
<time>2026-05-21T13:01:41.289Z</time>
</trkpt>
<trkpt lat="50.0716527" lon="21.8905603">
<ele>233.376</ele>
<time>2026-05-21T13:01:44.294Z</time>
</trkpt>
<trkpt lat="50.0716510" lon="21.8915707">
<ele>233.240</ele>
<time>2026-05-21T13:01:47.332Z</time>
</trkpt>
<trkpt lat="50.0716551" lon="21.8922114">
<ele>233.773</ele>
<time>2026-05-21T13:01:49.356Z</time>
</trkpt>
<trkpt lat="50.0716614" lon="21.8931126">
<ele>234.179</ele>
<time>2026-05-21T13:01:52.332Z</time>
</trkpt>
<trkpt lat="50.0716637" lon="21.8936578">
<ele>234.117</ele>
<time>2026-05-21T13:01:54.294Z</time>
</trkpt>
<trkpt lat="50.0716724" lon="21.8944203">
<ele>233.576</ele>
<time>2026-05-21T13:01:57.167Z</time>
</trkpt>
<trkpt lat="50.0716808" lon="21.8951850">
<ele>232.681</ele>
<time>2026-05-21T13:02:00.181Z</time>
</trkpt>
<trkpt lat="50.0716842" lon="21.8959182">
<ele>231.176</ele>
<time>2026-05-21T13:02:03.184Z</time>
</trkpt>
<trkpt lat="50.0716865" lon="21.8966078">
<ele>228.886</ele>
<time>2026-05-21T13:02:06.141Z</time>
</trkpt>
<trkpt lat="50.0716788" lon="21.8972740">
<ele>226.588</ele>
<time>2026-05-21T13:02:09.102Z</time>
</trkpt>
<trkpt lat="50.0716720" lon="21.8979260">
<ele>224.949</ele>
<time>2026-05-21T13:02:12.052Z</time>
</trkpt>
<trkpt lat="50.0716486" lon="21.8985837">
<ele>223.812</ele>
<time>2026-05-21T13:02:15.040Z</time>
</trkpt>
<trkpt lat="50.0715887" lon="21.8992467">
<ele>223.149</ele>
<time>2026-05-21T13:02:18.051Z</time>
</trkpt>
<trkpt lat="50.0715382" lon="21.8999229">
<ele>222.981</ele>
<time>2026-05-21T13:02:21.085Z</time>
</trkpt>
<trkpt lat="50.0714984" lon="21.9005947">
<ele>223.224</ele>
<time>2026-05-21T13:02:24.096Z</time>
</trkpt>
<trkpt lat="50.0714649" lon="21.9012456">
<ele>224.075</ele>
<time>2026-05-21T13:02:27.047Z</time>
</trkpt>
<trkpt lat="50.0714353" lon="21.9018879">
<ele>225.572</ele>
<time>2026-05-21T13:02:29.986Z</time>
</trkpt>
<trkpt lat="50.0714061" lon="21.9025216">
<ele>227.478</ele>
<time>2026-05-21T13:02:32.914Z</time>
</trkpt>
<trkpt lat="50.0713775" lon="21.9031382">
<ele>229.621</ele>
<time>2026-05-21T13:02:35.813Z</time>
</trkpt>
<trkpt lat="50.0713417" lon="21.9037651">
<ele>231.967</ele>
<time>2026-05-21T13:02:38.806Z</time>
</trkpt>
<trkpt lat="50.0712748" lon="21.9043996">
<ele>234.334</ele>
<time>2026-05-21T13:02:41.844Z</time>
</trkpt>
<trkpt lat="50.0711670" lon="21.9050370">
<ele>236.207</ele>
<time>2026-05-21T13:02:44.878Z</time>
</trkpt>
<trkpt lat="50.0710186" lon="21.9056974">
<ele>237.098</ele>
<time>2026-05-21T13:02:47.929Z</time>
</trkpt>
<trkpt lat="50.0708300" lon="21.9063783">
<ele>237.134</ele>
<time>2026-05-21T13:02:50.979Z</time>
</trkpt>
<trkpt lat="50.0706566" lon="21.9070852">
<ele>236.849</ele>
<time>2026-05-21T13:02:53.977Z</time>
</trkpt>
<trkpt lat="50.0704792" lon="21.9078104">
<ele>236.768</ele>
<time>2026-05-21T13:02:56.967Z</time>
</trkpt>
<trkpt lat="50.0702872" lon="21.9085525">
<ele>237.294</ele>
<time>2026-05-21T13:02:59.961Z</time>
</trkpt>
<trkpt lat="50.0700912" lon="21.9093124">
<ele>238.426</ele>
<time>2026-05-21T13:03:02.945Z</time>
</trkpt>
<trkpt lat="50.0699082" lon="21.9100992">
<ele>239.788</ele>
<time>2026-05-21T13:03:05.923Z</time>
</trkpt>
<trkpt lat="50.0697016" lon="21.9109147">
<ele>241.143</ele>
<time>2026-05-21T13:03:08.962Z</time>
</trkpt>
<trkpt lat="50.0694982" lon="21.9117511">
<ele>242.334</ele>
<time>2026-05-21T13:03:11.983Z</time>
</trkpt>
<trkpt lat="50.0692979" lon="21.9125897">
<ele>243.295</ele>
<time>2026-05-21T13:03:14.979Z</time>
</trkpt>
<trkpt lat="50.0691025" lon="21.9134333">
<ele>244.510</ele>
<time>2026-05-21T13:03:17.998Z</time>
</trkpt>
<trkpt lat="50.0688882" lon="21.9142487">
<ele>246.331</ele>
<time>2026-05-21T13:03:20.994Z</time>
</trkpt>
<trkpt lat="50.0686791" lon="21.9150722">
<ele>248.157</ele>
<time>2026-05-21T13:03:24.032Z</time>
</trkpt>
<trkpt lat="50.0684768" lon="21.9158860">
<ele>248.864</ele>
<time>2026-05-21T13:03:27.033Z</time>
</trkpt>
<trkpt lat="50.0682729" lon="21.9167094">
<ele>247.737</ele>
<time>2026-05-21T13:03:30.030Z</time>
</trkpt>
<trkpt lat="50.0680650" lon="21.9175654">
<ele>245.098</ele>
<time>2026-05-21T13:03:33.043Z</time>
</trkpt>
<trkpt lat="50.0678519" lon="21.9184636">
<ele>241.665</ele>
<time>2026-05-21T13:03:36.071Z</time>
</trkpt>
<trkpt lat="50.0676221" lon="21.9193768">
<ele>238.091</ele>
<time>2026-05-21T13:03:39.095Z</time>
</trkpt>
<trkpt lat="50.0673939" lon="21.9202743">
<ele>235.347</ele>
<time>2026-05-21T13:03:42.098Z</time>
</trkpt>
<trkpt lat="50.0671784" lon="21.9211486">
<ele>234.323</ele>
<time>2026-05-21T13:03:45.098Z</time>
</trkpt>
<trkpt lat="50.0669760" lon="21.9219931">
<ele>235.297</ele>
<time>2026-05-21T13:03:48.070Z</time>
</trkpt>
<trkpt lat="50.0668475" lon="21.9225398">
<ele>238.027</ele>
<time>2026-05-21T13:03:50.035Z</time>
</trkpt>
<trkpt lat="50.0667144" lon="21.9230815">
<ele>241.651</ele>
<time>2026-05-21T13:03:52.065Z</time>
</trkpt>
<trkpt lat="50.0665972" lon="21.9235703">
<ele>245.022</ele>
<time>2026-05-21T13:03:54.041Z</time>
</trkpt>
<trkpt lat="50.0664975" lon="21.9240006">
<ele>247.457</ele>
<time>2026-05-21T13:03:55.964Z</time>
</trkpt>
<trkpt lat="50.0664028" lon="21.9243796">
<ele>248.962</ele>
<time>2026-05-21T13:03:57.936Z</time>
</trkpt>
<trkpt lat="50.0663172" lon="21.9246682">
<ele>249.774</ele>
<time>2026-05-21T13:03:59.858Z</time>
</trkpt>
<trkpt lat="50.0662679" lon="21.9248622">
<ele>249.997</ele>
<time>2026-05-21T13:04:01.497Z</time>
</trkpt>
<trkpt lat="50.0662312" lon="21.9250117">
<ele>249.813</ele>
<time>2026-05-21T13:04:03.123Z</time>
</trkpt>
<trkpt lat="50.0661583" lon="21.9251689">
<ele>249.560</ele>
<time>2026-05-21T13:04:05.632Z</time>
</trkpt>
<trkpt lat="50.0660511" lon="21.9252500">
<ele>249.530</ele>
<time>2026-05-21T13:04:08.004Z</time>
</trkpt>
<trkpt lat="50.0659630" lon="21.9254146">
<ele>249.814</ele>
<time>2026-05-21T13:04:10.297Z</time>
</trkpt>
<trkpt lat="50.0659450" lon="21.9256449">
<ele>250.265</ele>
<time>2026-05-21T13:04:12.537Z</time>
</trkpt>
<trkpt lat="50.0659878" lon="21.9258874">
<ele>250.718</ele>
<time>2026-05-21T13:04:14.677Z</time>
</trkpt>
<trkpt lat="50.0659516" lon="21.9261813">
<ele>251.120</ele>
<time>2026-05-21T13:04:16.839Z</time>
</trkpt>
<trkpt lat="50.0658735" lon="21.9264982">
<ele>251.393</ele>
<time>2026-05-21T13:04:18.981Z</time>
</trkpt>
<trkpt lat="50.0657937" lon="21.9268198">
<ele>251.405</ele>
<time>2026-05-21T13:04:21.017Z</time>
</trkpt>
<trkpt lat="50.0657172" lon="21.9271422">
<ele>251.089</ele>
<time>2026-05-21T13:04:23.020Z</time>
</trkpt>
<trkpt lat="50.0656408" lon="21.9274544">
<ele>250.601</ele>
<time>2026-05-21T13:04:25.014Z</time>
</trkpt>
<trkpt lat="50.0655664" lon="21.9277470">
<ele>250.047</ele>
<time>2026-05-21T13:04:26.994Z</time>
</trkpt>
<trkpt lat="50.0654960" lon="21.9280142">
<ele>249.365</ele>
<time>2026-05-21T13:04:28.961Z</time>
</trkpt>
<trkpt lat="50.0653983" lon="21.9282236">
<ele>248.711</ele>
<time>2026-05-21T13:04:30.922Z</time>
</trkpt>
<trkpt lat="50.0652732" lon="21.9283407">
<ele>248.247</ele>
<time>2026-05-21T13:04:32.829Z</time>
</trkpt>
<trkpt lat="50.0651981" lon="21.9285412">
<ele>247.790</ele>
<time>2026-05-21T13:04:34.886Z</time>
</trkpt>
<trkpt lat="50.0652164" lon="21.9287778">
<ele>247.274</ele>
<time>2026-05-21T13:04:36.868Z</time>
</trkpt>
<trkpt lat="50.0652330" lon="21.9290875">
<ele>246.890</ele>
<time>2026-05-21T13:04:38.980Z</time>
</trkpt>
<trkpt lat="50.0651480" lon="21.9294576">
<ele>246.671</ele>
<time>2026-05-21T13:04:41.115Z</time>
</trkpt>
<trkpt lat="50.0650507" lon="21.9298876">
<ele>246.347</ele>
<time>2026-05-21T13:04:43.197Z</time>
</trkpt>
<trkpt lat="50.0649352" lon="21.9303699">
<ele>245.628</ele>
<time>2026-05-21T13:04:45.266Z</time>
</trkpt>
<trkpt lat="50.0648106" lon="21.9308893">
<ele>244.529</ele>
<time>2026-05-21T13:04:47.312Z</time>
</trkpt>
<trkpt lat="50.0646803" lon="21.9314367">
<ele>243.424</ele>
<time>2026-05-21T13:04:49.365Z</time>
</trkpt>
<trkpt lat="50.0645473" lon="21.9319847">
<ele>242.691</ele>
<time>2026-05-21T13:04:51.397Z</time>
</trkpt>
<trkpt lat="50.0644188" lon="21.9325174">
<ele>242.582</ele>
<time>2026-05-21T13:04:53.397Z</time>
</trkpt>
<trkpt lat="50.0642931" lon="21.9330365">
<ele>243.344</ele>
<time>2026-05-21T13:04:55.389Z</time>
</trkpt>
<trkpt lat="50.0641671" lon="21.9335419">
<ele>244.826</ele>
<time>2026-05-21T13:04:57.409Z</time>
</trkpt>
<trkpt lat="50.0640505" lon="21.9340072">
<ele>246.266</ele>
<time>2026-05-21T13:04:59.387Z</time>
</trkpt>
<trkpt lat="50.0639461" lon="21.9344415">
<ele>247.045</ele>
<time>2026-05-21T13:05:01.346Z</time>
</trkpt>
<trkpt lat="50.0638609" lon="21.9348612">
<ele>247.205</ele>
<time>2026-05-21T13:05:03.290Z</time>
</trkpt>
<trkpt lat="50.0637634" lon="21.9352679">
<ele>247.023</ele>
<time>2026-05-21T13:05:05.253Z</time>
</trkpt>
<trkpt lat="50.0636515" lon="21.9356706">
<ele>246.659</ele>
<time>2026-05-21T13:05:07.291Z</time>
</trkpt>
<trkpt lat="50.0635464" lon="21.9360433">
<ele>246.100</ele>
<time>2026-05-21T13:05:09.301Z</time>
</trkpt>
<trkpt lat="50.0634647" lon="21.9363724">
<ele>245.381</ele>
<time>2026-05-21T13:05:11.241Z</time>
</trkpt>
<trkpt lat="50.0634026" lon="21.9366469">
<ele>244.769</ele>
<time>2026-05-21T13:05:13.072Z</time>
</trkpt>
<trkpt lat="50.0633336" lon="21.9368838">
<ele>244.480</ele>
<time>2026-05-21T13:05:14.890Z</time>
</trkpt>
<trkpt lat="50.0632454" lon="21.9372520">
<ele>244.442</ele>
<time>2026-05-21T13:05:17.711Z</time>
</trkpt>
<trkpt lat="50.0631457" lon="21.9376923">
<ele>244.610</ele>
<time>2026-05-21T13:05:20.799Z</time>
</trkpt>
<trkpt lat="50.0630267" lon="21.9381795">
<ele>245.088</ele>
<time>2026-05-21T13:05:23.777Z</time>
</trkpt>
<trkpt lat="50.0628802" lon="21.9387868">
<ele>245.770</ele>
<time>2026-05-21T13:05:26.905Z</time>
</trkpt>
<trkpt lat="50.0627065" lon="21.9395145">
<ele>246.497</ele>
<time>2026-05-21T13:05:30.111Z</time>
</trkpt>
<trkpt lat="50.0625188" lon="21.9402763">
<ele>247.232</ele>
<time>2026-05-21T13:05:33.221Z</time>
</trkpt>
<trkpt lat="50.0623521" lon="21.9410198">
<ele>247.274</ele>
<time>2026-05-21T13:05:36.191Z</time>
</trkpt>
<trkpt lat="50.0621802" lon="21.9417462">
<ele>246.127</ele>
<time>2026-05-21T13:05:39.215Z</time>
</trkpt>
<trkpt lat="50.0620133" lon="21.9424206">
<ele>244.700</ele>
<time>2026-05-21T13:05:42.235Z</time>
</trkpt>
<trkpt lat="50.0618724" lon="21.9430263">
<ele>243.597</ele>
<time>2026-05-21T13:05:45.230Z</time>
</trkpt>
<trkpt lat="50.0617470" lon="21.9435490">
<ele>242.462</ele>
<time>2026-05-21T13:05:48.611Z</time>
</trkpt>
<trkpt lat="50.0616826" lon="21.9437923">
<ele>241.277</ele>
<time>2026-05-21T13:05:51.467Z</time>
</trkpt>
<trkpt lat="50.0616482" lon="21.9439261">
<ele>240.268</ele>
<time>2026-05-21T13:05:53.910Z</time>
</trkpt>
<trkpt lat="50.0616482" lon="21.9439261">
<ele>239.530</ele>
<time>2026-05-21T13:06:00.911Z</time>
</trkpt>
<trkpt lat="50.0616482" lon="21.9439261">
<ele>239.166</ele>
<time>2026-05-21T13:06:07.860Z</time>
</trkpt>
<trkpt lat="50.0615701" lon="21.9442929">
<ele>239.209</ele>
<time>2026-05-21T13:06:14.634Z</time>
</trkpt>
<trkpt lat="50.0614652" lon="21.9446818">
<ele>239.584</ele>
<time>2026-05-21T13:06:17.520Z</time>
</trkpt>
<trkpt lat="50.0613092" lon="21.9452390">
<ele>240.139</ele>
<time>2026-05-21T13:06:20.533Z</time>
</trkpt>
<trkpt lat="50.0611432" lon="21.9459442">
<ele>240.697</ele>
<time>2026-05-21T13:06:23.632Z</time>
</trkpt>
<trkpt lat="50.0609599" lon="21.9466733">
<ele>241.093</ele>
<time>2026-05-21T13:06:26.725Z</time>
</trkpt>
<trkpt lat="50.0607960" lon="21.9473295">
<ele>241.130</ele>
<time>2026-05-21T13:06:29.600Z</time>
</trkpt>
<trkpt lat="50.0606375" lon="21.9479997">
<ele>240.497</ele>
<time>2026-05-21T13:06:32.526Z</time>
</trkpt>
<trkpt lat="50.0604621" lon="21.9487202">
<ele>239.111</ele>
<time>2026-05-21T13:06:35.602Z</time>
</trkpt>
<trkpt lat="50.0602908" lon="21.9494237">
<ele>237.224</ele>
<time>2026-05-21T13:06:38.666Z</time>
</trkpt>
<trkpt lat="50.0601276" lon="21.9500529">
<ele>235.049</ele>
<time>2026-05-21T13:06:41.664Z</time>
</trkpt>
<trkpt lat="50.0599874" lon="21.9506303">
<ele>233.039</ele>
<time>2026-05-21T13:06:44.647Z</time>
</trkpt>
<trkpt lat="50.0598545" lon="21.9511615">
<ele>231.716</ele>
<time>2026-05-21T13:06:47.513Z</time>
</trkpt>
<trkpt lat="50.0597145" lon="21.9517170">
<ele>231.027</ele>
<time>2026-05-21T13:06:50.515Z</time>
</trkpt>
<trkpt lat="50.0595836" lon="21.9522734">
<ele>230.600</ele>
<time>2026-05-21T13:06:53.570Z</time>
</trkpt>
<trkpt lat="50.0594544" lon="21.9527725">
<ele>230.228</ele>
<time>2026-05-21T13:06:56.472Z</time>
</trkpt>
<trkpt lat="50.0593136" lon="21.9532674">
<ele>229.949</ele>
<time>2026-05-21T13:06:59.419Z</time>
</trkpt>
<trkpt lat="50.0591651" lon="21.9537829">
<ele>229.825</ele>
<time>2026-05-21T13:07:02.420Z</time>
</trkpt>
<trkpt lat="50.0590151" lon="21.9543187">
<ele>229.772</ele>
<time>2026-05-21T13:07:05.297Z</time>
</trkpt>
<trkpt lat="50.0588711" lon="21.9549728">
<ele>229.745</ele>
<time>2026-05-21T13:07:08.284Z</time>
</trkpt>
<trkpt lat="50.0587087" lon="21.9557090">
<ele>229.881</ele>
<time>2026-05-21T13:07:11.276Z</time>
</trkpt>
<trkpt lat="50.0585034" lon="21.9564937">
<ele>230.409</ele>
<time>2026-05-21T13:07:14.336Z</time>
</trkpt>
<trkpt lat="50.0582879" lon="21.9572720">
<ele>231.200</ele>
<time>2026-05-21T13:07:17.323Z</time>
</trkpt>
<trkpt lat="50.0580844" lon="21.9580833">
<ele>231.524</ele>
<time>2026-05-21T13:07:20.424Z</time>
</trkpt>
<trkpt lat="50.0579032" lon="21.9588166">
<ele>230.830</ele>
<time>2026-05-21T13:07:23.378Z</time>
</trkpt>
<trkpt lat="50.0577281" lon="21.9595121">
<ele>229.366</ele>
<time>2026-05-21T13:07:26.322Z</time>
</trkpt>
<trkpt lat="50.0575475" lon="21.9602064">
<ele>227.816</ele>
<time>2026-05-21T13:07:29.301Z</time>
</trkpt>
<trkpt lat="50.0573752" lon="21.9609164">
<ele>226.699</ele>
<time>2026-05-21T13:07:32.320Z</time>
</trkpt>
<trkpt lat="50.0572086" lon="21.9616030">
<ele>226.156</ele>
<time>2026-05-21T13:07:35.222Z</time>
</trkpt>
<trkpt lat="50.0570311" lon="21.9623367">
<ele>226.021</ele>
<time>2026-05-21T13:07:38.247Z</time>
</trkpt>
<trkpt lat="50.0568604" lon="21.9630718">
<ele>225.991</ele>
<time>2026-05-21T13:07:41.237Z</time>
</trkpt>
<trkpt lat="50.0566963" lon="21.9637759">
<ele>225.808</ele>
<time>2026-05-21T13:07:44.169Z</time>
</trkpt>
<trkpt lat="50.0565177" lon="21.9644582">
<ele>225.516</ele>
<time>2026-05-21T13:07:47.147Z</time>
</trkpt>
<trkpt lat="50.0563493" lon="21.9651330">
<ele>225.283</ele>
<time>2026-05-21T13:07:50.236Z</time>
</trkpt>
<trkpt lat="50.0562007" lon="21.9657414">
<ele>225.126</ele>
<time>2026-05-21T13:07:53.209Z</time>
</trkpt>
<trkpt lat="50.0560203" lon="21.9663309">
<ele>224.870</ele>
<time>2026-05-21T13:07:56.230Z</time>
</trkpt>
<trkpt lat="50.0557814" lon="21.9669097">
<ele>224.347</ele>
<time>2026-05-21T13:07:59.305Z</time>
</trkpt>
<trkpt lat="50.0554687" lon="21.9673926">
<ele>223.683</ele>
<time>2026-05-21T13:08:02.511Z</time>
</trkpt>
<trkpt lat="50.0551886" lon="21.9677083">
<ele>223.184</ele>
<time>2026-05-21T13:08:05.505Z</time>
</trkpt>
<trkpt lat="50.0549557" lon="21.9679594">
<ele>222.768</ele>
<time>2026-05-21T13:08:08.294Z</time>
</trkpt>
<trkpt lat="50.0547180" lon="21.9682471">
<ele>222.056</ele>
<time>2026-05-21T13:08:11.109Z</time>
</trkpt>
<trkpt lat="50.0543991" lon="21.9686140">
<ele>220.870</ele>
<time>2026-05-21T13:08:14.364Z</time>
</trkpt>
<trkpt lat="50.0541045" lon="21.9689266">
<ele>219.382</ele>
<time>2026-05-21T13:08:17.354Z</time>
</trkpt>
<trkpt lat="50.0539620" lon="21.9690827">
<ele>217.981</ele>
<time>2026-05-21T13:08:19.501Z</time>
</trkpt>
<trkpt lat="50.0538858" lon="21.9691830">
<ele>216.822</ele>
<time>2026-05-21T13:08:20.911Z</time>
</trkpt>
<trkpt lat="50.0538858" lon="21.9691830">
<ele>215.836</ele>
<time>2026-05-21T13:08:23.911Z</time>
</trkpt>
<trkpt lat="50.0538858" lon="21.9691830">
<ele>215.245</ele>
<time>2026-05-21T13:09:18.057Z</time>
</trkpt>
<trkpt lat="50.0537254" lon="21.9693126">
<ele>215.333</ele>
<time>2026-05-21T13:09:23.120Z</time>
</trkpt>
<trkpt lat="50.0534722" lon="21.9695688">
<ele>215.950</ele>
<time>2026-05-21T13:09:26.375Z</time>
</trkpt>
<trkpt lat="50.0531484" lon="21.9699098">
<ele>216.929</ele>
<time>2026-05-21T13:09:29.420Z</time>
</trkpt>
<trkpt lat="50.0527524" lon="21.9703106">
<ele>218.279</ele>
<time>2026-05-21T13:09:32.512Z</time>
</trkpt>
<trkpt lat="50.0523194" lon="21.9707591">
<ele>219.902</ele>
<time>2026-05-21T13:09:35.567Z</time>
</trkpt>
<trkpt lat="50.0518815" lon="21.9712339">
<ele>221.570</ele>
<time>2026-05-21T13:09:38.563Z</time>
</trkpt>
<trkpt lat="50.0514450" lon="21.9717033">
<ele>222.992</ele>
<time>2026-05-21T13:09:41.567Z</time>
</trkpt>
<trkpt lat="50.0510252" lon="21.9721474">
<ele>223.817</ele>
<time>2026-05-21T13:09:44.543Z</time>
</trkpt>
<trkpt lat="50.0506078" lon="21.9725854">
<ele>224.043</ele>
<time>2026-05-21T13:09:47.546Z</time>
</trkpt>
<trkpt lat="50.0501889" lon="21.9730203">
<ele>224.183</ele>
<time>2026-05-21T13:09:50.555Z</time>
</trkpt>
<trkpt lat="50.0497799" lon="21.9734551">
<ele>224.911</ele>
<time>2026-05-21T13:09:53.556Z</time>
</trkpt>
<trkpt lat="50.0493827" lon="21.9738784">
<ele>226.338</ele>
<time>2026-05-21T13:09:56.585Z</time>
</trkpt>
<trkpt lat="50.0490314" lon="21.9742724">
<ele>227.955</ele>
<time>2026-05-21T13:09:59.398Z</time>
</trkpt>
<trkpt lat="50.0486628" lon="21.9747257">
<ele>229.722</ele>
<time>2026-05-21T13:10:02.459Z</time>
</trkpt>
<trkpt lat="50.0483388" lon="21.9752260">
<ele>231.841</ele>
<time>2026-05-21T13:10:05.416Z</time>
</trkpt>
<trkpt lat="50.0480507" lon="21.9757895">
<ele>233.777</ele>
<time>2026-05-21T13:10:08.369Z</time>
</trkpt>
<trkpt lat="50.0477591" lon="21.9764069">
<ele>234.896</ele>
<time>2026-05-21T13:10:11.416Z</time>
</trkpt>
<trkpt lat="50.0475743" lon="21.9768218">
<ele>235.335</ele>
<time>2026-05-21T13:10:13.426Z</time>
</trkpt>
<trkpt lat="50.0472995" lon="21.9774317">
<ele>235.298</ele>
<time>2026-05-21T13:10:16.490Z</time>
</trkpt>
<trkpt lat="50.0470361" lon="21.9780012">
<ele>234.599</ele>
<time>2026-05-21T13:10:19.515Z</time>
</trkpt>
<trkpt lat="50.0468779" lon="21.9783624">
<ele>232.787</ele>
<time>2026-05-21T13:10:21.503Z</time>
</trkpt>
<trkpt lat="50.0466539" lon="21.9788841">
<ele>229.979</ele>
<time>2026-05-21T13:10:24.459Z</time>
</trkpt>
<trkpt lat="50.0464471" lon="21.9793828">
<ele>227.039</ele>
<time>2026-05-21T13:10:27.343Z</time>
</trkpt>
<trkpt lat="50.0462252" lon="21.9798917">
<ele>224.656</ele>
<time>2026-05-21T13:10:30.327Z</time>
</trkpt>
<trkpt lat="50.0460033" lon="21.9804296">
<ele>222.849</ele>
<time>2026-05-21T13:10:33.401Z</time>
</trkpt>
<trkpt lat="50.0457800" lon="21.9809471">
<ele>221.484</ele>
<time>2026-05-21T13:10:36.388Z</time>
</trkpt>
<trkpt lat="50.0455450" lon="21.9814710">
<ele>220.331</ele>
<time>2026-05-21T13:10:39.462Z</time>
</trkpt>
<trkpt lat="50.0453357" lon="21.9819705">
<ele>219.010</ele>
<time>2026-05-21T13:10:42.420Z</time>
</trkpt>
<trkpt lat="50.0451392" lon="21.9824646">
<ele>217.493</ele>
<time>2026-05-21T13:10:45.444Z</time>
</trkpt>
<trkpt lat="50.0450070" lon="21.9829565">
<ele>216.236</ele>
<time>2026-05-21T13:10:48.380Z</time>
</trkpt>
<trkpt lat="50.0448723" lon="21.9834135">
<ele>215.444</ele>
<time>2026-05-21T13:10:51.297Z</time>
</trkpt>
<trkpt lat="50.0447056" lon="21.9838324">
<ele>214.760</ele>
<time>2026-05-21T13:10:54.248Z</time>
</trkpt>
<trkpt lat="50.0445390" lon="21.9842451">
<ele>213.999</ele>
<time>2026-05-21T13:10:57.410Z</time>
</trkpt>
<trkpt lat="50.0444115" lon="21.9845130">
<ele>213.353</ele>
<time>2026-05-21T13:11:00.127Z</time>
</trkpt>
<trkpt lat="50.0443500" lon="21.9847083">
<ele>212.919</ele>
<time>2026-05-21T13:11:02.467Z</time>
</trkpt>
<trkpt lat="50.0442862" lon="21.9848953">
<ele>212.584</ele>
<time>2026-05-21T13:11:05.372Z</time>
</trkpt>
<trkpt lat="50.0442103" lon="21.9850799">
<ele>212.374</ele>
<time>2026-05-21T13:11:08.542Z</time>
</trkpt>
<trkpt lat="50.0441443" lon="21.9852248">
<ele>212.308</ele>
<time>2026-05-21T13:11:11.452Z</time>
</trkpt>
<trkpt lat="50.0441003" lon="21.9853629">
<ele>212.364</ele>
<time>2026-05-21T13:11:14.910Z</time>
</trkpt>
<trkpt lat="50.0441003" lon="21.9853629">
<ele>212.454</ele>
<time>2026-05-21T13:11:17.909Z</time>
</trkpt>
<trkpt lat="50.0441003" lon="21.9853629">
<ele>212.437</ele>
<time>2026-05-21T13:11:18.371Z</time>
</trkpt>
<trkpt lat="50.0440205" lon="21.9855636">
<ele>212.322</ele>
<time>2026-05-21T13:11:24.909Z</time>
</trkpt>
<trkpt lat="50.0440205" lon="21.9855636">
<ele>212.229</ele>
<time>2026-05-21T13:11:28.909Z</time>
</trkpt>
<trkpt lat="50.0440205" lon="21.9855636">
<ele>212.174</ele>
<time>2026-05-21T13:11:32.787Z</time>
</trkpt>
<trkpt lat="50.0439407" lon="21.9857780">
<ele>212.125</ele>
<time>2026-05-21T13:11:39.527Z</time>
</trkpt>
<trkpt lat="50.0438714" lon="21.9859228">
<ele>212.189</ele>
<time>2026-05-21T13:11:41.909Z</time>
</trkpt>
<trkpt lat="50.0438714" lon="21.9859228">
<ele>212.442</ele>
<time>2026-05-21T13:11:46.909Z</time>
</trkpt>
<trkpt lat="50.0438714" lon="21.9859228">
<ele>212.631</ele>
<time>2026-05-21T13:11:49.833Z</time>
</trkpt>
<trkpt lat="50.0437854" lon="21.9862063">
<ele>212.540</ele>
<time>2026-05-21T13:11:55.234Z</time>
</trkpt>
<trkpt lat="50.0436332" lon="21.9866052">
<ele>212.411</ele>
<time>2026-05-21T13:11:58.380Z</time>
</trkpt>
<trkpt lat="50.0434639" lon="21.9871493">
<ele>212.510</ele>
<time>2026-05-21T13:12:01.490Z</time>
</trkpt>
<trkpt lat="50.0433291" lon="21.9877070">
<ele>212.743</ele>
<time>2026-05-21T13:12:04.354Z</time>
</trkpt>
<trkpt lat="50.0432372" lon="21.9883089">
<ele>212.884</ele>
<time>2026-05-21T13:12:07.304Z</time>
</trkpt>
<trkpt lat="50.0431868" lon="21.9889425">
<ele>212.872</ele>
<time>2026-05-21T13:12:10.314Z</time>
</trkpt>
<trkpt lat="50.0431321" lon="21.9895835">
<ele>212.858</ele>
<time>2026-05-21T13:12:13.334Z</time>
</trkpt>
<trkpt lat="50.0430782" lon="21.9902136">
<ele>212.969</ele>
<time>2026-05-21T13:12:16.320Z</time>
</trkpt>
<trkpt lat="50.0430486" lon="21.9906259">
<ele>213.113</ele>
<time>2026-05-21T13:12:18.309Z</time>
</trkpt>
<trkpt lat="50.0429942" lon="21.9912312">
<ele>213.173</ele>
<time>2026-05-21T13:12:21.295Z</time>
</trkpt>
<trkpt lat="50.0429538" lon="21.9916113">
<ele>213.375</ele>
<time>2026-05-21T13:12:23.237Z</time>
</trkpt>
<trkpt lat="50.0429027" lon="21.9921942">
<ele>214.125</ele>
<time>2026-05-21T13:12:26.212Z</time>
</trkpt>
<trkpt lat="50.0428735" lon="21.9925991">
<ele>215.269</ele>
<time>2026-05-21T13:12:28.233Z</time>
</trkpt>
<trkpt lat="50.0428396" lon="21.9930049">
<ele>216.163</ele>
<time>2026-05-21T13:12:30.222Z</time>
</trkpt>
<trkpt lat="50.0427855" lon="21.9936254">
<ele>216.657</ele>
<time>2026-05-21T13:12:33.243Z</time>
</trkpt>
<trkpt lat="50.0427397" lon="21.9942377">
<ele>217.017</ele>
<time>2026-05-21T13:12:36.226Z</time>
</trkpt>
<trkpt lat="50.0426665" lon="21.9948352">
<ele>217.251</ele>
<time>2026-05-21T13:12:39.177Z</time>
</trkpt>
<trkpt lat="50.0425310" lon="21.9954295">
<ele>217.076</ele>
<time>2026-05-21T13:12:42.200Z</time>
</trkpt>
<trkpt lat="50.0423266" lon="21.9959778">
<ele>216.246</ele>
<time>2026-05-21T13:12:45.241Z</time>
</trkpt>
<trkpt lat="50.0421273" lon="21.9964836">
<ele>214.804</ele>
<time>2026-05-21T13:12:48.248Z</time>
</trkpt>
<trkpt lat="50.0419522" lon="21.9969190">
<ele>213.280</ele>
<time>2026-05-21T13:12:51.170Z</time>
</trkpt>
<trkpt lat="50.0418122" lon="21.9972855">
<ele>212.457</ele>
<time>2026-05-21T13:12:54.017Z</time>
</trkpt>
<trkpt lat="50.0416828" lon="21.9975581">
<ele>212.649</ele>
<time>2026-05-21T13:12:56.862Z</time>
</trkpt>
<trkpt lat="50.0416187" lon="21.9977289">
<ele>213.467</ele>
<time>2026-05-21T13:12:59.004Z</time>
</trkpt>
<trkpt lat="50.0415646" lon="21.9978873">
<ele>214.351</ele>
<time>2026-05-21T13:13:02.113Z</time>
</trkpt>
<trkpt lat="50.0415032" lon="21.9980251">
<ele>214.639</ele>
<time>2026-05-21T13:13:05.574Z</time>
</trkpt>
<trkpt lat="50.0414382" lon="21.9981677">
<ele>213.944</ele>
<time>2026-05-21T13:13:09.386Z</time>
</trkpt>
<trkpt lat="50.0413792" lon="21.9983201">
<ele>212.664</ele>
<time>2026-05-21T13:13:13.078Z</time>
</trkpt>
<trkpt lat="50.0412313" lon="21.9984682">
<ele>211.515</ele>
<time>2026-05-21T13:13:17.433Z</time>
</trkpt>
<trkpt lat="50.0411344" lon="21.9986629">
<ele>210.884</ele>
<time>2026-05-21T13:13:21.037Z</time>
</trkpt>
<trkpt lat="50.0410739" lon="21.9987856">
<ele>210.672</ele>
<time>2026-05-21T13:13:23.909Z</time>
</trkpt>
<trkpt lat="50.0410739" lon="21.9987856">
<ele>210.566</ele>
<time>2026-05-21T13:13:29.909Z</time>
</trkpt>
<trkpt lat="50.0410739" lon="21.9987856">
<ele>210.455</ele>
<time>2026-05-21T13:13:30.009Z</time>
</trkpt>
<trkpt lat="50.0409976" lon="21.9989243">
<ele>210.320</ele>
<time>2026-05-21T13:13:44.817Z</time>
</trkpt>
<trkpt lat="50.0409390" lon="21.9990592">
<ele>210.114</ele>
<time>2026-05-21T13:13:56.173Z</time>
</trkpt>
<trkpt lat="50.0409134" lon="21.9992503">
<ele>209.584</ele>
<time>2026-05-21T13:14:12.255Z</time>
</trkpt>
<trkpt lat="50.0408533" lon="21.9994873">
<ele>208.931</ele>
<time>2026-05-21T13:14:27.764Z</time>
</trkpt>
<trkpt lat="50.0408169" lon="21.9996851">
<ele>208.435</ele>
<time>2026-05-21T13:14:31.119Z</time>
</trkpt>
<trkpt lat="50.0407774" lon="21.9999567">
<ele>208.158</ele>
<time>2026-05-21T13:14:34.921Z</time>
</trkpt>
<trkpt lat="50.0407516" lon="22.0001779">
<ele>207.947</ele>
<time>2026-05-21T13:14:38.026Z</time>
</trkpt>
<trkpt lat="50.0407400" lon="22.0003636">
<ele>207.612</ele>
<time>2026-05-21T13:14:40.833Z</time>
</trkpt>
<trkpt lat="50.0407356" lon="22.0005468">
<ele>207.178</ele>
<time>2026-05-21T13:14:43.787Z</time>
</trkpt>
<trkpt lat="50.0407377" lon="22.0007453">
<ele>206.787</ele>
<time>2026-05-21T13:14:47.484Z</time>
</trkpt>
<trkpt lat="50.0407382" lon="22.0008872">
<ele>206.588</ele>
<time>2026-05-21T13:14:51.335Z</time>
</trkpt>
<trkpt lat="50.0407589" lon="22.0010440">
<ele>206.630</ele>
<time>2026-05-21T13:14:57.237Z</time>
</trkpt>
<trkpt lat="50.0407992" lon="22.0011701">
<ele>206.728</ele>
<time>2026-05-21T13:15:02.437Z</time>
</trkpt>
<trkpt lat="50.0408077" lon="22.0013257">
<ele>206.702</ele>
<time>2026-05-21T13:15:08.464Z</time>
</trkpt>
<trkpt lat="50.0407853" lon="22.0014670">
<ele>206.563</ele>
<time>2026-05-21T13:15:17.506Z</time>
</trkpt>
<trkpt lat="50.0407833" lon="22.0016297">
<ele>206.404</ele>
<time>2026-05-21T13:15:25.628Z</time>
</trkpt>
<trkpt lat="50.0407927" lon="22.0018274">
<ele>206.291</ele>
<time>2026-05-21T13:15:32.481Z</time>
</trkpt>
<trkpt lat="50.0407924" lon="22.0020727">
<ele>206.337</ele>
<time>2026-05-21T13:15:37.568Z</time>
</trkpt>
<trkpt lat="50.0407958" lon="22.0023634">
<ele>206.632</ele>
<time>2026-05-21T13:15:41.856Z</time>
</trkpt>
<trkpt lat="50.0408119" lon="22.0026219">
<ele>207.029</ele>
<time>2026-05-21T13:15:45.506Z</time>
</trkpt>
<trkpt lat="50.0408258" lon="22.0027885">
<ele>207.219</ele>
<time>2026-05-21T13:15:48.198Z</time>
</trkpt>
<trkpt lat="50.0408373" lon="22.0029502">
<ele>207.109</ele>
<time>2026-05-21T13:15:51.218Z</time>
</trkpt>
<trkpt lat="50.0408348" lon="22.0031229">
<ele>206.967</ele>
<time>2026-05-21T13:15:55.645Z</time>
</trkpt>
<trkpt lat="50.0408311" lon="22.0032639">
<ele>207.150</ele>
<time>2026-05-21T13:16:00.086Z</time>
</trkpt>
<trkpt lat="50.0407674" lon="22.0033852">
<ele>207.633</ele>
<time>2026-05-21T13:16:07.654Z</time>
</trkpt>
<trkpt lat="50.0408116" lon="22.0035122">
<ele>207.982</ele>
<time>2026-05-21T13:16:16.209Z</time>
</trkpt>
<trkpt lat="50.0408291" lon="22.0036556">
<ele>207.920</ele>
<time>2026-05-21T13:16:27.389Z</time>
</trkpt>
<trkpt lat="50.0408418" lon="22.0038162">
<ele>207.547</ele>
<time>2026-05-21T13:16:41.793Z</time>
</trkpt>
<trkpt lat="50.0408372" lon="22.0039577">
<ele>207.084</ele>
<time>2026-05-21T13:16:49.524Z</time>
</trkpt>
<trkpt lat="50.0408242" lon="22.0040994">
<ele>206.817</ele>
<time>2026-05-21T13:16:55.842Z</time>
</trkpt>
<trkpt lat="50.0408395" lon="22.0042376">
<ele>206.942</ele>
<time>2026-05-21T13:17:04.528Z</time>
</trkpt>
<trkpt lat="50.0408185" lon="22.0043760">
<ele>207.347</ele>
<time>2026-05-21T13:17:13.862Z</time>
</trkpt>
<trkpt lat="50.0407960" lon="22.0045902">
<ele>207.742</ele>
<time>2026-05-21T13:17:28.120Z</time>
</trkpt>
<trkpt lat="50.0407752" lon="22.0047519">
<ele>207.922</ele>
<time>2026-05-21T13:17:38.942Z</time>
</trkpt>
<trkpt lat="50.0407610" lon="22.0049375">
<ele>207.916</ele>
<time>2026-05-21T13:17:58.861Z</time>
</trkpt>
<trkpt lat="50.0407067" lon="22.0050642">
<ele>207.851</ele>
<time>2026-05-21T13:18:16.454Z</time>
</trkpt>
<trkpt lat="50.0406614" lon="22.0051949">
<ele>207.800</ele>
<time>2026-05-21T13:18:21.371Z</time>
</trkpt>
<trkpt lat="50.0407297" lon="22.0052870">
<ele>207.767</ele>
<time>2026-05-21T13:18:24.344Z</time>
</trkpt>
<trkpt lat="50.0406368" lon="22.0054102">
<ele>207.734</ele>
<time>2026-05-21T13:18:28.227Z</time>
</trkpt>
<trkpt lat="50.0406026" lon="22.0055429">
<ele>207.706</ele>
<time>2026-05-21T13:18:31.370Z</time>
</trkpt>
<trkpt lat="50.0405825" lon="22.0057121">
<ele>207.683</ele>
<time>2026-05-21T13:18:35.562Z</time>
</trkpt>
<trkpt lat="50.0405662" lon="22.0058736">
<ele>207.633</ele>
<time>2026-05-21T13:18:42.534Z</time>
</trkpt>
<trkpt lat="50.0405470" lon="22.0060504">
<ele>207.555</ele>
<time>2026-05-21T13:18:50.496Z</time>
</trkpt>
<trkpt lat="50.0405015" lon="22.0062753">
<ele>207.517</ele>
<time>2026-05-21T13:19:01.320Z</time>
</trkpt>
<trkpt lat="50.0404714" lon="22.0064705">
<ele>207.572</ele>
<time>2026-05-21T13:19:06.905Z</time>
</trkpt>
<trkpt lat="50.0404682" lon="22.0066198">
<ele>207.682</ele>
<time>2026-05-21T13:19:10.618Z</time>
</trkpt>
<trkpt lat="50.0404758" lon="22.0067617">
<ele>207.812</ele>
<time>2026-05-21T13:19:13.640Z</time>
</trkpt>
<trkpt lat="50.0404775" lon="22.0069216">
<ele>207.954</ele>
<time>2026-05-21T13:19:16.569Z</time>
</trkpt>
<trkpt lat="50.0404099" lon="22.0070392">
<ele>208.058</ele>
<time>2026-05-21T13:19:19.409Z</time>
</trkpt>
<trkpt lat="50.0403242" lon="22.0071373">
<ele>208.061</ele>
<time>2026-05-21T13:19:22.488Z</time>
</trkpt>
<trkpt lat="50.0402765" lon="22.0072660">
<ele>207.830</ele>
<time>2026-05-21T13:19:26.201Z</time>
</trkpt>
<trkpt lat="50.0402780" lon="22.0074081">
<ele>207.364</ele>
<time>2026-05-21T13:19:30.337Z</time>
</trkpt>
<trkpt lat="50.0403037" lon="22.0075593">
<ele>207.022</ele>
<time>2026-05-21T13:19:36.392Z</time>
</trkpt>
<trkpt lat="50.0403086" lon="22.0077065">
<ele>207.058</ele>
<time>2026-05-21T13:19:44.193Z</time>
</trkpt>
<trkpt lat="50.0402543" lon="22.0079772">
<ele>207.284</ele>
<time>2026-05-21T13:20:10.839Z</time>
</trkpt>
<trkpt lat="50.0401981" lon="22.0081445">
<ele>207.488</ele>
<time>2026-05-21T13:20:36.434Z</time>
</trkpt>
<trkpt lat="50.0400926" lon="22.0083375">
<ele>207.642</ele>
<time>2026-05-21T13:20:44.858Z</time>
</trkpt>
<trkpt lat="50.0400100" lon="22.0084715">
<ele>207.726</ele>
<time>2026-05-21T13:20:47.825Z</time>
</trkpt>
<trkpt lat="50.0398992" lon="22.0085411">
<ele>207.731</ele>
<time>2026-05-21T13:20:50.631Z</time>
</trkpt>
<trkpt lat="50.0398159" lon="22.0087168">
<ele>207.739</ele>
<time>2026-05-21T13:20:54.078Z</time>
</trkpt>
<trkpt lat="50.0397438" lon="22.0089016">
<ele>207.811</ele>
<time>2026-05-21T13:20:57.708Z</time>
</trkpt>
<trkpt lat="50.0397005" lon="22.0090656">
<ele>207.900</ele>
<time>2026-05-21T13:21:00.621Z</time>
</trkpt>
<trkpt lat="50.0396635" lon="22.0091952">
<ele>207.932</ele>
<time>2026-05-21T13:21:02.977Z</time>
</trkpt>
<trkpt lat="50.0396599" lon="22.0093567">
<ele>207.894</ele>
<time>2026-05-21T13:21:05.837Z</time>
</trkpt>
<trkpt lat="50.0396555" lon="22.0095011">
<ele>207.719</ele>
<time>2026-05-21T13:21:09.819Z</time>
</trkpt>
<trkpt lat="50.0396014" lon="22.0096284">
<ele>207.369</ele>
<time>2026-05-21T13:21:14.992Z</time>
</trkpt>
<trkpt lat="50.0396056" lon="22.0098216">
<ele>206.972</ele>
<time>2026-05-21T13:21:21.540Z</time>
</trkpt>
<trkpt lat="50.0395586" lon="22.0100750">
<ele>206.577</ele>
<time>2026-05-21T13:21:30.478Z</time>
</trkpt>
<trkpt lat="50.0395445" lon="22.0102244">
<ele>206.159</ele>
<time>2026-05-21T13:21:35.594Z</time>
</trkpt>
<trkpt lat="50.0395226" lon="22.0103883">
<ele>205.851</ele>
<time>2026-05-21T13:21:41.270Z</time>
</trkpt>
<trkpt lat="50.0394922" lon="22.0105808">
<ele>205.740</ele>
<time>2026-05-21T13:21:47.984Z</time>
</trkpt>
<trkpt lat="50.0394490" lon="22.0107762">
<ele>205.746</ele>
<time>2026-05-21T13:22:00.176Z</time>
</trkpt>
<trkpt lat="50.0394243" lon="22.0109291">
<ele>205.850</ele>
<time>2026-05-21T13:22:09.307Z</time>
</trkpt>
<trkpt lat="50.0394082" lon="22.0110919">
<ele>206.078</ele>
<time>2026-05-21T13:22:13.890Z</time>
</trkpt>
<trkpt lat="50.0393917" lon="22.0112441">
<ele>206.401</ele>
<time>2026-05-21T13:22:17.739Z</time>
</trkpt>
<trkpt lat="50.0393770" lon="22.0114068">
<ele>206.743</ele>
<time>2026-05-21T13:22:22.097Z</time>
</trkpt>
<trkpt lat="50.0393738" lon="22.0115483">
<ele>207.022</ele>
<time>2026-05-21T13:22:26.425Z</time>
</trkpt>
<trkpt lat="50.0393498" lon="22.0116946">
<ele>207.203</ele>
<time>2026-05-21T13:22:30.104Z</time>
</trkpt>
<trkpt lat="50.0393142" lon="22.0118262">
<ele>207.345</ele>
<time>2026-05-21T13:22:33.065Z</time>
</trkpt>
<trkpt lat="50.0392746" lon="22.0120608">
<ele>207.518</ele>
<time>2026-05-21T13:22:38.073Z</time>
</trkpt>
<trkpt lat="50.0392477" lon="22.0122557">
<ele>207.744</ele>
<time>2026-05-21T13:22:42.598Z</time>
</trkpt>
<trkpt lat="50.0392315" lon="22.0124405">
<ele>207.960</ele>
<time>2026-05-21T13:22:46.976Z</time>
</trkpt>
<trkpt lat="50.0391901" lon="22.0125958">
<ele>208.079</ele>
<time>2026-05-21T13:22:50.899Z</time>
</trkpt>
<trkpt lat="50.0391678" lon="22.0127357">
<ele>208.083</ele>
<time>2026-05-21T13:22:53.845Z</time>
</trkpt>
<trkpt lat="50.0391489" lon="22.0129074">
<ele>208.009</ele>
<time>2026-05-21T13:22:56.931Z</time>
</trkpt>
<trkpt lat="50.0391101" lon="22.0130909">
<ele>207.876</ele>
<time>2026-05-21T13:23:00.102Z</time>
</trkpt>
<trkpt lat="50.0390898" lon="22.0133062">
<ele>207.705</ele>
<time>2026-05-21T13:23:03.773Z</time>
</trkpt>
<trkpt lat="50.0390826" lon="22.0135023">
<ele>207.530</ele>
<time>2026-05-21T13:23:07.498Z</time>
</trkpt>
<trkpt lat="50.0390287" lon="22.0136887">
<ele>207.332</ele>
<time>2026-05-21T13:23:11.996Z</time>
</trkpt>
<trkpt lat="50.0390016" lon="22.0139338">
<ele>207.071</ele>
<time>2026-05-21T13:23:17.618Z</time>
</trkpt>
<trkpt lat="50.0389814" lon="22.0141365">
<ele>206.784</ele>
<time>2026-05-21T13:23:21.586Z</time>
</trkpt>
<trkpt lat="50.0389520" lon="22.0144001">
<ele>206.570</ele>
<time>2026-05-21T13:23:26.202Z</time>
</trkpt>
<trkpt lat="50.0389132" lon="22.0146901">
<ele>206.544</ele>
<time>2026-05-21T13:23:30.880Z</time>
</trkpt>
<trkpt lat="50.0388914" lon="22.0149288">
<ele>206.807</ele>
<time>2026-05-21T13:23:34.361Z</time>
</trkpt>
<trkpt lat="50.0388736" lon="22.0151031">
<ele>207.263</ele>
<time>2026-05-21T13:23:36.689Z</time>
</trkpt>
<trkpt lat="50.0388566" lon="22.0152621">
<ele>207.664</ele>
<time>2026-05-21T13:23:38.729Z</time>
</trkpt>
<trkpt lat="50.0388373" lon="22.0155212">
<ele>207.885</ele>
<time>2026-05-21T13:23:42.176Z</time>
</trkpt>
<trkpt lat="50.0388208" lon="22.0157505">
<ele>208.019</ele>
<time>2026-05-21T13:23:45.689Z</time>
</trkpt>
<trkpt lat="50.0388058" lon="22.0159009">
<ele>208.170</ele>
<time>2026-05-21T13:23:48.157Z</time>
</trkpt>
<trkpt lat="50.0387767" lon="22.0160658">
<ele>208.306</ele>
<time>2026-05-21T13:23:50.801Z</time>
</trkpt>
<trkpt lat="50.0387596" lon="22.0162244">
<ele>208.368</ele>
<time>2026-05-21T13:23:53.314Z</time>
</trkpt>
<trkpt lat="50.0387220" lon="22.0163555">
<ele>208.539</ele>
<time>2026-05-21T13:23:55.613Z</time>
</trkpt>
<trkpt lat="50.0387123" lon="22.0165403">
<ele>209.257</ele>
<time>2026-05-21T13:23:59.650Z</time>
</trkpt>
<trkpt lat="50.0386822" lon="22.0169196">
<ele>210.586</ele>
<time>2026-05-21T13:24:12.984Z</time>
</trkpt>
<trkpt lat="50.0386329" lon="22.0174331">
<ele>212.058</ele>
<time>2026-05-21T13:24:43.051Z</time>
</trkpt>
<trkpt lat="50.0385751" lon="22.0180438">
<ele>213.211</ele>
<time>2026-05-21T13:25:26.736Z</time>
</trkpt>
<trkpt lat="50.0385215" lon="22.0186209">
<ele>213.820</ele>
<time>2026-05-21T13:25:33.165Z</time>
</trkpt>
<trkpt lat="50.0384941" lon="22.0188834">
<ele>212.862</ele>
<time>2026-05-21T13:25:34.871Z</time>
</trkpt>
<trkpt lat="50.0384791" lon="22.0190242">
<ele>209.852</ele>
<time>2026-05-21T13:25:35.681Z</time>
</trkpt>
<trkpt lat="50.0384638" lon="22.0193176">
<ele>206.506</ele>
<time>2026-05-21T13:25:37.343Z</time>
</trkpt>
<trkpt lat="50.0384447" lon="22.0197267">
<ele>204.625</ele>
<time>2026-05-21T13:25:40.459Z</time>
</trkpt>
<trkpt lat="50.0383983" lon="22.0202752">
<ele>204.168</ele>
<time>2026-05-21T13:25:47.715Z</time>
</trkpt>
<trkpt lat="50.0383323" lon="22.0208972">
<ele>204.497</ele>
<time>2026-05-21T13:25:52.542Z</time>
</trkpt>
<trkpt lat="50.0382710" lon="22.0215013">
<ele>205.002</ele>
<time>2026-05-21T13:25:56.089Z</time>
</trkpt>
<trkpt lat="50.0382189" lon="22.0221127">
<ele>205.328</ele>
<time>2026-05-21T13:25:59.490Z</time>
</trkpt>
<trkpt lat="50.0381661" lon="22.0226974">
<ele>205.457</ele>
<time>2026-05-21T13:26:02.745Z</time>
</trkpt>
<trkpt lat="50.0381128" lon="22.0231869">
<ele>205.540</ele>
<time>2026-05-21T13:26:05.566Z</time>
</trkpt>
<trkpt lat="50.0380736" lon="22.0236394">
<ele>205.944</ele>
<time>2026-05-21T13:26:08.362Z</time>
</trkpt>
<trkpt lat="50.0380361" lon="22.0240038">
<ele>206.812</ele>
<time>2026-05-21T13:26:10.832Z</time>
</trkpt>
<trkpt lat="50.0380125" lon="22.0243740">
<ele>207.604</ele>
<time>2026-05-21T13:26:13.724Z</time>
</trkpt>
<trkpt lat="50.0379829" lon="22.0247471">
<ele>207.861</ele>
<time>2026-05-21T13:26:17.014Z</time>
</trkpt>
<trkpt lat="50.0379460" lon="22.0250955">
<ele>208.003</ele>
<time>2026-05-21T13:26:20.163Z</time>
</trkpt>
<trkpt lat="50.0379259" lon="22.0254159">
<ele>208.873</ele>
<time>2026-05-21T13:26:23.100Z</time>
</trkpt>
<trkpt lat="50.0379060" lon="22.0257131">
<ele>210.564</ele>
<time>2026-05-21T13:26:26.014Z</time>
</trkpt>
<trkpt lat="50.0378835" lon="22.0259425">
<ele>212.228</ele>
<time>2026-05-21T13:26:28.459Z</time>
</trkpt>
<trkpt lat="50.0378589" lon="22.0261370">
<ele>213.366</ele>
<time>2026-05-21T13:26:30.833Z</time>
</trkpt>
<trkpt lat="50.0378389" lon="22.0263386">
<ele>214.174</ele>
<time>2026-05-21T13:26:33.702Z</time>
</trkpt>
<trkpt lat="50.0378326" lon="22.0264921">
<ele>214.875</ele>
<time>2026-05-21T13:26:36.158Z</time>
</trkpt>
<trkpt lat="50.0378154" lon="22.0266447">
<ele>215.495</ele>
<time>2026-05-21T13:26:38.844Z</time>
</trkpt>
<trkpt lat="50.0378119" lon="22.0267852">
<ele>215.964</ele>
<time>2026-05-21T13:26:41.633Z</time>
</trkpt>
<trkpt lat="50.0378002" lon="22.0269635">
<ele>216.298</ele>
<time>2026-05-21T13:26:46.418Z</time>
</trkpt>
<trkpt lat="50.0377831" lon="22.0271126">
<ele>216.580</ele>
<time>2026-05-21T13:26:51.884Z</time>
</trkpt>
<trkpt lat="50.0377687" lon="22.0272576">
<ele>216.849</ele>
<time>2026-05-21T13:26:56.308Z</time>
</trkpt>
<trkpt lat="50.0377468" lon="22.0274141">
<ele>217.085</ele>
<time>2026-05-21T13:27:01.167Z</time>
</trkpt>
<trkpt lat="50.0377185" lon="22.0275711">
<ele>217.272</ele>
<time>2026-05-21T13:27:06.439Z</time>
</trkpt>
<trkpt lat="50.0377157" lon="22.0277530">
<ele>217.502</ele>
<time>2026-05-21T13:27:10.342Z</time>
</trkpt>
<trkpt lat="50.0376992" lon="22.0279482">
<ele>217.838</ele>
<time>2026-05-21T13:27:14.037Z</time>
</trkpt>
<trkpt lat="50.0376863" lon="22.0281082">
<ele>218.203</ele>
<time>2026-05-21T13:27:17.242Z</time>
</trkpt>
<trkpt lat="50.0376644" lon="22.0282570">
<ele>218.570</ele>
<time>2026-05-21T13:27:20.505Z</time>
</trkpt>
<trkpt lat="50.0376573" lon="22.0283984">
<ele>218.931</ele>
<time>2026-05-21T13:27:23.837Z</time>
</trkpt>
<trkpt lat="50.0376502" lon="22.0285550">
<ele>219.273</ele>
<time>2026-05-21T13:27:28.358Z</time>
</trkpt>
<trkpt lat="50.0376403" lon="22.0287004">
<ele>219.651</ele>
<time>2026-05-21T13:27:33.416Z</time>
</trkpt>
<trkpt lat="50.0376189" lon="22.0288577">
<ele>220.044</ele>
<time>2026-05-21T13:27:37.304Z</time>
</trkpt>
<trkpt lat="50.0376057" lon="22.0290665">
<ele>220.323</ele>
<time>2026-05-21T13:27:40.889Z</time>
</trkpt>
<trkpt lat="50.0375939" lon="22.0292327">
<ele>220.554</ele>
<time>2026-05-21T13:27:44.183Z</time>
</trkpt>
<trkpt lat="50.0375792" lon="22.0293904">
<ele>220.864</ele>
<time>2026-05-21T13:27:48.680Z</time>
</trkpt>
<trkpt lat="50.0375632" lon="22.0295303">
<ele>221.208</ele>
<time>2026-05-21T13:27:53.902Z</time>
</trkpt>
<trkpt lat="50.0375632" lon="22.0295303">
<ele>221.473</ele>
<time>2026-05-21T13:28:01.902Z</time>
</trkpt>
<trkpt lat="50.0375632" lon="22.0295303">
<ele>221.565</ele>
<time>2026-05-21T13:28:02.002Z</time>
</trkpt>
<trkpt lat="50.0375337" lon="22.0297288">
<ele>221.460</ele>
<time>2026-05-21T13:28:11.666Z</time>
</trkpt>
<trkpt lat="50.0375204" lon="22.0298996">
<ele>221.383</ele>
<time>2026-05-21T13:28:15.213Z</time>
</trkpt>
<trkpt lat="50.0375033" lon="22.0300815">
<ele>221.545</ele>
<time>2026-05-21T13:28:18.208Z</time>
</trkpt>
<trkpt lat="50.0374853" lon="22.0302632">
<ele>221.937</ele>
<time>2026-05-21T13:28:20.934Z</time>
</trkpt>
<trkpt lat="50.0374688" lon="22.0304580">
<ele>222.524</ele>
<time>2026-05-21T13:28:23.746Z</time>
</trkpt>
<trkpt lat="50.0374605" lon="22.0306380">
<ele>223.366</ele>
<time>2026-05-21T13:28:26.302Z</time>
</trkpt>
<trkpt lat="50.0374540" lon="22.0308310">
<ele>224.414</ele>
<time>2026-05-21T13:28:29.058Z</time>
</trkpt>
<trkpt lat="50.0374538" lon="22.0309866">
<ele>225.484</ele>
<time>2026-05-21T13:28:31.364Z</time>
</trkpt>
<trkpt lat="50.0374452" lon="22.0311495">
<ele>226.407</ele>
<time>2026-05-21T13:28:34.070Z</time>
</trkpt>
<trkpt lat="50.0374482" lon="22.0313183">
<ele>227.048</ele>
<time>2026-05-21T13:28:37.037Z</time>
</trkpt>
<trkpt lat="50.0374485" lon="22.0314827">
<ele>227.341</ele>
<time>2026-05-21T13:28:40.274Z</time>
</trkpt>
<trkpt lat="50.0374329" lon="22.0316631">
<ele>227.398</ele>
<time>2026-05-21T13:28:44.105Z</time>
</trkpt>
<trkpt lat="50.0373924" lon="22.0318246">
<ele>227.365</ele>
<time>2026-05-21T13:28:47.777Z</time>
</trkpt>
<trkpt lat="50.0373402" lon="22.0319625">
<ele>227.322</ele>
<time>2026-05-21T13:28:50.879Z</time>
</trkpt>
<trkpt lat="50.0372444" lon="22.0321686">
<ele>227.301</ele>
<time>2026-05-21T13:28:55.478Z</time>
</trkpt>
<trkpt lat="50.0371484" lon="22.0324678">
<ele>227.342</ele>
<time>2026-05-21T13:29:00.123Z</time>
</trkpt>
<trkpt lat="50.0371461" lon="22.0327087">
<ele>227.460</ele>
<time>2026-05-21T13:29:02.664Z</time>
</trkpt>
<trkpt lat="50.0371944" lon="22.0329573">
<ele>227.577</ele>
<time>2026-05-21T13:29:04.952Z</time>
</trkpt>
<trkpt lat="50.0373424" lon="22.0332738">
<ele>227.647</ele>
<time>2026-05-21T13:29:07.902Z</time>
</trkpt>
<trkpt lat="50.0373424" lon="22.0332738">
<ele>227.692</ele>
<time>2026-05-21T13:29:13.903Z</time>
</trkpt>
<trkpt lat="50.0373424" lon="22.0332738">
<ele>227.681</ele>
<time>2026-05-21T13:29:15.239Z</time>
</trkpt>
<trkpt lat="50.0374241" lon="22.0334443">
<ele>227.578</ele>
<time>2026-05-21T13:29:21.573Z</time>
</trkpt>
<trkpt lat="50.0375133" lon="22.0336969">
<ele>227.290</ele>
<time>2026-05-21T13:29:25.013Z</time>
</trkpt>
<trkpt lat="50.0375631" lon="22.0340578">
<ele>226.794</ele>
<time>2026-05-21T13:29:28.068Z</time>
</trkpt>
<trkpt lat="50.0376063" lon="22.0345061">
<ele>226.392</ele>
<time>2026-05-21T13:29:31.052Z</time>
</trkpt>
<trkpt lat="50.0376503" lon="22.0350069">
<ele>226.343</ele>
<time>2026-05-21T13:29:34.001Z</time>
</trkpt>
<trkpt lat="50.0376941" lon="22.0355475">
<ele>226.615</ele>
<time>2026-05-21T13:29:36.989Z</time>
</trkpt>
<trkpt lat="50.0377315" lon="22.0361216">
<ele>227.052</ele>
<time>2026-05-21T13:29:40.123Z</time>
</trkpt>
<trkpt lat="50.0377683" lon="22.0366696">
<ele>227.413</ele>
<time>2026-05-21T13:29:43.264Z</time>
</trkpt>
<trkpt lat="50.0378049" lon="22.0371835">
<ele>227.541</ele>
<time>2026-05-21T13:29:46.418Z</time>
</trkpt>
<trkpt lat="50.0378362" lon="22.0376830">
<ele>227.459</ele>
<time>2026-05-21T13:29:49.902Z</time>
</trkpt>
<trkpt lat="50.0378583" lon="22.0380797">
<ele>227.153</ele>
<time>2026-05-21T13:29:53.475Z</time>
</trkpt>
<trkpt lat="50.0378665" lon="22.0383919">
<ele>226.491</ele>
<time>2026-05-21T13:29:57.084Z</time>
</trkpt>
<trkpt lat="50.0378758" lon="22.0386316">
<ele>225.556</ele>
<time>2026-05-21T13:30:00.791Z</time>
</trkpt>
<trkpt lat="50.0378875" lon="22.0387978">
<ele>224.614</ele>
<time>2026-05-21T13:30:04.141Z</time>
</trkpt>
<trkpt lat="50.0378942" lon="22.0389649">
<ele>223.801</ele>
<time>2026-05-21T13:30:08.402Z</time>
</trkpt>
<trkpt lat="50.0379022" lon="22.0391209">
<ele>223.182</ele>
<time>2026-05-21T13:30:12.319Z</time>
</trkpt>
<trkpt lat="50.0379196" lon="22.0392808">
<ele>222.796</ele>
<time>2026-05-21T13:30:14.997Z</time>
</trkpt>
<trkpt lat="50.0379349" lon="22.0394745">
<ele>222.566</ele>
<time>2026-05-21T13:30:17.420Z</time>
</trkpt>
<trkpt lat="50.0379480" lon="22.0397427">
<ele>222.454</ele>
<time>2026-05-21T13:30:20.198Z</time>
</trkpt>
<trkpt lat="50.0379650" lon="22.0400427">
<ele>222.417</ele>
<time>2026-05-21T13:30:22.799Z</time>
</trkpt>
<trkpt lat="50.0379890" lon="22.0404176">
<ele>222.411</ele>
<time>2026-05-21T13:30:25.689Z</time>
</trkpt>
<trkpt lat="50.0380216" lon="22.0408183">
<ele>222.380</ele>
<time>2026-05-21T13:30:28.660Z</time>
</trkpt>
<trkpt lat="50.0380468" lon="22.0412376">
<ele>222.329</ele>
<time>2026-05-21T13:30:31.388Z</time>
</trkpt>
<trkpt lat="50.0380738" lon="22.0417529">
<ele>222.335</ele>
<time>2026-05-21T13:30:34.293Z</time>
</trkpt>
<trkpt lat="50.0381136" lon="22.0423404">
<ele>222.590</ele>
<time>2026-05-21T13:30:37.429Z</time>
</trkpt>
<trkpt lat="50.0381621" lon="22.0428857">
<ele>223.386</ele>
<time>2026-05-21T13:30:40.382Z</time>
</trkpt>
<trkpt lat="50.0382067" lon="22.0434475">
<ele>224.758</ele>
<time>2026-05-21T13:30:43.378Z</time>
</trkpt>
<trkpt lat="50.0382396" lon="22.0440248">
<ele>226.284</ele>
<time>2026-05-21T13:30:46.372Z</time>
</trkpt>
<trkpt lat="50.0382543" lon="22.0446154">
<ele>227.433</ele>
<time>2026-05-21T13:30:49.403Z</time>
</trkpt>
<trkpt lat="50.0382899" lon="22.0452007">
<ele>227.965</ele>
<time>2026-05-21T13:30:52.440Z</time>
</trkpt>
<trkpt lat="50.0383241" lon="22.0457702">
<ele>227.920</ele>
<time>2026-05-21T13:30:55.401Z</time>
</trkpt>
<trkpt lat="50.0383628" lon="22.0463506">
<ele>227.513</ele>
<time>2026-05-21T13:30:58.382Z</time>
</trkpt>
<trkpt lat="50.0384137" lon="22.0469452">
<ele>227.059</ele>
<time>2026-05-21T13:31:01.389Z</time>
</trkpt>
<trkpt lat="50.0384634" lon="22.0475574">
<ele>226.752</ele>
<time>2026-05-21T13:31:04.708Z</time>
</trkpt>
<trkpt lat="50.0384963" lon="22.0480719">
<ele>226.418</ele>
<time>2026-05-21T13:31:08.120Z</time>
</trkpt>
<trkpt lat="50.0385307" lon="22.0484796">
<ele>225.735</ele>
<time>2026-05-21T13:31:10.994Z</time>
</trkpt>
<trkpt lat="50.0385474" lon="22.0487740">
<ele>224.739</ele>
<time>2026-05-21T13:31:12.963Z</time>
</trkpt>
<trkpt lat="50.0385705" lon="22.0492392">
<ele>223.749</ele>
<time>2026-05-21T13:31:15.872Z</time>
</trkpt>
<trkpt lat="50.0386006" lon="22.0497270">
<ele>222.980</ele>
<time>2026-05-21T13:31:18.832Z</time>
</trkpt>
<trkpt lat="50.0386262" lon="22.0502142">
<ele>222.560</ele>
<time>2026-05-21T13:31:21.691Z</time>
</trkpt>
<trkpt lat="50.0386548" lon="22.0507326">
<ele>222.466</ele>
<time>2026-05-21T13:31:24.600Z</time>
</trkpt>
<trkpt lat="50.0386896" lon="22.0512790">
<ele>222.445</ele>
<time>2026-05-21T13:31:27.552Z</time>
</trkpt>
<trkpt lat="50.0387251" lon="22.0518398">
<ele>222.286</ele>
<time>2026-05-21T13:31:30.521Z</time>
</trkpt>
<trkpt lat="50.0387623" lon="22.0524107">
<ele>221.982</ele>
<time>2026-05-21T13:31:33.537Z</time>
</trkpt>
<trkpt lat="50.0387896" lon="22.0529718">
<ele>221.671</ele>
<time>2026-05-21T13:31:36.502Z</time>
</trkpt>
<trkpt lat="50.0388214" lon="22.0535416">
<ele>221.475</ele>
<time>2026-05-21T13:31:39.445Z</time>
</trkpt>
<trkpt lat="50.0388572" lon="22.0541333">
<ele>221.355</ele>
<time>2026-05-21T13:31:42.369Z</time>
</trkpt>
<trkpt lat="50.0388989" lon="22.0547593">
<ele>221.206</ele>
<time>2026-05-21T13:31:45.393Z</time>
</trkpt>
<trkpt lat="50.0389406" lon="22.0553812">
<ele>221.099</ele>
<time>2026-05-21T13:31:48.433Z</time>
</trkpt>
<trkpt lat="50.0389805" lon="22.0559896">
<ele>221.127</ele>
<time>2026-05-21T13:31:51.398Z</time>
</trkpt>
<trkpt lat="50.0390223" lon="22.0566250">
<ele>221.289</ele>
<time>2026-05-21T13:31:54.303Z</time>
</trkpt>
<trkpt lat="50.0390581" lon="22.0573303">
<ele>221.608</ele>
<time>2026-05-21T13:31:57.228Z</time>
</trkpt>
<trkpt lat="50.0391054" lon="22.0581128">
<ele>222.095</ele>
<time>2026-05-21T13:32:00.329Z</time>
</trkpt>
<trkpt lat="50.0391529" lon="22.0588833">
<ele>222.631</ele>
<time>2026-05-21T13:32:03.441Z</time>
</trkpt>
<trkpt lat="50.0391967" lon="22.0596372">
<ele>223.036</ele>
<time>2026-05-21T13:32:06.508Z</time>
</trkpt>
<trkpt lat="50.0392441" lon="22.0604051">
<ele>223.299</ele>
<time>2026-05-21T13:32:09.692Z</time>
</trkpt>
<trkpt lat="50.0392899" lon="22.0611165">
<ele>223.648</ele>
<time>2026-05-21T13:32:12.821Z</time>
</trkpt>
<trkpt lat="50.0393224" lon="22.0617794">
<ele>224.251</ele>
<time>2026-05-21T13:32:15.868Z</time>
</trkpt>
<trkpt lat="50.0393444" lon="22.0624224">
<ele>225.006</ele>
<time>2026-05-21T13:32:18.915Z</time>
</trkpt>
<trkpt lat="50.0393733" lon="22.0630364">
<ele>225.749</ele>
<time>2026-05-21T13:32:22.023Z</time>
</trkpt>
<trkpt lat="50.0394102" lon="22.0635826">
<ele>226.404</ele>
<time>2026-05-21T13:32:24.974Z</time>
</trkpt>
<trkpt lat="50.0394561" lon="22.0641142">
<ele>226.971</ele>
<time>2026-05-21T13:32:28.237Z</time>
</trkpt>
<trkpt lat="50.0394943" lon="22.0645698">
<ele>227.471</ele>
<time>2026-05-21T13:32:31.741Z</time>
</trkpt>
<trkpt lat="50.0395120" lon="22.0649230">
<ele>227.862</ele>
<time>2026-05-21T13:32:34.849Z</time>
</trkpt>
<trkpt lat="50.0395326" lon="22.0652565">
<ele>228.129</ele>
<time>2026-05-21T13:32:38.317Z</time>
</trkpt>
<trkpt lat="50.0395554" lon="22.0655547">
<ele>228.391</ele>
<time>2026-05-21T13:32:43.379Z</time>
</trkpt>
<trkpt lat="50.0395691" lon="22.0657534">
<ele>228.726</ele>
<time>2026-05-21T13:32:47.554Z</time>
</trkpt>
<trkpt lat="50.0395969" lon="22.0659036">
<ele>229.036</ele>
<time>2026-05-21T13:32:50.666Z</time>
</trkpt>
<trkpt lat="50.0396112" lon="22.0660530">
<ele>229.207</ele>
<time>2026-05-21T13:32:53.551Z</time>
</trkpt>
<trkpt lat="50.0396260" lon="22.0662365">
<ele>229.300</ele>
<time>2026-05-21T13:32:57.236Z</time>
</trkpt>
<trkpt lat="50.0396358" lon="22.0663874">
<ele>229.451</ele>
<time>2026-05-21T13:33:00.371Z</time>
</trkpt>
<trkpt lat="50.0396473" lon="22.0665689">
<ele>229.683</ele>
<time>2026-05-21T13:33:04.654Z</time>
</trkpt>
<trkpt lat="50.0396557" lon="22.0667099">
<ele>229.935</ele>
<time>2026-05-21T13:33:08.095Z</time>
</trkpt>
<trkpt lat="50.0396607" lon="22.0668604">
<ele>230.180</ele>
<time>2026-05-21T13:33:11.158Z</time>
</trkpt>
<trkpt lat="50.0396732" lon="22.0670364">
<ele>230.408</ele>
<time>2026-05-21T13:33:13.872Z</time>
</trkpt>
<trkpt lat="50.0396773" lon="22.0672490">
<ele>230.584</ele>
<time>2026-05-21T13:33:16.444Z</time>
</trkpt>
<trkpt lat="50.0396866" lon="22.0674038">
<ele>230.723</ele>
<time>2026-05-21T13:33:18.190Z</time>
</trkpt>
<trkpt lat="50.0397037" lon="22.0677014">
<ele>230.877</ele>
<time>2026-05-21T13:33:21.438Z</time>
</trkpt>
<trkpt lat="50.0397141" lon="22.0678950">
<ele>231.024</ele>
<time>2026-05-21T13:33:23.747Z</time>
</trkpt>
<trkpt lat="50.0397237" lon="22.0680518">
<ele>231.107</ele>
<time>2026-05-21T13:33:25.558Z</time>
</trkpt>
<trkpt lat="50.0397370" lon="22.0682140">
<ele>231.128</ele>
<time>2026-05-21T13:33:27.416Z</time>
</trkpt>
<trkpt lat="50.0397510" lon="22.0684967">
<ele>231.146</ele>
<time>2026-05-21T13:33:30.748Z</time>
</trkpt>
<trkpt lat="50.0397649" lon="22.0686716">
<ele>231.226</ele>
<time>2026-05-21T13:33:32.965Z</time>
</trkpt>
<trkpt lat="50.0397760" lon="22.0688966">
<ele>231.360</ele>
<time>2026-05-21T13:33:35.797Z</time>
</trkpt>
<trkpt lat="50.0397913" lon="22.0691315">
<ele>231.441</ele>
<time>2026-05-21T13:33:38.572Z</time>
</trkpt>
<trkpt lat="50.0398043" lon="22.0694129">
<ele>231.397</ele>
<time>2026-05-21T13:33:41.923Z</time>
</trkpt>
<trkpt lat="50.0398246" lon="22.0696710">
<ele>231.239</ele>
<time>2026-05-21T13:33:45.246Z</time>
</trkpt>
<trkpt lat="50.0398373" lon="22.0698904">
<ele>231.015</ele>
<time>2026-05-21T13:33:47.951Z</time>
</trkpt>
<trkpt lat="50.0398510" lon="22.0701294">
<ele>230.803</ele>
<time>2026-05-21T13:33:50.675Z</time>
</trkpt>
<trkpt lat="50.0398698" lon="22.0704072">
<ele>230.669</ele>
<time>2026-05-21T13:33:53.813Z</time>
</trkpt>
<trkpt lat="50.0398831" lon="22.0706592">
<ele>230.652</ele>
<time>2026-05-21T13:33:56.829Z</time>
</trkpt>
<trkpt lat="50.0399010" lon="22.0709319">
<ele>230.747</ele>
<time>2026-05-21T13:34:00.584Z</time>
</trkpt>
<trkpt lat="50.0399177" lon="22.0711416">
<ele>230.836</ele>
<time>2026-05-21T13:34:04.033Z</time>
</trkpt>
<trkpt lat="50.0399339" lon="22.0713443">
<ele>230.815</ele>
<time>2026-05-21T13:34:08.445Z</time>
</trkpt>
<trkpt lat="50.0399378" lon="22.0715008">
<ele>230.699</ele>
<time>2026-05-21T13:34:13.110Z</time>
</trkpt>
<trkpt lat="50.0399476" lon="22.0716525">
<ele>230.541</ele>
<time>2026-05-21T13:34:17.141Z</time>
</trkpt>
<trkpt lat="50.0399572" lon="22.0718004">
<ele>230.397</ele>
<time>2026-05-21T13:34:20.199Z</time>
</trkpt>
<trkpt lat="50.0399743" lon="22.0719977">
<ele>230.288</ele>
<time>2026-05-21T13:34:23.090Z</time>
</trkpt>
<trkpt lat="50.0399808" lon="22.0722149">
<ele>230.222</ele>
<time>2026-05-21T13:34:25.760Z</time>
</trkpt>
<trkpt lat="50.0399912" lon="22.0724813">
<ele>230.188</ele>
<time>2026-05-21T13:34:28.946Z</time>
</trkpt>
<trkpt lat="50.0399906" lon="22.0727623">
<ele>230.134</ele>
<time>2026-05-21T13:34:32.552Z</time>
</trkpt>
<trkpt lat="50.0400071" lon="22.0729900">
<ele>229.988</ele>
<time>2026-05-21T13:34:35.604Z</time>
</trkpt>
<trkpt lat="50.0400185" lon="22.0732273">
<ele>229.758</ele>
<time>2026-05-21T13:34:39.083Z</time>
</trkpt>
<trkpt lat="50.0400340" lon="22.0734469">
<ele>229.548</ele>
<time>2026-05-21T13:34:44.265Z</time>
</trkpt>
<trkpt lat="50.0400477" lon="22.0736201">
<ele>229.449</ele>
<time>2026-05-21T13:34:49.404Z</time>
</trkpt>
<trkpt lat="50.0400583" lon="22.0737655">
<ele>229.459</ele>
<time>2026-05-21T13:34:52.876Z</time>
</trkpt>
<trkpt lat="50.0400664" lon="22.0739205">
<ele>229.599</ele>
<time>2026-05-21T13:34:55.788Z</time>
</trkpt>
<trkpt lat="50.0400882" lon="22.0740951">
<ele>229.946</ele>
<time>2026-05-21T13:34:58.824Z</time>
</trkpt>
<trkpt lat="50.0400969" lon="22.0742463">
<ele>230.558</ele>
<time>2026-05-21T13:35:00.944Z</time>
</trkpt>
<trkpt lat="50.0401131" lon="22.0744269">
<ele>231.300</ele>
<time>2026-05-21T13:35:03.087Z</time>
</trkpt>
<trkpt lat="50.0401311" lon="22.0747189">
<ele>231.947</ele>
<time>2026-05-21T13:35:05.853Z</time>
</trkpt>
<trkpt lat="50.0401538" lon="22.0750711">
<ele>232.447</ele>
<time>2026-05-21T13:35:09.254Z</time>
</trkpt>
<trkpt lat="50.0401663" lon="22.0753477">
<ele>232.818</ele>
<time>2026-05-21T13:35:11.936Z</time>
</trkpt>
<trkpt lat="50.0401823" lon="22.0756879">
<ele>232.895</ele>
<time>2026-05-21T13:35:15.028Z</time>
</trkpt>
<trkpt lat="50.0401970" lon="22.0760114">
<ele>232.411</ele>
<time>2026-05-21T13:35:17.788Z</time>
</trkpt>
<trkpt lat="50.0402186" lon="22.0763902">
<ele>231.363</ele>
<time>2026-05-21T13:35:20.397Z</time>
</trkpt>
<trkpt lat="50.0402467" lon="22.0768817">
<ele>230.229</ele>
<time>2026-05-21T13:35:23.391Z</time>
</trkpt>
<trkpt lat="50.0402847" lon="22.0773984">
<ele>229.524</ele>
<time>2026-05-21T13:35:26.469Z</time>
</trkpt>
<trkpt lat="50.0403148" lon="22.0779038">
<ele>229.296</ele>
<time>2026-05-21T13:35:29.423Z</time>
</trkpt>
<trkpt lat="50.0403326" lon="22.0782493">
<ele>229.310</ele>
<time>2026-05-21T13:35:31.347Z</time>
</trkpt>
<trkpt lat="50.0403681" lon="22.0788066">
<ele>229.385</ele>
<time>2026-05-21T13:35:34.265Z</time>
</trkpt>
<trkpt lat="50.0403938" lon="22.0792039">
<ele>229.472</ele>
<time>2026-05-21T13:35:36.206Z</time>
</trkpt>
<trkpt lat="50.0404335" lon="22.0798410">
<ele>229.571</ele>
<time>2026-05-21T13:35:39.201Z</time>
</trkpt>
<trkpt lat="50.0404734" lon="22.0804872">
<ele>229.599</ele>
<time>2026-05-21T13:35:42.190Z</time>
</trkpt>
<trkpt lat="50.0405044" lon="22.0811269">
<ele>229.502</ele>
<time>2026-05-21T13:35:45.136Z</time>
</trkpt>
<trkpt lat="50.0405324" lon="22.0817717">
<ele>229.400</ele>
<time>2026-05-21T13:35:48.080Z</time>
</trkpt>
<trkpt lat="50.0405701" lon="22.0824161">
<ele>229.451</ele>
<time>2026-05-21T13:35:51.009Z</time>
</trkpt>
<trkpt lat="50.0406175" lon="22.0830824">
<ele>229.632</ele>
<time>2026-05-21T13:35:54.100Z</time>
</trkpt>
<trkpt lat="50.0406541" lon="22.0836995">
<ele>229.776</ele>
<time>2026-05-21T13:35:57.116Z</time>
</trkpt>
<trkpt lat="50.0406931" lon="22.0842844">
<ele>229.790</ele>
<time>2026-05-21T13:36:00.130Z</time>
</trkpt>
<trkpt lat="50.0407292" lon="22.0848469">
<ele>229.734</ele>
<time>2026-05-21T13:36:03.044Z</time>
</trkpt>
<trkpt lat="50.0407667" lon="22.0854380">
<ele>229.682</ele>
<time>2026-05-21T13:36:06.087Z</time>
</trkpt>
<trkpt lat="50.0408020" lon="22.0860082">
<ele>229.634</ele>
<time>2026-05-21T13:36:09.090Z</time>
</trkpt>
<trkpt lat="50.0408423" lon="22.0865647">
<ele>229.563</ele>
<time>2026-05-21T13:36:12.099Z</time>
</trkpt>
<trkpt lat="50.0408915" lon="22.0871051">
<ele>229.394</ele>
<time>2026-05-21T13:36:15.065Z</time>
</trkpt>
<trkpt lat="50.0409357" lon="22.0876429">
<ele>229.081</ele>
<time>2026-05-21T13:36:17.952Z</time>
</trkpt>
<trkpt lat="50.0409704" lon="22.0882198">
<ele>228.730</ele>
<time>2026-05-21T13:36:20.889Z</time>
</trkpt>
<trkpt lat="50.0410128" lon="22.0888349">
<ele>228.468</ele>
<time>2026-05-21T13:36:23.955Z</time>
</trkpt>
<trkpt lat="50.0410514" lon="22.0894413">
<ele>228.304</ele>
<time>2026-05-21T13:36:27.045Z</time>
</trkpt>
<trkpt lat="50.0410871" lon="22.0900301">
<ele>228.259</ele>
<time>2026-05-21T13:36:30.099Z</time>
</trkpt>
<trkpt lat="50.0411253" lon="22.0906166">
<ele>228.357</ele>
<time>2026-05-21T13:36:33.109Z</time>
</trkpt>
<trkpt lat="50.0411567" lon="22.0912216">
<ele>228.563</ele>
<time>2026-05-21T13:36:36.128Z</time>
</trkpt>
<trkpt lat="50.0411950" lon="22.0918473">
<ele>228.868</ele>
<time>2026-05-21T13:36:39.250Z</time>
</trkpt>
<trkpt lat="50.0412300" lon="22.0924518">
<ele>229.243</ele>
<time>2026-05-21T13:36:42.378Z</time>
</trkpt>
<trkpt lat="50.0412612" lon="22.0930063">
<ele>229.559</ele>
<time>2026-05-21T13:36:45.225Z</time>
</trkpt>
<trkpt lat="50.0412966" lon="22.0936064">
<ele>229.711</ele>
<time>2026-05-21T13:36:48.132Z</time>
</trkpt>
<trkpt lat="50.0413422" lon="22.0942700">
<ele>229.669</ele>
<time>2026-05-21T13:36:51.212Z</time>
</trkpt>
<trkpt lat="50.0413827" lon="22.0949291">
<ele>229.462</ele>
<time>2026-05-21T13:36:54.232Z</time>
</trkpt>
<trkpt lat="50.0414226" lon="22.0955728">
<ele>229.195</ele>
<time>2026-05-21T13:36:57.150Z</time>
</trkpt>
<trkpt lat="50.0414593" lon="22.0962508">
<ele>228.976</ele>
<time>2026-05-21T13:37:00.142Z</time>
</trkpt>
<trkpt lat="50.0414983" lon="22.0969469">
<ele>228.873</ele>
<time>2026-05-21T13:37:03.160Z</time>
</trkpt>
<trkpt lat="50.0415365" lon="22.0976542">
<ele>229.090</ele>
<time>2026-05-21T13:37:06.179Z</time>
</trkpt>
<trkpt lat="50.0415743" lon="22.0983749">
<ele>229.678</ele>
<time>2026-05-21T13:37:09.164Z</time>
</trkpt>
<trkpt lat="50.0416190" lon="22.0991188">
<ele>230.186</ele>
<time>2026-05-21T13:37:12.085Z</time>
</trkpt>
<trkpt lat="50.0416675" lon="22.0999382">
<ele>230.169</ele>
<time>2026-05-21T13:37:15.099Z</time>
</trkpt>
<trkpt lat="50.0417227" lon="22.1007981">
<ele>229.733</ele>
<time>2026-05-21T13:37:18.111Z</time>
</trkpt>
<trkpt lat="50.0417792" lon="22.1016808">
<ele>229.167</ele>
<time>2026-05-21T13:37:21.141Z</time>
</trkpt>
<trkpt lat="50.0418334" lon="22.1025530">
<ele>228.755</ele>
<time>2026-05-21T13:37:24.138Z</time>
</trkpt>
<trkpt lat="50.0418811" lon="22.1034138">
<ele>228.890</ele>
<time>2026-05-21T13:37:27.105Z</time>
</trkpt>
<trkpt lat="50.0419186" lon="22.1039966">
<ele>229.686</ele>
<time>2026-05-21T13:37:29.120Z</time>
</trkpt>
<trkpt lat="50.0419655" lon="22.1048497">
<ele>230.679</ele>
<time>2026-05-21T13:37:32.067Z</time>
</trkpt>
<trkpt lat="50.0420139" lon="22.1057204">
<ele>231.623</ele>
<time>2026-05-21T13:37:35.065Z</time>
</trkpt>
<trkpt lat="50.0420526" lon="22.1063005">
<ele>232.740</ele>
<time>2026-05-21T13:37:37.054Z</time>
</trkpt>
<trkpt lat="50.0421140" lon="22.1071604">
<ele>234.037</ele>
<time>2026-05-21T13:37:39.981Z</time>
</trkpt>
<trkpt lat="50.0421894" lon="22.1080451">
<ele>235.389</ele>
<time>2026-05-21T13:37:42.952Z</time>
</trkpt>
<trkpt lat="50.0422727" lon="22.1089433">
<ele>236.718</ele>
<time>2026-05-21T13:37:45.921Z</time>
</trkpt>
<trkpt lat="50.0423561" lon="22.1098582">
<ele>237.718</ele>
<time>2026-05-21T13:37:48.903Z</time>
</trkpt>
<trkpt lat="50.0424396" lon="22.1107752">
<ele>238.174</ele>
<time>2026-05-21T13:37:51.859Z</time>
</trkpt>
<trkpt lat="50.0425192" lon="22.1117046">
<ele>238.306</ele>
<time>2026-05-21T13:37:54.817Z</time>
</trkpt>
<trkpt lat="50.0426010" lon="22.1126536">
<ele>238.488</ele>
<time>2026-05-21T13:37:57.795Z</time>
</trkpt>
<trkpt lat="50.0426892" lon="22.1136215">
<ele>238.838</ele>
<time>2026-05-21T13:38:00.821Z</time>
</trkpt>
<trkpt lat="50.0427755" lon="22.1145773">
<ele>239.194</ele>
<time>2026-05-21T13:38:03.902Z</time>
</trkpt>
<trkpt lat="50.0428529" lon="22.1154693">
<ele>239.601</ele>
<time>2026-05-21T13:38:07.029Z</time>
</trkpt>
<trkpt lat="50.0429232" lon="22.1162453">
<ele>240.169</ele>
<time>2026-05-21T13:38:10.046Z</time>
</trkpt>
<trkpt lat="50.0429919" lon="22.1169661">
<ele>240.659</ele>
<time>2026-05-21T13:38:13.031Z</time>
</trkpt>
<trkpt lat="50.0430578" lon="22.1176706">
<ele>240.856</ele>
<time>2026-05-21T13:38:16.009Z</time>
</trkpt>
<trkpt lat="50.0431128" lon="22.1183814">
<ele>240.857</ele>
<time>2026-05-21T13:38:19.003Z</time>
</trkpt>
<trkpt lat="50.0431718" lon="22.1190949">
<ele>240.812</ele>
<time>2026-05-21T13:38:21.990Z</time>
</trkpt>
<trkpt lat="50.0432342" lon="22.1198215">
<ele>240.834</ele>
<time>2026-05-21T13:38:25.008Z</time>
</trkpt>
<trkpt lat="50.0432948" lon="22.1205528">
<ele>241.049</ele>
<time>2026-05-21T13:38:28.035Z</time>
</trkpt>
<trkpt lat="50.0433562" lon="22.1212796">
<ele>241.577</ele>
<time>2026-05-21T13:38:31.014Z</time>
</trkpt>
<trkpt lat="50.0434277" lon="22.1220255">
<ele>242.290</ele>
<time>2026-05-21T13:38:33.986Z</time>
</trkpt>
<trkpt lat="50.0435020" lon="22.1228042">
<ele>242.880</ele>
<time>2026-05-21T13:38:36.981Z</time>
</trkpt>
<trkpt lat="50.0435768" lon="22.1236027">
<ele>243.213</ele>
<time>2026-05-21T13:38:39.983Z</time>
</trkpt>
<trkpt lat="50.0436517" lon="22.1244029">
<ele>243.251</ele>
<time>2026-05-21T13:38:43.111Z</time>
</trkpt>
<trkpt lat="50.0437190" lon="22.1251188">
<ele>242.971</ele>
<time>2026-05-21T13:38:46.253Z</time>
</trkpt>
<trkpt lat="50.0437738" lon="22.1257466">
<ele>242.526</ele>
<time>2026-05-21T13:38:49.223Z</time>
</trkpt>
<trkpt lat="50.0438299" lon="22.1263800">
<ele>242.150</ele>
<time>2026-05-21T13:38:52.124Z</time>
</trkpt>
<trkpt lat="50.0438900" lon="22.1270661">
<ele>241.978</ele>
<time>2026-05-21T13:38:55.061Z</time>
</trkpt>
<trkpt lat="50.0439544" lon="22.1277876">
<ele>241.999</ele>
<time>2026-05-21T13:38:58.060Z</time>
</trkpt>
<trkpt lat="50.0440143" lon="22.1284809">
<ele>242.085</ele>
<time>2026-05-21T13:39:00.959Z</time>
</trkpt>
<trkpt lat="50.0440813" lon="22.1291678">
<ele>242.136</ele>
<time>2026-05-21T13:39:03.878Z</time>
</trkpt>
<trkpt lat="50.0441505" lon="22.1298574">
<ele>242.069</ele>
<time>2026-05-21T13:39:06.788Z</time>
</trkpt>
<trkpt lat="50.0442153" lon="22.1306058">
<ele>241.879</ele>
<time>2026-05-21T13:39:09.879Z</time>
</trkpt>
<trkpt lat="50.0442959" lon="22.1313308">
<ele>241.715</ele>
<time>2026-05-21T13:39:12.815Z</time>
</trkpt>
<trkpt lat="50.0443389" lon="22.1321243">
<ele>241.808</ele>
<time>2026-05-21T13:39:15.879Z</time>
</trkpt>
<trkpt lat="50.0444076" lon="22.1329214">
<ele>242.169</ele>
<time>2026-05-21T13:39:18.926Z</time>
</trkpt>
<trkpt lat="50.0444844" lon="22.1336908">
<ele>242.495</ele>
<time>2026-05-21T13:39:21.895Z</time>
</trkpt>
<trkpt lat="50.0445485" lon="22.1344532">
<ele>242.528</ele>
<time>2026-05-21T13:39:24.846Z</time>
</trkpt>
<trkpt lat="50.0446167" lon="22.1352222">
<ele>242.330</ele>
<time>2026-05-21T13:39:27.820Z</time>
</trkpt>
<trkpt lat="50.0446904" lon="22.1359885">
<ele>242.076</ele>
<time>2026-05-21T13:39:30.764Z</time>
</trkpt>
<trkpt lat="50.0447565" lon="22.1367669">
<ele>241.866</ele>
<time>2026-05-21T13:39:33.716Z</time>
</trkpt>
<trkpt lat="50.0448050" lon="22.1372982">
<ele>241.720</ele>
<time>2026-05-21T13:39:35.703Z</time>
</trkpt>
<trkpt lat="50.0448557" lon="22.1378429">
<ele>241.635</ele>
<time>2026-05-21T13:39:37.711Z</time>
</trkpt>
<trkpt lat="50.0449090" lon="22.1383890">
<ele>241.589</ele>
<time>2026-05-21T13:39:39.706Z</time>
</trkpt>
<trkpt lat="50.0449584" lon="22.1389355">
<ele>241.594</ele>
<time>2026-05-21T13:39:41.690Z</time>
</trkpt>
<trkpt lat="50.0450316" lon="22.1397644">
<ele>241.712</ele>
<time>2026-05-21T13:39:44.680Z</time>
</trkpt>
<trkpt lat="50.0451043" lon="22.1406001">
<ele>241.979</ele>
<time>2026-05-21T13:39:47.652Z</time>
</trkpt>
<trkpt lat="50.0451790" lon="22.1414426">
<ele>242.391</ele>
<time>2026-05-21T13:39:50.598Z</time>
</trkpt>
<trkpt lat="50.0452631" lon="22.1422993">
<ele>242.887</ele>
<time>2026-05-21T13:39:53.550Z</time>
</trkpt>
<trkpt lat="50.0453358" lon="22.1431737">
<ele>243.353</ele>
<time>2026-05-21T13:39:56.514Z</time>
</trkpt>
<trkpt lat="50.0454150" lon="22.1440580">
<ele>243.699</ele>
<time>2026-05-21T13:39:59.506Z</time>
</trkpt>
<trkpt lat="50.0454948" lon="22.1449291">
<ele>243.893</ele>
<time>2026-05-21T13:40:02.485Z</time>
</trkpt>
<trkpt lat="50.0455688" lon="22.1458016">
<ele>243.966</ele>
<time>2026-05-21T13:40:05.518Z</time>
</trkpt>
<trkpt lat="50.0456448" lon="22.1466519">
<ele>243.987</ele>
<time>2026-05-21T13:40:08.627Z</time>
</trkpt>
<trkpt lat="50.0457138" lon="22.1474052">
<ele>243.972</ele>
<time>2026-05-21T13:40:11.695Z</time>
</trkpt>
<trkpt lat="50.0457672" lon="22.1480560">
<ele>243.912</ele>
<time>2026-05-21T13:40:14.667Z</time>
</trkpt>
<trkpt lat="50.0458210" lon="22.1486616">
<ele>243.877</ele>
<time>2026-05-21T13:40:17.722Z</time>
</trkpt>
<trkpt lat="50.0458707" lon="22.1491968">
<ele>244.012</ele>
<time>2026-05-21T13:40:20.632Z</time>
</trkpt>
<trkpt lat="50.0459174" lon="22.1497186">
<ele>244.399</ele>
<time>2026-05-21T13:40:23.503Z</time>
</trkpt>
<trkpt lat="50.0459656" lon="22.1502725">
<ele>245.031</ele>
<time>2026-05-21T13:40:26.410Z</time>
</trkpt>
<trkpt lat="50.0460190" lon="22.1508826">
<ele>245.927</ele>
<time>2026-05-21T13:40:29.465Z</time>
</trkpt>
<trkpt lat="50.0460751" lon="22.1514893">
<ele>247.092</ele>
<time>2026-05-21T13:40:32.488Z</time>
</trkpt>
<trkpt lat="50.0461278" lon="22.1520838">
<ele>248.357</ele>
<time>2026-05-21T13:40:35.448Z</time>
</trkpt>
<trkpt lat="50.0461795" lon="22.1527021">
<ele>249.475</ele>
<time>2026-05-21T13:40:38.435Z</time>
</trkpt>
<trkpt lat="50.0462384" lon="22.1533541">
<ele>250.376</ele>
<time>2026-05-21T13:40:41.429Z</time>
</trkpt>
<trkpt lat="50.0462981" lon="22.1540581">
<ele>251.283</ele>
<time>2026-05-21T13:40:44.456Z</time>
</trkpt>
<trkpt lat="50.0463647" lon="22.1548093">
<ele>252.388</ele>
<time>2026-05-21T13:40:47.477Z</time>
</trkpt>
<trkpt lat="50.0464390" lon="22.1556023">
<ele>253.672</ele>
<time>2026-05-21T13:40:50.490Z</time>
</trkpt>
<trkpt lat="50.0465121" lon="22.1564094">
<ele>255.122</ele>
<time>2026-05-21T13:40:53.437Z</time>
</trkpt>
<trkpt lat="50.0465844" lon="22.1572345">
<ele>256.786</ele>
<time>2026-05-21T13:40:56.381Z</time>
</trkpt>
<trkpt lat="50.0466563" lon="22.1580733">
<ele>258.652</ele>
<time>2026-05-21T13:40:59.352Z</time>
</trkpt>
<trkpt lat="50.0467305" lon="22.1589068">
<ele>260.485</ele>
<time>2026-05-21T13:41:02.331Z</time>
</trkpt>
<trkpt lat="50.0468022" lon="22.1597378">
<ele>261.826</ele>
<time>2026-05-21T13:41:05.310Z</time>
</trkpt>
<trkpt lat="50.0468783" lon="22.1605898">
<ele>262.071</ele>
<time>2026-05-21T13:41:08.347Z</time>
</trkpt>
<trkpt lat="50.0469546" lon="22.1614451">
<ele>261.009</ele>
<time>2026-05-21T13:41:11.435Z</time>
</trkpt>
<trkpt lat="50.0470282" lon="22.1622633">
<ele>259.059</ele>
<time>2026-05-21T13:41:14.470Z</time>
</trkpt>
<trkpt lat="50.0471021" lon="22.1630576">
<ele>256.806</ele>
<time>2026-05-21T13:41:17.491Z</time>
</trkpt>
<trkpt lat="50.0471699" lon="22.1638465">
<ele>254.824</ele>
<time>2026-05-21T13:41:20.524Z</time>
</trkpt>
<trkpt lat="50.0472432" lon="22.1646444">
<ele>253.654</ele>
<time>2026-05-21T13:41:23.557Z</time>
</trkpt>
<trkpt lat="50.0473210" lon="22.1654662">
<ele>253.317</ele>
<time>2026-05-21T13:41:26.595Z</time>
</trkpt>
<trkpt lat="50.0473975" lon="22.1663021">
<ele>253.722</ele>
<time>2026-05-21T13:41:29.608Z</time>
</trkpt>
<trkpt lat="50.0474704" lon="22.1671512">
<ele>254.935</ele>
<time>2026-05-21T13:41:32.619Z</time>
</trkpt>
<trkpt lat="50.0475528" lon="22.1679983">
<ele>256.871</ele>
<time>2026-05-21T13:41:35.601Z</time>
</trkpt>
<trkpt lat="50.0476203" lon="22.1688677">
<ele>259.217</ele>
<time>2026-05-21T13:41:38.618Z</time>
</trkpt>
<trkpt lat="50.0476744" lon="22.1694448">
<ele>261.511</ele>
<time>2026-05-21T13:41:40.609Z</time>
</trkpt>
<trkpt lat="50.0477578" lon="22.1703123">
<ele>263.257</ele>
<time>2026-05-21T13:41:43.604Z</time>
</trkpt>
<trkpt lat="50.0478457" lon="22.1711686">
<ele>264.636</ele>
<time>2026-05-21T13:41:46.562Z</time>
</trkpt>
<trkpt lat="50.0479311" lon="22.1720499">
<ele>266.763</ele>
<time>2026-05-21T13:41:49.576Z</time>
</trkpt>
<trkpt lat="50.0479793" lon="22.1726510">
<ele>270.100</ele>
<time>2026-05-21T13:41:51.642Z</time>
</trkpt>
<trkpt lat="50.0480479" lon="22.1735121">
<ele>273.330</ele>
<time>2026-05-21T13:41:54.684Z</time>
</trkpt>
<trkpt lat="50.0481207" lon="22.1743213">
<ele>274.451</ele>
<time>2026-05-21T13:41:57.659Z</time>
</trkpt>
<trkpt lat="50.0481932" lon="22.1751057">
<ele>273.095</ele>
<time>2026-05-21T13:42:00.645Z</time>
</trkpt>
<trkpt lat="50.0482586" lon="22.1758636">
<ele>270.980</ele>
<time>2026-05-21T13:42:03.614Z</time>
</trkpt>
<trkpt lat="50.0483250" lon="22.1766153">
<ele>269.777</ele>
<time>2026-05-21T13:42:06.581Z</time>
</trkpt>
<trkpt lat="50.0483982" lon="22.1773807">
<ele>269.651</ele>
<time>2026-05-21T13:42:09.534Z</time>
</trkpt>
<trkpt lat="50.0484734" lon="22.1781871">
<ele>270.065</ele>
<time>2026-05-21T13:42:12.509Z</time>
</trkpt>
<trkpt lat="50.0485560" lon="22.1790501">
<ele>270.469</ele>
<time>2026-05-21T13:42:15.552Z</time>
</trkpt>
<trkpt lat="50.0486383" lon="22.1799366">
<ele>270.423</ele>
<time>2026-05-21T13:42:18.590Z</time>
</trkpt>
<trkpt lat="50.0487134" lon="22.1808194">
<ele>269.487</ele>
<time>2026-05-21T13:42:21.593Z</time>
</trkpt>
<trkpt lat="50.0487988" lon="22.1816924">
<ele>267.329</ele>
<time>2026-05-21T13:42:24.614Z</time>
</trkpt>
<trkpt lat="50.0488741" lon="22.1825259">
<ele>264.150</ele>
<time>2026-05-21T13:42:27.601Z</time>
</trkpt>
<trkpt lat="50.0489480" lon="22.1833180">
<ele>261.057</ele>
<time>2026-05-21T13:42:30.531Z</time>
</trkpt>
<trkpt lat="50.0490238" lon="22.1841131">
<ele>259.230</ele>
<time>2026-05-21T13:42:33.477Z</time>
</trkpt>
<trkpt lat="50.0491000" lon="22.1849314">
<ele>258.543</ele>
<time>2026-05-21T13:42:36.445Z</time>
</trkpt>
<trkpt lat="50.0491761" lon="22.1857687">
<ele>258.168</ele>
<time>2026-05-21T13:42:39.423Z</time>
</trkpt>
<trkpt lat="50.0492517" lon="22.1866084">
<ele>257.823</ele>
<time>2026-05-21T13:42:42.404Z</time>
</trkpt>
<trkpt lat="50.0493183" lon="22.1874383">
<ele>257.412</ele>
<time>2026-05-21T13:42:45.413Z</time>
</trkpt>
<trkpt lat="50.0493846" lon="22.1882235">
<ele>256.804</ele>
<time>2026-05-21T13:42:48.445Z</time>
</trkpt>
<trkpt lat="50.0494779" lon="22.1888991">
<ele>256.653</ele>
<time>2026-05-21T13:42:51.330Z</time>
</trkpt>
<trkpt lat="50.0496238" lon="22.1895218">
<ele>257.716</ele>
<time>2026-05-21T13:42:54.287Z</time>
</trkpt>
<trkpt lat="50.0498150" lon="22.1900927">
<ele>259.641</ele>
<time>2026-05-21T13:42:57.285Z</time>
</trkpt>
<trkpt lat="50.0500272" lon="22.1906221">
<ele>261.403</ele>
<time>2026-05-21T13:43:00.349Z</time>
</trkpt>
<trkpt lat="50.0502602" lon="22.1910741">
<ele>262.354</ele>
<time>2026-05-21T13:43:03.443Z</time>
</trkpt>
<trkpt lat="50.0504659" lon="22.1914612">
<ele>262.282</ele>
<time>2026-05-21T13:43:06.607Z</time>
</trkpt>
<trkpt lat="50.0505915" lon="22.1917568">
<ele>261.372</ele>
<time>2026-05-21T13:43:09.517Z</time>
</trkpt>
<trkpt lat="50.0506308" lon="22.1920245">
<ele>260.096</ele>
<time>2026-05-21T13:43:12.221Z</time>
</trkpt>
<trkpt lat="50.0507731" lon="22.1922399">
<ele>258.959</ele>
<time>2026-05-21T13:43:15.050Z</time>
</trkpt>
<trkpt lat="50.0509371" lon="22.1925952">
<ele>258.324</ele>
<time>2026-05-21T13:43:18.141Z</time>
</trkpt>
<trkpt lat="50.0511107" lon="22.1930786">
<ele>258.248</ele>
<time>2026-05-21T13:43:21.223Z</time>
</trkpt>
<trkpt lat="50.0513082" lon="22.1936406">
<ele>258.340</ele>
<time>2026-05-21T13:43:24.268Z</time>
</trkpt>
<trkpt lat="50.0515492" lon="22.1942425">
<ele>258.227</ele>
<time>2026-05-21T13:43:27.318Z</time>
</trkpt>
<trkpt lat="50.0518162" lon="22.1948612">
<ele>257.647</ele>
<time>2026-05-21T13:43:30.330Z</time>
</trkpt>
<trkpt lat="50.0520853" lon="22.1954916">
<ele>256.472</ele>
<time>2026-05-21T13:43:33.264Z</time>
</trkpt>
<trkpt lat="50.0523686" lon="22.1961517">
<ele>254.832</ele>
<time>2026-05-21T13:43:36.244Z</time>
</trkpt>
<trkpt lat="50.0526544" lon="22.1968276">
<ele>252.866</ele>
<time>2026-05-21T13:43:39.206Z</time>
</trkpt>
<trkpt lat="50.0529415" lon="22.1975118">
<ele>250.639</ele>
<time>2026-05-21T13:43:42.170Z</time>
</trkpt>
<trkpt lat="50.0532317" lon="22.1981845">
<ele>248.366</ele>
<time>2026-05-21T13:43:45.141Z</time>
</trkpt>
<trkpt lat="50.0534213" lon="22.1986191">
<ele>246.487</ele>
<time>2026-05-21T13:43:47.116Z</time>
</trkpt>
<trkpt lat="50.0536000" lon="22.1990491">
<ele>245.526</ele>
<time>2026-05-21T13:43:49.085Z</time>
</trkpt>
<trkpt lat="50.0537772" lon="22.1994761">
<ele>245.615</ele>
<time>2026-05-21T13:43:51.086Z</time>
</trkpt>
<trkpt lat="50.0539547" lon="22.1998948">
<ele>246.556</ele>
<time>2026-05-21T13:43:53.113Z</time>
</trkpt>
<trkpt lat="50.0541295" lon="22.2002897">
<ele>248.182</ele>
<time>2026-05-21T13:43:55.100Z</time>
</trkpt>
<trkpt lat="50.0542973" lon="22.2006814">
<ele>250.240</ele>
<time>2026-05-21T13:43:57.093Z</time>
</trkpt>
<trkpt lat="50.0544614" lon="22.2010719">
<ele>252.231</ele>
<time>2026-05-21T13:43:59.116Z</time>
</trkpt>
<trkpt lat="50.0546147" lon="22.2014495">
<ele>253.599</ele>
<time>2026-05-21T13:44:01.122Z</time>
</trkpt>
<trkpt lat="50.0547652" lon="22.2018097">
<ele>254.148</ele>
<time>2026-05-21T13:44:03.118Z</time>
</trkpt>
<trkpt lat="50.0549148" lon="22.2021617">
<ele>254.110</ele>
<time>2026-05-21T13:44:05.096Z</time>
</trkpt>
<trkpt lat="50.0550727" lon="22.2025285">
<ele>253.739</ele>
<time>2026-05-21T13:44:07.112Z</time>
</trkpt>
<trkpt lat="50.0552375" lon="22.2029183">
<ele>253.217</ele>
<time>2026-05-21T13:44:09.134Z</time>
</trkpt>
<trkpt lat="50.0554148" lon="22.2033246">
<ele>252.581</ele>
<time>2026-05-21T13:44:11.142Z</time>
</trkpt>
<trkpt lat="50.0556015" lon="22.2037425">
<ele>251.790</ele>
<time>2026-05-21T13:44:13.137Z</time>
</trkpt>
<trkpt lat="50.0557839" lon="22.2041683">
<ele>250.861</ele>
<time>2026-05-21T13:44:15.106Z</time>
</trkpt>
<trkpt lat="50.0559583" lon="22.2045952">
<ele>249.710</ele>
<time>2026-05-21T13:44:17.047Z</time>
</trkpt>
<trkpt lat="50.0561332" lon="22.2050240">
<ele>248.137</ele>
<time>2026-05-21T13:44:18.993Z</time>
</trkpt>
<trkpt lat="50.0563140" lon="22.2054524">
<ele>246.187</ele>
<time>2026-05-21T13:44:20.952Z</time>
</trkpt>
<trkpt lat="50.0564956" lon="22.2058801">
<ele>244.198</ele>
<time>2026-05-21T13:44:22.926Z</time>
</trkpt>
<trkpt lat="50.0566735" lon="22.2062990">
<ele>242.656</ele>
<time>2026-05-21T13:44:24.899Z</time>
</trkpt>
<trkpt lat="50.0568483" lon="22.2067137">
<ele>241.857</ele>
<time>2026-05-21T13:44:26.883Z</time>
</trkpt>
<trkpt lat="50.0570264" lon="22.2071385">
<ele>241.800</ele>
<time>2026-05-21T13:44:28.929Z</time>
</trkpt>
<trkpt lat="50.0572151" lon="22.2075672">
<ele>242.289</ele>
<time>2026-05-21T13:44:31.024Z</time>
</trkpt>
<trkpt lat="50.0574073" lon="22.2079808">
<ele>243.106</ele>
<time>2026-05-21T13:44:33.089Z</time>
</trkpt>
<trkpt lat="50.0575753" lon="22.2083972">
<ele>243.996</ele>
<time>2026-05-21T13:44:35.101Z</time>
</trkpt>
<trkpt lat="50.0577476" lon="22.2087942">
<ele>244.742</ele>
<time>2026-05-21T13:44:37.082Z</time>
</trkpt>
<trkpt lat="50.0579152" lon="22.2091936">
<ele>245.253</ele>
<time>2026-05-21T13:44:39.056Z</time>
</trkpt>
<trkpt lat="50.0580911" lon="22.2096024">
<ele>245.667</ele>
<time>2026-05-21T13:44:41.066Z</time>
</trkpt>
<trkpt lat="50.0582599" lon="22.2100296">
<ele>245.958</ele>
<time>2026-05-21T13:44:43.063Z</time>
</trkpt>
<trkpt lat="50.0584508" lon="22.2104727">
<ele>245.614</ele>
<time>2026-05-21T13:44:45.106Z</time>
</trkpt>
<trkpt lat="50.0586556" lon="22.2109429">
<ele>244.307</ele>
<time>2026-05-21T13:44:47.204Z</time>
</trkpt>
<trkpt lat="50.0588470" lon="22.2114094">
<ele>242.630</ele>
<time>2026-05-21T13:44:49.222Z</time>
</trkpt>
<trkpt lat="50.0590406" lon="22.2118604">
<ele>240.920</ele>
<time>2026-05-21T13:44:51.188Z</time>
</trkpt>
<trkpt lat="50.0592410" lon="22.2123338">
<ele>238.859</ele>
<time>2026-05-21T13:44:53.223Z</time>
</trkpt>
<trkpt lat="50.0594399" lon="22.2127935">
<ele>236.598</ele>
<time>2026-05-21T13:44:55.210Z</time>
</trkpt>
<trkpt lat="50.0596349" lon="22.2132525">
<ele>234.716</ele>
<time>2026-05-21T13:44:57.195Z</time>
</trkpt>
<trkpt lat="50.0598255" lon="22.2137065">
<ele>233.183</ele>
<time>2026-05-21T13:44:59.200Z</time>
</trkpt>
<trkpt lat="50.0601077" lon="22.2143429">
<ele>231.798</ele>
<time>2026-05-21T13:45:02.173Z</time>
</trkpt>
<trkpt lat="50.0603560" lon="22.2149329">
<ele>230.792</ele>
<time>2026-05-21T13:45:05.092Z</time>
</trkpt>
<trkpt lat="50.0605913" lon="22.2154712">
<ele>230.639</ele>
<time>2026-05-21T13:45:08.027Z</time>
</trkpt>
<trkpt lat="50.0608112" lon="22.2159821">
<ele>231.571</ele>
<time>2026-05-21T13:45:11.037Z</time>
</trkpt>
<trkpt lat="50.0610049" lon="22.2164602">
<ele>233.471</ele>
<time>2026-05-21T13:45:13.995Z</time>
</trkpt>
<trkpt lat="50.0612038" lon="22.2168988">
<ele>235.609</ele>
<time>2026-05-21T13:45:16.934Z</time>
</trkpt>
<trkpt lat="50.0614030" lon="22.2173297">
<ele>237.405</ele>
<time>2026-05-21T13:45:19.932Z</time>
</trkpt>
<trkpt lat="50.0615856" lon="22.2177448">
<ele>238.809</ele>
<time>2026-05-21T13:45:22.811Z</time>
</trkpt>
<trkpt lat="50.0617564" lon="22.2182052">
<ele>239.711</ele>
<time>2026-05-21T13:45:25.778Z</time>
</trkpt>
<trkpt lat="50.0619141" lon="22.2187144">
<ele>239.989</ele>
<time>2026-05-21T13:45:28.786Z</time>
</trkpt>
<trkpt lat="50.0620419" lon="22.2192786">
<ele>239.934</ele>
<time>2026-05-21T13:45:31.839Z</time>
</trkpt>
<trkpt lat="50.0621200" lon="22.2198900">
<ele>239.899</ele>
<time>2026-05-21T13:45:34.938Z</time>
</trkpt>
<trkpt lat="50.0621456" lon="22.2204966">
<ele>240.203</ele>
<time>2026-05-21T13:45:38.012Z</time>
</trkpt>
<trkpt lat="50.0621459" lon="22.2210475">
<ele>240.957</ele>
<time>2026-05-21T13:45:40.958Z</time>
</trkpt>
<trkpt lat="50.0621550" lon="22.2215633">
<ele>242.007</ele>
<time>2026-05-21T13:45:43.869Z</time>
</trkpt>
<trkpt lat="50.0621847" lon="22.2220684">
<ele>243.229</ele>
<time>2026-05-21T13:45:46.805Z</time>
</trkpt>
<trkpt lat="50.0622187" lon="22.2225811">
<ele>244.548</ele>
<time>2026-05-21T13:45:49.793Z</time>
</trkpt>
<trkpt lat="50.0622462" lon="22.2229251">
<ele>245.853</ele>
<time>2026-05-21T13:45:51.834Z</time>
</trkpt>
<trkpt lat="50.0622769" lon="22.2234030">
<ele>246.955</ele>
<time>2026-05-21T13:45:54.834Z</time>
</trkpt>
<trkpt lat="50.0622888" lon="22.2238082">
<ele>247.606</ele>
<time>2026-05-21T13:45:57.745Z</time>
</trkpt>
<trkpt lat="50.0622984" lon="22.2241389">
<ele>247.645</ele>
<time>2026-05-21T13:46:00.606Z</time>
</trkpt>
<trkpt lat="50.0623031" lon="22.2243179">
<ele>247.138</ele>
<time>2026-05-21T13:46:02.486Z</time>
</trkpt>
<trkpt lat="50.0623059" lon="22.2244677">
<ele>246.399</ele>
<time>2026-05-21T13:46:04.339Z</time>
</trkpt>
<trkpt lat="50.0623205" lon="22.2246416">
<ele>245.794</ele>
<time>2026-05-21T13:46:06.922Z</time>
</trkpt>
<trkpt lat="50.0623205" lon="22.2246416">
<ele>245.432</ele>
<time>2026-05-21T13:46:12.922Z</time>
</trkpt>
<trkpt lat="50.0623205" lon="22.2246416">
<ele>245.281</ele>
<time>2026-05-21T13:46:13.022Z</time>
</trkpt>
<trkpt lat="50.0623207" lon="22.2248281">
<ele>245.293</ele>
<time>2026-05-21T13:46:21.145Z</time>
</trkpt>
<trkpt lat="50.0623178" lon="22.2250019">
<ele>245.392</ele>
<time>2026-05-21T13:46:24.324Z</time>
</trkpt>
<trkpt lat="50.0623270" lon="22.2252669">
<ele>245.491</ele>
<time>2026-05-21T13:46:28.045Z</time>
</trkpt>
<trkpt lat="50.0623371" lon="22.2255197">
<ele>245.537</ele>
<time>2026-05-21T13:46:31.465Z</time>
</trkpt>
<trkpt lat="50.0623439" lon="22.2257397">
<ele>245.434</ele>
<time>2026-05-21T13:46:34.828Z</time>
</trkpt>
<trkpt lat="50.0623520" lon="22.2259021">
<ele>244.993</ele>
<time>2026-05-21T13:46:37.674Z</time>
</trkpt>
<trkpt lat="50.0623598" lon="22.2260490">
<ele>244.193</ele>
<time>2026-05-21T13:46:40.689Z</time>
</trkpt>
<trkpt lat="50.0623651" lon="22.2262292">
<ele>243.257</ele>
<time>2026-05-21T13:46:44.504Z</time>
</trkpt>
<trkpt lat="50.0623656" lon="22.2263828">
<ele>242.329</ele>
<time>2026-05-21T13:46:47.467Z</time>
</trkpt>
<trkpt lat="50.0623718" lon="22.2265905">
<ele>241.418</ele>
<time>2026-05-21T13:46:51.414Z</time>
</trkpt>
<trkpt lat="50.0623781" lon="22.2267464">
<ele>240.581</ele>
<time>2026-05-21T13:46:54.628Z</time>
</trkpt>
<trkpt lat="50.0623822" lon="22.2269194">
<ele>239.893</ele>
<time>2026-05-21T13:46:58.828Z</time>
</trkpt>
<trkpt lat="50.0623837" lon="22.2270677">
<ele>239.363</ele>
<time>2026-05-21T13:47:03.208Z</time>
</trkpt>
<trkpt lat="50.0623786" lon="22.2272282">
<ele>239.004</ele>
<time>2026-05-21T13:47:09.076Z</time>
</trkpt>
<trkpt lat="50.0623627" lon="22.2273901">
<ele>238.898</ele>
<time>2026-05-21T13:47:16.182Z</time>
</trkpt>
<trkpt lat="50.0623037" lon="22.2276055">
<ele>239.179</ele>
<time>2026-05-21T13:47:21.541Z</time>
</trkpt>
<trkpt lat="50.0623611" lon="22.2279146">
<ele>239.896</ele>
<time>2026-05-21T13:47:25.231Z</time>
</trkpt>
<trkpt lat="50.0624271" lon="22.2283456">
<ele>240.900</ele>
<time>2026-05-21T13:47:28.432Z</time>
</trkpt>
<trkpt lat="50.0624574" lon="22.2288464">
<ele>242.127</ele>
<time>2026-05-21T13:47:31.440Z</time>
</trkpt>
<trkpt lat="50.0624846" lon="22.2293515">
<ele>243.573</ele>
<time>2026-05-21T13:47:34.373Z</time>
</trkpt>
<trkpt lat="50.0625240" lon="22.2298689">
<ele>244.943</ele>
<time>2026-05-21T13:47:37.278Z</time>
</trkpt>
<trkpt lat="50.0625879" lon="22.2304113">
<ele>245.866</ele>
<time>2026-05-21T13:47:40.187Z</time>
</trkpt>
<trkpt lat="50.0626653" lon="22.2309747">
<ele>246.277</ele>
<time>2026-05-21T13:47:42.992Z</time>
</trkpt>
<trkpt lat="50.0627505" lon="22.2316178">
<ele>246.302</ele>
<time>2026-05-21T13:47:46.192Z</time>
</trkpt>
<trkpt lat="50.0628160" lon="22.2321943">
<ele>245.997</ele>
<time>2026-05-21T13:47:49.324Z</time>
</trkpt>
<trkpt lat="50.0629110" lon="22.2327171">
<ele>245.148</ele>
<time>2026-05-21T13:47:52.273Z</time>
</trkpt>
<trkpt lat="50.0630010" lon="22.2332507">
<ele>243.730</ele>
<time>2026-05-21T13:47:54.964Z</time>
</trkpt>
<trkpt lat="50.0631325" lon="22.2338874">
<ele>242.111</ele>
<time>2026-05-21T13:47:57.749Z</time>
</trkpt>
<trkpt lat="50.0632323" lon="22.2343776">
<ele>240.366</ele>
<time>2026-05-21T13:47:59.862Z</time>
</trkpt>
<trkpt lat="50.0633267" lon="22.2348486">
<ele>238.536</ele>
<time>2026-05-21T13:48:01.929Z</time>
</trkpt>
<trkpt lat="50.0634641" lon="22.2355171">
<ele>236.992</ele>
<time>2026-05-21T13:48:05.038Z</time>
</trkpt>
<trkpt lat="50.0635613" lon="22.2359504">
<ele>235.884</ele>
<time>2026-05-21T13:48:07.155Z</time>
</trkpt>
<trkpt lat="50.0637221" lon="22.2365417">
<ele>235.145</ele>
<time>2026-05-21T13:48:10.250Z</time>
</trkpt>
<trkpt lat="50.0638823" lon="22.2371142">
<ele>234.651</ele>
<time>2026-05-21T13:48:13.209Z</time>
</trkpt>
<trkpt lat="50.0640369" lon="22.2377176">
<ele>234.204</ele>
<time>2026-05-21T13:48:16.262Z</time>
</trkpt>
<trkpt lat="50.0642133" lon="22.2382805">
<ele>233.815</ele>
<time>2026-05-21T13:48:19.396Z</time>
</trkpt>
<trkpt lat="50.0643927" lon="22.2387639">
<ele>233.522</ele>
<time>2026-05-21T13:48:22.485Z</time>
</trkpt>
<trkpt lat="50.0645704" lon="22.2391857">
<ele>233.241</ele>
<time>2026-05-21T13:48:25.620Z</time>
</trkpt>
<trkpt lat="50.0647278" lon="22.2395708">
<ele>232.958</ele>
<time>2026-05-21T13:48:29.020Z</time>
</trkpt>
<trkpt lat="50.0647835" lon="22.2399399">
<ele>232.724</ele>
<time>2026-05-21T13:48:32.428Z</time>
</trkpt>
<trkpt lat="50.0647776" lon="22.2402598">
<ele>232.481</ele>
<time>2026-05-21T13:48:35.548Z</time>
</trkpt>
<trkpt lat="50.0649399" lon="22.2404194">
<ele>232.031</ele>
<time>2026-05-21T13:48:38.254Z</time>
</trkpt>
<trkpt lat="50.0651174" lon="22.2405801">
<ele>231.410</ele>
<time>2026-05-21T13:48:40.761Z</time>
</trkpt>
<trkpt lat="50.0652354" lon="22.2409316">
<ele>230.922</ele>
<time>2026-05-21T13:48:43.445Z</time>
</trkpt>
<trkpt lat="50.0653972" lon="22.2413452">
<ele>230.898</ele>
<time>2026-05-21T13:48:46.416Z</time>
</trkpt>
<trkpt lat="50.0655671" lon="22.2417618">
<ele>231.499</ele>
<time>2026-05-21T13:48:49.289Z</time>
</trkpt>
<trkpt lat="50.0657558" lon="22.2421974">
<ele>232.507</ele>
<time>2026-05-21T13:48:52.150Z</time>
</trkpt>
<trkpt lat="50.0659891" lon="22.2426474">
<ele>233.423</ele>
<time>2026-05-21T13:48:55.071Z</time>
</trkpt>
<trkpt lat="50.0662665" lon="22.2430907">
<ele>234.053</ele>
<time>2026-05-21T13:48:58.033Z</time>
</trkpt>
<trkpt lat="50.0665926" lon="22.2434863">
<ele>234.498</ele>
<time>2026-05-21T13:49:01.091Z</time>
</trkpt>
<trkpt lat="50.0669284" lon="22.2438107">
<ele>234.728</ele>
<time>2026-05-21T13:49:04.015Z</time>
</trkpt>
<trkpt lat="50.0672735" lon="22.2441336">
<ele>234.536</ele>
<time>2026-05-21T13:49:06.911Z</time>
</trkpt>
<trkpt lat="50.0676344" lon="22.2444569">
<ele>233.794</ele>
<time>2026-05-21T13:49:09.799Z</time>
</trkpt>
<trkpt lat="50.0680070" lon="22.2448045">
<ele>232.504</ele>
<time>2026-05-21T13:49:12.739Z</time>
</trkpt>
<trkpt lat="50.0683846" lon="22.2451583">
<ele>230.825</ele>
<time>2026-05-21T13:49:15.777Z</time>
</trkpt>
<trkpt lat="50.0687409" lon="22.2454961">
<ele>228.990</ele>
<time>2026-05-21T13:49:18.753Z</time>
</trkpt>
<trkpt lat="50.0691005" lon="22.2458436">
<ele>227.093</ele>
<time>2026-05-21T13:49:21.749Z</time>
</trkpt>
<trkpt lat="50.0694739" lon="22.2462101">
<ele>225.139</ele>
<time>2026-05-21T13:49:24.700Z</time>
</trkpt>
<trkpt lat="50.0698828" lon="22.2465846">
<ele>223.380</ele>
<time>2026-05-21T13:49:27.657Z</time>
</trkpt>
<trkpt lat="50.0702943" lon="22.2469835">
<ele>222.123</ele>
<time>2026-05-21T13:49:30.568Z</time>
</trkpt>
<trkpt lat="50.0707122" lon="22.2473805">
<ele>221.399</ele>
<time>2026-05-21T13:49:33.506Z</time>
</trkpt>
<trkpt lat="50.0711252" lon="22.2477749">
<ele>220.954</ele>
<time>2026-05-21T13:49:36.519Z</time>
</trkpt>
<trkpt lat="50.0715205" lon="22.2481576">
<ele>220.525</ele>
<time>2026-05-21T13:49:39.682Z</time>
</trkpt>
<trkpt lat="50.0718768" lon="22.2484903">
<ele>220.127</ele>
<time>2026-05-21T13:49:42.963Z</time>
</trkpt>
<trkpt lat="50.0721831" lon="22.2487854">
<ele>220.095</ele>
<time>2026-05-21T13:49:46.305Z</time>
</trkpt>
<trkpt lat="50.0724491" lon="22.2490405">
<ele>220.664</ele>
<time>2026-05-21T13:49:49.550Z</time>
</trkpt>
<trkpt lat="50.0726943" lon="22.2492783">
<ele>221.758</ele>
<time>2026-05-21T13:49:53.088Z</time>
</trkpt>
<trkpt lat="50.0728984" lon="22.2494919">
<ele>223.105</ele>
<time>2026-05-21T13:49:56.686Z</time>
</trkpt>
<trkpt lat="50.0730083" lon="22.2497233">
<ele>224.367</ele>
<time>2026-05-21T13:49:59.281Z</time>
</trkpt>
<trkpt lat="50.0731357" lon="22.2499909">
<ele>225.280</ele>
<time>2026-05-21T13:50:02.007Z</time>
</trkpt>
<trkpt lat="50.0733573" lon="22.2501095">
<ele>225.946</ele>
<time>2026-05-21T13:50:04.647Z</time>
</trkpt>
<trkpt lat="50.0734803" lon="22.2503213">
<ele>226.779</ele>
<time>2026-05-21T13:50:06.434Z</time>
</trkpt>
<trkpt lat="50.0736006" lon="22.2505764">
<ele>228.034</ele>
<time>2026-05-21T13:50:08.325Z</time>
</trkpt>
<trkpt lat="50.0737913" lon="22.2510138">
<ele>229.456</ele>
<time>2026-05-21T13:50:11.183Z</time>
</trkpt>
<trkpt lat="50.0739838" lon="22.2515204">
<ele>230.685</ele>
<time>2026-05-21T13:50:14.176Z</time>
</trkpt>
<trkpt lat="50.0741087" lon="22.2518648">
<ele>231.574</ele>
<time>2026-05-21T13:50:16.175Z</time>
</trkpt>
<trkpt lat="50.0742985" lon="22.2523847">
<ele>231.955</ele>
<time>2026-05-21T13:50:19.281Z</time>
</trkpt>
<trkpt lat="50.0744789" lon="22.2528822">
<ele>231.690</ele>
<time>2026-05-21T13:50:22.374Z</time>
</trkpt>
<trkpt lat="50.0746455" lon="22.2533563">
<ele>230.851</ele>
<time>2026-05-21T13:50:25.214Z</time>
</trkpt>
<trkpt lat="50.0748298" lon="22.2538660">
<ele>229.807</ele>
<time>2026-05-21T13:50:28.124Z</time>
</trkpt>
<trkpt lat="50.0750267" lon="22.2544029">
<ele>229.099</ele>
<time>2026-05-21T13:50:31.182Z</time>
</trkpt>
<trkpt lat="50.0752134" lon="22.2549324">
<ele>228.911</ele>
<time>2026-05-21T13:50:34.195Z</time>
</trkpt>
<trkpt lat="50.0753983" lon="22.2554609">
<ele>228.814</ele>
<time>2026-05-21T13:50:37.191Z</time>
</trkpt>
<trkpt lat="50.0755847" lon="22.2559993">
<ele>228.280</ele>
<time>2026-05-21T13:50:40.180Z</time>
</trkpt>
<trkpt lat="50.0757783" lon="22.2565474">
<ele>227.230</ele>
<time>2026-05-21T13:50:43.141Z</time>
</trkpt>
<trkpt lat="50.0759946" lon="22.2570961">
<ele>225.913</ele>
<time>2026-05-21T13:50:46.082Z</time>
</trkpt>
<trkpt lat="50.0762030" lon="22.2576824">
<ele>224.516</ele>
<time>2026-05-21T13:50:49.034Z</time>
</trkpt>
<trkpt lat="50.0764113" lon="22.2582848">
<ele>223.091</ele>
<time>2026-05-21T13:50:52.049Z</time>
</trkpt>
<trkpt lat="50.0766047" lon="22.2588708">
<ele>221.760</ele>
<time>2026-05-21T13:50:55.036Z</time>
</trkpt>
<trkpt lat="50.0768014" lon="22.2594339">
<ele>220.684</ele>
<time>2026-05-21T13:50:58.001Z</time>
</trkpt>
<trkpt lat="50.0769944" lon="22.2599870">
<ele>219.741</ele>
<time>2026-05-21T13:51:01.061Z</time>
</trkpt>
<trkpt lat="50.0771955" lon="22.2605026">
<ele>218.718</ele>
<time>2026-05-21T13:51:04.466Z</time>
</trkpt>
<trkpt lat="50.0773693" lon="22.2609379">
<ele>217.727</ele>
<time>2026-05-21T13:51:08.301Z</time>
</trkpt>
<trkpt lat="50.0774197" lon="22.2612919">
<ele>216.917</ele>
<time>2026-05-21T13:51:11.278Z</time>
</trkpt>
<trkpt lat="50.0775629" lon="22.2615244">
<ele>216.101</ele>
<time>2026-05-21T13:51:13.551Z</time>
</trkpt>
<trkpt lat="50.0777239" lon="22.2619210">
<ele>215.083</ele>
<time>2026-05-21T13:51:16.241Z</time>
</trkpt>
<trkpt lat="50.0778974" lon="22.2624325">
<ele>214.016</ele>
<time>2026-05-21T13:51:19.140Z</time>
</trkpt>
<trkpt lat="50.0780817" lon="22.2629908">
<ele>213.163</ele>
<time>2026-05-21T13:51:22.097Z</time>
</trkpt>
<trkpt lat="50.0782659" lon="22.2635651">
<ele>212.496</ele>
<time>2026-05-21T13:51:25.075Z</time>
</trkpt>
<trkpt lat="50.0784504" lon="22.2641262">
<ele>211.632</ele>
<time>2026-05-21T13:51:28.007Z</time>
</trkpt>
<trkpt lat="50.0786455" lon="22.2646914">
<ele>210.239</ele>
<time>2026-05-21T13:51:30.980Z</time>
</trkpt>
<trkpt lat="50.0788638" lon="22.2652541">
<ele>208.559</ele>
<time>2026-05-21T13:51:33.948Z</time>
</trkpt>
<trkpt lat="50.0791307" lon="22.2658015">
<ele>207.061</ele>
<time>2026-05-21T13:51:36.861Z</time>
</trkpt>
<trkpt lat="50.0794709" lon="22.2663419">
<ele>205.863</ele>
<time>2026-05-21T13:51:39.889Z</time>
</trkpt>
<trkpt lat="50.0798472" lon="22.2668646">
<ele>204.771</ele>
<time>2026-05-21T13:51:42.916Z</time>
</trkpt>
<trkpt lat="50.0802122" lon="22.2674123">
<ele>203.574</ele>
<time>2026-05-21T13:51:45.854Z</time>
</trkpt>
<trkpt lat="50.0805549" lon="22.2680329">
<ele>202.213</ele>
<time>2026-05-21T13:51:48.839Z</time>
</trkpt>
<trkpt lat="50.0808424" lon="22.2687140">
<ele>200.784</ele>
<time>2026-05-21T13:51:51.837Z</time>
</trkpt>
<trkpt lat="50.0810445" lon="22.2694474">
<ele>199.413</ele>
<time>2026-05-21T13:51:54.838Z</time>
</trkpt>
<trkpt lat="50.0811714" lon="22.2701991">
<ele>198.319</ele>
<time>2026-05-21T13:51:57.826Z</time>
</trkpt>
<trkpt lat="50.0812318" lon="22.2709578">
<ele>197.544</ele>
<time>2026-05-21T13:52:01.015Z</time>
</trkpt>
<trkpt lat="50.0812513" lon="22.2716453">
<ele>196.944</ele>
<time>2026-05-21T13:52:04.690Z</time>
</trkpt>
<trkpt lat="50.0812511" lon="22.2721553">
<ele>196.430</ele>
<time>2026-05-21T13:52:08.209Z</time>
</trkpt>
<trkpt lat="50.0811983" lon="22.2725700">
<ele>195.745</ele>
<time>2026-05-21T13:52:11.632Z</time>
</trkpt>
<trkpt lat="50.0812044" lon="22.2728046">
<ele>194.771</ele>
<time>2026-05-21T13:52:13.433Z</time>
</trkpt>
<trkpt lat="50.0812449" lon="22.2731625">
<ele>193.996</ele>
<time>2026-05-21T13:52:15.792Z</time>
</trkpt>
<trkpt lat="50.0811807" lon="22.2734464">
<ele>193.969</ele>
<time>2026-05-21T13:52:17.562Z</time>
</trkpt>
<trkpt lat="50.0810722" lon="22.2739610">
<ele>194.797</ele>
<time>2026-05-21T13:52:20.296Z</time>
</trkpt>
<trkpt lat="50.0809956" lon="22.2743557">
<ele>196.491</ele>
<time>2026-05-21T13:52:22.246Z</time>
</trkpt>
<trkpt lat="50.0808817" lon="22.2749964">
<ele>198.806</ele>
<time>2026-05-21T13:52:25.164Z</time>
</trkpt>
<trkpt lat="50.0807664" lon="22.2756733">
<ele>201.209</ele>
<time>2026-05-21T13:52:28.090Z</time>
</trkpt>
<trkpt lat="50.0806498" lon="22.2763812">
<ele>203.577</ele>
<time>2026-05-21T13:52:31.035Z</time>
</trkpt>
<trkpt lat="50.0805226" lon="22.2771113">
<ele>206.336</ele>
<time>2026-05-21T13:52:33.964Z</time>
</trkpt>
<trkpt lat="50.0803936" lon="22.2778726">
<ele>209.387</ele>
<time>2026-05-21T13:52:36.864Z</time>
</trkpt>
<trkpt lat="50.0802584" lon="22.2786757">
<ele>212.069</ele>
<time>2026-05-21T13:52:39.796Z</time>
</trkpt>
<trkpt lat="50.0801129" lon="22.2795016">
<ele>213.932</ele>
<time>2026-05-21T13:52:42.765Z</time>
</trkpt>
<trkpt lat="50.0799696" lon="22.2803290">
<ele>214.959</ele>
<time>2026-05-21T13:52:45.742Z</time>
</trkpt>
<trkpt lat="50.0798276" lon="22.2811480">
<ele>215.151</ele>
<time>2026-05-21T13:52:48.722Z</time>
</trkpt>
<trkpt lat="50.0796891" lon="22.2819646">
<ele>214.632</ele>
<time>2026-05-21T13:52:51.718Z</time>
</trkpt>
<trkpt lat="50.0795508" lon="22.2827752">
<ele>213.876</ele>
<time>2026-05-21T13:52:54.743Z</time>
</trkpt>
<trkpt lat="50.0794097" lon="22.2835714">
<ele>213.374</ele>
<time>2026-05-21T13:52:57.762Z</time>
</trkpt>
<trkpt lat="50.0792659" lon="22.2843573">
<ele>213.418</ele>
<time>2026-05-21T13:53:00.740Z</time>
</trkpt>
<trkpt lat="50.0791170" lon="22.2851420">
<ele>214.208</ele>
<time>2026-05-21T13:53:03.706Z</time>
</trkpt>
<trkpt lat="50.0789795" lon="22.2859336">
<ele>215.558</ele>
<time>2026-05-21T13:53:06.660Z</time>
</trkpt>
<trkpt lat="50.0788475" lon="22.2867283">
<ele>216.907</ele>
<time>2026-05-21T13:53:09.539Z</time>
</trkpt>
<trkpt lat="50.0787027" lon="22.2875572">
<ele>217.822</ele>
<time>2026-05-21T13:53:12.422Z</time>
</trkpt>
<trkpt lat="50.0785505" lon="22.2884336">
<ele>218.137</ele>
<time>2026-05-21T13:53:15.371Z</time>
</trkpt>
<trkpt lat="50.0783986" lon="22.2893372">
<ele>217.622</ele>
<time>2026-05-21T13:53:18.443Z</time>
</trkpt>
<trkpt lat="50.0782514" lon="22.2901947">
<ele>216.375</ele>
<time>2026-05-21T13:53:21.493Z</time>
</trkpt>
<trkpt lat="50.0781012" lon="22.2910030">
<ele>215.041</ele>
<time>2026-05-21T13:53:24.456Z</time>
</trkpt>
<trkpt lat="50.0779540" lon="22.2918112">
<ele>214.102</ele>
<time>2026-05-21T13:53:27.407Z</time>
</trkpt>
<trkpt lat="50.0778085" lon="22.2926318">
<ele>213.545</ele>
<time>2026-05-21T13:53:30.333Z</time>
</trkpt>
<trkpt lat="50.0776584" lon="22.2934819">
<ele>213.248</ele>
<time>2026-05-21T13:53:33.268Z</time>
</trkpt>
<trkpt lat="50.0775002" lon="22.2943551">
<ele>212.999</ele>
<time>2026-05-21T13:53:36.185Z</time>
</trkpt>
<trkpt lat="50.0773350" lon="22.2952651">
<ele>212.551</ele>
<time>2026-05-21T13:53:39.129Z</time>
</trkpt>
<trkpt lat="50.0771661" lon="22.2962110">
<ele>211.514</ele>
<time>2026-05-21T13:53:42.143Z</time>
</trkpt>
<trkpt lat="50.0769966" lon="22.2971527">
<ele>209.539</ele>
<time>2026-05-21T13:53:45.159Z</time>
</trkpt>
<trkpt lat="50.0768273" lon="22.2980807">
<ele>206.619</ele>
<time>2026-05-21T13:53:48.203Z</time>
</trkpt>
<trkpt lat="50.0766615" lon="22.2989691">
<ele>203.570</ele>
<time>2026-05-21T13:53:51.228Z</time>
</trkpt>
<trkpt lat="50.0765172" lon="22.2998423">
<ele>202.354</ele>
<time>2026-05-21T13:53:54.231Z</time>
</trkpt>
<trkpt lat="50.0763596" lon="22.3007089">
<ele>203.911</ele>
<time>2026-05-21T13:53:57.201Z</time>
</trkpt>
<trkpt lat="50.0762034" lon="22.3015971">
<ele>206.772</ele>
<time>2026-05-21T13:54:00.177Z</time>
</trkpt>
<trkpt lat="50.0760395" lon="22.3024956">
<ele>209.193</ele>
<time>2026-05-21T13:54:03.151Z</time>
</trkpt>
<trkpt lat="50.0758701" lon="22.3034028">
<ele>210.591</ele>
<time>2026-05-21T13:54:06.133Z</time>
</trkpt>
<trkpt lat="50.0757052" lon="22.3043188">
<ele>211.049</ele>
<time>2026-05-21T13:54:09.115Z</time>
</trkpt>
<trkpt lat="50.0755421" lon="22.3052498">
<ele>211.020</ele>
<time>2026-05-21T13:54:12.107Z</time>
</trkpt>
<trkpt lat="50.0753763" lon="22.3061898">
<ele>210.864</ele>
<time>2026-05-21T13:54:15.108Z</time>
</trkpt>
<trkpt lat="50.0752634" lon="22.3068137">
<ele>210.729</ele>
<time>2026-05-21T13:54:17.109Z</time>
</trkpt>
<trkpt lat="50.0751564" lon="22.3074269">
<ele>210.629</ele>
<time>2026-05-21T13:54:19.092Z</time>
</trkpt>
<trkpt lat="50.0749949" lon="22.3083300">
<ele>210.580</ele>
<time>2026-05-21T13:54:22.053Z</time>
</trkpt>
<trkpt lat="50.0748937" lon="22.3089197">
<ele>210.655</ele>
<time>2026-05-21T13:54:24.020Z</time>
</trkpt>
<trkpt lat="50.0747328" lon="22.3098048">
<ele>211.026</ele>
<time>2026-05-21T13:54:27.015Z</time>
</trkpt>
<trkpt lat="50.0745736" lon="22.3106804">
<ele>211.719</ele>
<time>2026-05-21T13:54:30.005Z</time>
</trkpt>
<trkpt lat="50.0744166" lon="22.3115577">
<ele>212.493</ele>
<time>2026-05-21T13:54:33.006Z</time>
</trkpt>
<trkpt lat="50.0742531" lon="22.3124230">
<ele>213.174</ele>
<time>2026-05-21T13:54:35.980Z</time>
</trkpt>
<trkpt lat="50.0740971" lon="22.3132893">
<ele>213.742</ele>
<time>2026-05-21T13:54:38.941Z</time>
</trkpt>
<trkpt lat="50.0739421" lon="22.3141557">
<ele>214.120</ele>
<time>2026-05-21T13:54:41.904Z</time>
</trkpt>
<trkpt lat="50.0737948" lon="22.3150281">
<ele>214.187</ele>
<time>2026-05-21T13:54:44.976Z</time>
</trkpt>
<trkpt lat="50.0736574" lon="22.3158182">
<ele>213.639</ele>
<time>2026-05-21T13:54:47.964Z</time>
</trkpt>
<trkpt lat="50.0735142" lon="22.3165755">
<ele>212.076</ele>
<time>2026-05-21T13:54:51.030Z</time>
</trkpt>
<trkpt lat="50.0733909" lon="22.3173192">
<ele>209.930</ele>
<time>2026-05-21T13:54:54.141Z</time>
</trkpt>
<trkpt lat="50.0732663" lon="22.3180264">
<ele>208.347</ele>
<time>2026-05-21T13:54:57.197Z</time>
</trkpt>
<trkpt lat="50.0731437" lon="22.3187012">
<ele>207.881</ele>
<time>2026-05-21T13:55:00.158Z</time>
</trkpt>
<trkpt lat="50.0730212" lon="22.3193777">
<ele>208.253</ele>
<time>2026-05-21T13:55:03.117Z</time>
</trkpt>
<trkpt lat="50.0728962" lon="22.3200650">
<ele>208.946</ele>
<time>2026-05-21T13:55:06.080Z</time>
</trkpt>
<trkpt lat="50.0727686" lon="22.3207760">
<ele>209.494</ele>
<time>2026-05-21T13:55:09.084Z</time>
</trkpt>
<trkpt lat="50.0726395" lon="22.3215129">
<ele>209.711</ele>
<time>2026-05-21T13:55:12.204Z</time>
</trkpt>
<trkpt lat="50.0725111" lon="22.3222215">
<ele>209.536</ele>
<time>2026-05-21T13:55:15.477Z</time>
</trkpt>
<trkpt lat="50.0723989" lon="22.3228148">
<ele>209.013</ele>
<time>2026-05-21T13:55:18.735Z</time>
</trkpt>
<trkpt lat="50.0723179" lon="22.3233020">
<ele>208.447</ele>
<time>2026-05-21T13:55:21.782Z</time>
</trkpt>
<trkpt lat="50.0722483" lon="22.3237599">
<ele>208.199</ele>
<time>2026-05-21T13:55:24.804Z</time>
</trkpt>
<trkpt lat="50.0721723" lon="22.3242012">
<ele>208.300</ele>
<time>2026-05-21T13:55:27.773Z</time>
</trkpt>
<trkpt lat="50.0720917" lon="22.3246561">
<ele>208.526</ele>
<time>2026-05-21T13:55:30.767Z</time>
</trkpt>
<trkpt lat="50.0720105" lon="22.3251205">
<ele>208.716</ele>
<time>2026-05-21T13:55:33.713Z</time>
</trkpt>
<trkpt lat="50.0719277" lon="22.3256108">
<ele>208.907</ele>
<time>2026-05-21T13:55:36.829Z</time>
</trkpt>
<trkpt lat="50.0718402" lon="22.3260711">
<ele>209.111</ele>
<time>2026-05-21T13:55:39.887Z</time>
</trkpt>
<trkpt lat="50.0717594" lon="22.3265199">
<ele>209.147</ele>
<time>2026-05-21T13:55:42.728Z</time>
</trkpt>
<trkpt lat="50.0716694" lon="22.3270128">
<ele>208.745</ele>
<time>2026-05-21T13:55:45.633Z</time>
</trkpt>
<trkpt lat="50.0715813" lon="22.3275328">
<ele>207.822</ele>
<time>2026-05-21T13:55:48.607Z</time>
</trkpt>
<trkpt lat="50.0715032" lon="22.3280523">
<ele>206.529</ele>
<time>2026-05-21T13:55:51.653Z</time>
</trkpt>
<trkpt lat="50.0714406" lon="22.3285459">
<ele>205.085</ele>
<time>2026-05-21T13:55:54.792Z</time>
</trkpt>
<trkpt lat="50.0714217" lon="22.3289895">
<ele>203.578</ele>
<time>2026-05-21T13:55:57.670Z</time>
</trkpt>
<trkpt lat="50.0714207" lon="22.3294619">
<ele>202.195</ele>
<time>2026-05-21T13:56:00.433Z</time>
</trkpt>
<trkpt lat="50.0714666" lon="22.3300086">
<ele>201.534</ele>
<time>2026-05-21T13:56:03.295Z</time>
</trkpt>
<trkpt lat="50.0715739" lon="22.3305932">
<ele>202.069</ele>
<time>2026-05-21T13:56:06.161Z</time>
</trkpt>
<trkpt lat="50.0716550" lon="22.3312559">
<ele>203.755</ele>
<time>2026-05-21T13:56:09.118Z</time>
</trkpt>
<trkpt lat="50.0716713" lon="22.3319622">
<ele>206.204</ele>
<time>2026-05-21T13:56:12.078Z</time>
</trkpt>
<trkpt lat="50.0716136" lon="22.3326830">
<ele>208.733</ele>
<time>2026-05-21T13:56:15.038Z</time>
</trkpt>
<trkpt lat="50.0715400" lon="22.3334194">
<ele>210.961</ele>
<time>2026-05-21T13:56:18.017Z</time>
</trkpt>
<trkpt lat="50.0714762" lon="22.3341662">
<ele>213.140</ele>
<time>2026-05-21T13:56:20.986Z</time>
</trkpt>
<trkpt lat="50.0714377" lon="22.3346681">
<ele>215.527</ele>
<time>2026-05-21T13:56:22.953Z</time>
</trkpt>
<trkpt lat="50.0713977" lon="22.3351792">
<ele>217.937</ele>
<time>2026-05-21T13:56:24.907Z</time>
</trkpt>
<trkpt lat="50.0713386" lon="22.3359674">
<ele>219.931</ele>
<time>2026-05-21T13:56:27.851Z</time>
</trkpt>
<trkpt lat="50.0712951" lon="22.3365185">
<ele>221.379</ele>
<time>2026-05-21T13:56:29.802Z</time>
</trkpt>
<trkpt lat="50.0712222" lon="22.3373903">
<ele>222.545</ele>
<time>2026-05-21T13:56:32.802Z</time>
</trkpt>
<trkpt lat="50.0711490" lon="22.3382929">
<ele>223.488</ele>
<time>2026-05-21T13:56:35.806Z</time>
</trkpt>
<trkpt lat="50.0710762" lon="22.3392137">
<ele>224.061</ele>
<time>2026-05-21T13:56:38.849Z</time>
</trkpt>
<trkpt lat="50.0710024" lon="22.3401112">
<ele>224.296</ele>
<time>2026-05-21T13:56:41.843Z</time>
</trkpt>
<trkpt lat="50.0709313" lon="22.3410057">
<ele>224.442</ele>
<time>2026-05-21T13:56:44.828Z</time>
</trkpt>
<trkpt lat="50.0708592" lon="22.3419074">
<ele>224.674</ele>
<time>2026-05-21T13:56:47.805Z</time>
</trkpt>
<trkpt lat="50.0707881" lon="22.3428255">
<ele>224.909</ele>
<time>2026-05-21T13:56:50.821Z</time>
</trkpt>
<trkpt lat="50.0707133" lon="22.3437321">
<ele>225.101</ele>
<time>2026-05-21T13:56:53.850Z</time>
</trkpt>
<trkpt lat="50.0706453" lon="22.3446086">
<ele>225.566</ele>
<time>2026-05-21T13:56:56.840Z</time>
</trkpt>
<trkpt lat="50.0705720" lon="22.3454773">
<ele>226.589</ele>
<time>2026-05-21T13:56:59.824Z</time>
</trkpt>
<trkpt lat="50.0705026" lon="22.3463609">
<ele>227.837</ele>
<time>2026-05-21T13:57:02.808Z</time>
</trkpt>
<trkpt lat="50.0704314" lon="22.3472706">
<ele>228.601</ele>
<time>2026-05-21T13:57:05.786Z</time>
</trkpt>
<trkpt lat="50.0703519" lon="22.3482208">
<ele>228.438</ele>
<time>2026-05-21T13:57:08.814Z</time>
</trkpt>
<trkpt lat="50.0702667" lon="22.3491721">
<ele>227.530</ele>
<time>2026-05-21T13:57:11.843Z</time>
</trkpt>
<trkpt lat="50.0701867" lon="22.3500961">
<ele>226.546</ele>
<time>2026-05-21T13:57:14.854Z</time>
</trkpt>
<trkpt lat="50.0701091" lon="22.3509893">
<ele>226.272</ele>
<time>2026-05-21T13:57:17.831Z</time>
</trkpt>
<trkpt lat="50.0700375" lon="22.3518754">
<ele>227.227</ele>
<time>2026-05-21T13:57:20.790Z</time>
</trkpt>
<trkpt lat="50.0699628" lon="22.3527757">
<ele>229.149</ele>
<time>2026-05-21T13:57:23.761Z</time>
</trkpt>
<trkpt lat="50.0698851" lon="22.3536909">
<ele>231.043</ele>
<time>2026-05-21T13:57:26.746Z</time>
</trkpt>
<trkpt lat="50.0698026" lon="22.3546122">
<ele>232.291</ele>
<time>2026-05-21T13:57:29.752Z</time>
</trkpt>
<trkpt lat="50.0697233" lon="22.3555114">
<ele>232.956</ele>
<time>2026-05-21T13:57:32.706Z</time>
</trkpt>
<trkpt lat="50.0696470" lon="22.3564185">
<ele>233.135</ele>
<time>2026-05-21T13:57:35.673Z</time>
</trkpt>
<trkpt lat="50.0695689" lon="22.3573447">
<ele>232.710</ele>
<time>2026-05-21T13:57:38.663Z</time>
</trkpt>
<trkpt lat="50.0694903" lon="22.3582791">
<ele>231.559</ele>
<time>2026-05-21T13:57:41.638Z</time>
</trkpt>
<trkpt lat="50.0694120" lon="22.3592234">
<ele>229.783</ele>
<time>2026-05-21T13:57:44.617Z</time>
</trkpt>
<trkpt lat="50.0693318" lon="22.3601697">
<ele>227.582</ele>
<time>2026-05-21T13:57:47.593Z</time>
</trkpt>
<trkpt lat="50.0692568" lon="22.3611207">
<ele>225.012</ele>
<time>2026-05-21T13:57:50.582Z</time>
</trkpt>
<trkpt lat="50.0691805" lon="22.3620776">
<ele>222.159</ele>
<time>2026-05-21T13:57:53.614Z</time>
</trkpt>
<trkpt lat="50.0691016" lon="22.3630144">
<ele>219.432</ele>
<time>2026-05-21T13:57:56.641Z</time>
</trkpt>
<trkpt lat="50.0690227" lon="22.3639271">
<ele>217.463</ele>
<time>2026-05-21T13:57:59.670Z</time>
</trkpt>
<trkpt lat="50.0689463" lon="22.3648104">
<ele>216.665</ele>
<time>2026-05-21T13:58:02.693Z</time>
</trkpt>
<trkpt lat="50.0688760" lon="22.3656657">
<ele>217.376</ele>
<time>2026-05-21T13:58:05.702Z</time>
</trkpt>
<trkpt lat="50.0688083" lon="22.3664954">
<ele>219.919</ele>
<time>2026-05-21T13:58:08.676Z</time>
</trkpt>
<trkpt lat="50.0687413" lon="22.3673141">
<ele>223.895</ele>
<time>2026-05-21T13:58:11.605Z</time>
</trkpt>
<trkpt lat="50.0686717" lon="22.3681520">
<ele>228.220</ele>
<time>2026-05-21T13:58:14.562Z</time>
</trkpt>
<trkpt lat="50.0685982" lon="22.3689854">
<ele>231.937</ele>
<time>2026-05-21T13:58:17.487Z</time>
</trkpt>
<trkpt lat="50.0685280" lon="22.3698260">
<ele>234.662</ele>
<time>2026-05-21T13:58:20.468Z</time>
</trkpt>
<trkpt lat="50.0684552" lon="22.3706552">
<ele>236.493</ele>
<time>2026-05-21T13:58:23.494Z</time>
</trkpt>
<trkpt lat="50.0683854" lon="22.3714584">
<ele>237.535</ele>
<time>2026-05-21T13:58:26.508Z</time>
</trkpt>
<trkpt lat="50.0683402" lon="22.3719928">
<ele>237.889</ele>
<time>2026-05-21T13:58:28.539Z</time>
</trkpt>
<trkpt lat="50.0682972" lon="22.3725227">
<ele>237.819</ele>
<time>2026-05-21T13:58:30.570Z</time>
</trkpt>
<trkpt lat="50.0682301" lon="22.3733107">
<ele>237.524</ele>
<time>2026-05-21T13:58:33.648Z</time>
</trkpt>
<trkpt lat="50.0681883" lon="22.3738058">
<ele>236.975</ele>
<time>2026-05-21T13:58:35.661Z</time>
</trkpt>
<trkpt lat="50.0681515" lon="22.3742856">
<ele>236.230</ele>
<time>2026-05-21T13:58:37.644Z</time>
</trkpt>
<trkpt lat="50.0681152" lon="22.3747628">
<ele>235.606</ele>
<time>2026-05-21T13:58:39.604Z</time>
</trkpt>
<trkpt lat="50.0680630" lon="22.3754962">
<ele>235.275</ele>
<time>2026-05-21T13:58:42.550Z</time>
</trkpt>
<trkpt lat="50.0679972" lon="22.3762593">
<ele>235.123</ele>
<time>2026-05-21T13:58:45.525Z</time>
</trkpt>
<trkpt lat="50.0679410" lon="22.3770290">
<ele>235.318</ele>
<time>2026-05-21T13:58:48.458Z</time>
</trkpt>
<trkpt lat="50.0678766" lon="22.3778164">
<ele>236.337</ele>
<time>2026-05-21T13:58:51.420Z</time>
</trkpt>
<trkpt lat="50.0678097" lon="22.3786202">
<ele>238.190</ele>
<time>2026-05-21T13:58:54.380Z</time>
</trkpt>
<trkpt lat="50.0677419" lon="22.3794507">
<ele>240.058</ele>
<time>2026-05-21T13:58:57.364Z</time>
</trkpt>
<trkpt lat="50.0676785" lon="22.3802979">
<ele>241.011</ele>
<time>2026-05-21T13:59:00.362Z</time>
</trkpt>
<trkpt lat="50.0676130" lon="22.3811481">
<ele>240.647</ele>
<time>2026-05-21T13:59:03.356Z</time>
</trkpt>
<trkpt lat="50.0675463" lon="22.3820015">
<ele>238.854</ele>
<time>2026-05-21T13:59:06.329Z</time>
</trkpt>
<trkpt lat="50.0674748" lon="22.3828902">
<ele>235.904</ele>
<time>2026-05-21T13:59:09.373Z</time>
</trkpt>
<trkpt lat="50.0674083" lon="22.3837687">
<ele>232.615</ele>
<time>2026-05-21T13:59:12.369Z</time>
</trkpt>
<trkpt lat="50.0673420" lon="22.3846298">
<ele>229.980</ele>
<time>2026-05-21T13:59:15.348Z</time>
</trkpt>
<trkpt lat="50.0672825" lon="22.3854744">
<ele>228.912</ele>
<time>2026-05-21T13:59:18.323Z</time>
</trkpt>
<trkpt lat="50.0672156" lon="22.3863059">
<ele>229.926</ele>
<time>2026-05-21T13:59:21.286Z</time>
</trkpt>
<trkpt lat="50.0671455" lon="22.3871519">
<ele>232.518</ele>
<time>2026-05-21T13:59:24.267Z</time>
</trkpt>
<trkpt lat="50.0670820" lon="22.3880349">
<ele>235.311</ele>
<time>2026-05-21T13:59:27.293Z</time>
</trkpt>
<trkpt lat="50.0670186" lon="22.3889287">
<ele>237.084</ele>
<time>2026-05-21T13:59:30.312Z</time>
</trkpt>
<trkpt lat="50.0669535" lon="22.3898086">
<ele>237.471</ele>
<time>2026-05-21T13:59:33.288Z</time>
</trkpt>
<trkpt lat="50.0668847" lon="22.3906902">
<ele>236.807</ele>
<time>2026-05-21T13:59:36.264Z</time>
</trkpt>
<trkpt lat="50.0668160" lon="22.3915878">
<ele>235.802</ele>
<time>2026-05-21T13:59:39.265Z</time>
</trkpt>
<trkpt lat="50.0667532" lon="22.3924885">
<ele>235.096</ele>
<time>2026-05-21T13:59:42.267Z</time>
</trkpt>
<trkpt lat="50.0666819" lon="22.3933744">
<ele>234.879</ele>
<time>2026-05-21T13:59:45.258Z</time>
</trkpt>
<trkpt lat="50.0666153" lon="22.3942344">
<ele>235.157</ele>
<time>2026-05-21T13:59:48.201Z</time>
</trkpt>
<trkpt lat="50.0665484" lon="22.3951067">
<ele>236.024</ele>
<time>2026-05-21T13:59:51.206Z</time>
</trkpt>
<trkpt lat="50.0664859" lon="22.3959698">
<ele>237.459</ele>
<time>2026-05-21T13:59:54.193Z</time>
</trkpt>
<trkpt lat="50.0664230" lon="22.3968262">
<ele>238.950</ele>
<time>2026-05-21T13:59:57.164Z</time>
</trkpt>
<trkpt lat="50.0663623" lon="22.3976985">
<ele>239.871</ele>
<time>2026-05-21T14:00:00.166Z</time>
</trkpt>
<trkpt lat="50.0662883" lon="22.3985760">
<ele>239.946</ele>
<time>2026-05-21T14:00:03.173Z</time>
</trkpt>
<trkpt lat="50.0662275" lon="22.3994488">
<ele>239.321</ele>
<time>2026-05-21T14:00:06.166Z</time>
</trkpt>
<trkpt lat="50.0661659" lon="22.4003024">
<ele>238.499</ele>
<time>2026-05-21T14:00:09.127Z</time>
</trkpt>
<trkpt lat="50.0661023" lon="22.4011544">
<ele>237.936</ele>
<time>2026-05-21T14:00:12.119Z</time>
</trkpt>
<trkpt lat="50.0660433" lon="22.4019910">
<ele>237.686</ele>
<time>2026-05-21T14:00:15.084Z</time>
</trkpt>
<trkpt lat="50.0659843" lon="22.4028297">
<ele>237.635</ele>
<time>2026-05-21T14:00:18.068Z</time>
</trkpt>
<trkpt lat="50.0659183" lon="22.4036731">
<ele>237.775</ele>
<time>2026-05-21T14:00:21.086Z</time>
</trkpt>
<trkpt lat="50.0658604" lon="22.4044835">
<ele>238.094</ele>
<time>2026-05-21T14:00:24.028Z</time>
</trkpt>
<trkpt lat="50.0658044" lon="22.4052951">
<ele>238.040</ele>
<time>2026-05-21T14:00:27.001Z</time>
</trkpt>
<trkpt lat="50.0657446" lon="22.4061217">
<ele>237.096</ele>
<time>2026-05-21T14:00:30.004Z</time>
</trkpt>
<trkpt lat="50.0656852" lon="22.4069578">
<ele>235.420</ele>
<time>2026-05-21T14:00:33.011Z</time>
</trkpt>
<trkpt lat="50.0656497" lon="22.4075103">
<ele>233.212</ele>
<time>2026-05-21T14:00:35.014Z</time>
</trkpt>
<trkpt lat="50.0655923" lon="22.4083049">
<ele>230.710</ele>
<time>2026-05-21T14:00:37.955Z</time>
</trkpt>
<trkpt lat="50.0655366" lon="22.4090834">
<ele>228.504</ele>
<time>2026-05-21T14:00:40.918Z</time>
</trkpt>
<trkpt lat="50.0654870" lon="22.4098447">
<ele>226.888</ele>
<time>2026-05-21T14:00:43.892Z</time>
</trkpt>
<trkpt lat="50.0654400" lon="22.4105708">
<ele>225.114</ele>
<time>2026-05-21T14:00:46.826Z</time>
</trkpt>
<trkpt lat="50.0653959" lon="22.4112743">
<ele>224.128</ele>
<time>2026-05-21T14:00:49.757Z</time>
</trkpt>
<trkpt lat="50.0653438" lon="22.4119801">
<ele>222.937</ele>
<time>2026-05-21T14:00:52.735Z</time>
</trkpt>
<trkpt lat="50.0652926" lon="22.4126906">
<ele>222.163</ele>
<time>2026-05-21T14:00:55.724Z</time>
</trkpt>
<trkpt lat="50.0652384" lon="22.4134047">
<ele>222.245</ele>
<time>2026-05-21T14:00:58.718Z</time>
</trkpt>
<trkpt lat="50.0651900" lon="22.4141126">
<ele>223.555</ele>
<time>2026-05-21T14:01:01.673Z</time>
</trkpt>
<trkpt lat="50.0651363" lon="22.4148436">
<ele>226.109</ele>
<time>2026-05-21T14:01:04.678Z</time>
</trkpt>
<trkpt lat="50.0650883" lon="22.4156133">
<ele>229.152</ele>
<time>2026-05-21T14:01:07.707Z</time>
</trkpt>
<trkpt lat="50.0650316" lon="22.4164406">
<ele>231.628</ele>
<time>2026-05-21T14:01:10.763Z</time>
</trkpt>
<trkpt lat="50.0649736" lon="22.4173169">
<ele>232.801</ele>
<time>2026-05-21T14:01:13.803Z</time>
</trkpt>
<trkpt lat="50.0649132" lon="22.4182259">
<ele>232.203</ele>
<time>2026-05-21T14:01:16.823Z</time>
</trkpt>
<trkpt lat="50.0648511" lon="22.4191500">
<ele>229.828</ele>
<time>2026-05-21T14:01:19.820Z</time>
</trkpt>
<trkpt lat="50.0647910" lon="22.4200744">
<ele>226.353</ele>
<time>2026-05-21T14:01:22.809Z</time>
</trkpt>
<trkpt lat="50.0647327" lon="22.4209738">
<ele>222.866</ele>
<time>2026-05-21T14:01:25.765Z</time>
</trkpt>
<trkpt lat="50.0646729" lon="22.4218548">
<ele>220.343</ele>
<time>2026-05-21T14:01:28.735Z</time>
</trkpt>
<trkpt lat="50.0646268" lon="22.4227163">
<ele>219.334</ele>
<time>2026-05-21T14:01:31.722Z</time>
</trkpt>
<trkpt lat="50.0645716" lon="22.4235380">
<ele>219.994</ele>
<time>2026-05-21T14:01:34.683Z</time>
</trkpt>
<trkpt lat="50.0645212" lon="22.4243360">
<ele>222.032</ele>
<time>2026-05-21T14:01:37.631Z</time>
</trkpt>
<trkpt lat="50.0644700" lon="22.4251555">
<ele>224.407</ele>
<time>2026-05-21T14:01:40.644Z</time>
</trkpt>
<trkpt lat="50.0644209" lon="22.4259939">
<ele>226.073</ele>
<time>2026-05-21T14:01:43.641Z</time>
</trkpt>
<trkpt lat="50.0643682" lon="22.4268614">
<ele>226.824</ele>
<time>2026-05-21T14:01:46.633Z</time>
</trkpt>
<trkpt lat="50.0643041" lon="22.4277583">
<ele>226.816</ele>
<time>2026-05-21T14:01:49.634Z</time>
</trkpt>
<trkpt lat="50.0642430" lon="22.4286552">
<ele>225.902</ele>
<time>2026-05-21T14:01:52.608Z</time>
</trkpt>
<trkpt lat="50.0641823" lon="22.4295342">
<ele>223.868</ele>
<time>2026-05-21T14:01:55.566Z</time>
</trkpt>
<trkpt lat="50.0641198" lon="22.4303940">
<ele>221.214</ele>
<time>2026-05-21T14:01:58.529Z</time>
</trkpt>
<trkpt lat="50.0640599" lon="22.4312298">
<ele>219.048</ele>
<time>2026-05-21T14:02:01.491Z</time>
</trkpt>
<trkpt lat="50.0640131" lon="22.4320270">
<ele>218.042</ele>
<time>2026-05-21T14:02:04.415Z</time>
</trkpt>
<trkpt lat="50.0639609" lon="22.4328092">
<ele>218.287</ele>
<time>2026-05-21T14:02:07.367Z</time>
</trkpt>
<trkpt lat="50.0639136" lon="22.4336184">
<ele>219.389</ele>
<time>2026-05-21T14:02:10.395Z</time>
</trkpt>
<trkpt lat="50.0638607" lon="22.4344349">
<ele>220.481</ele>
<time>2026-05-21T14:02:13.411Z</time>
</trkpt>
<trkpt lat="50.0638063" lon="22.4352494">
<ele>220.909</ele>
<time>2026-05-21T14:02:16.411Z</time>
</trkpt>
<trkpt lat="50.0637492" lon="22.4360587">
<ele>220.521</ele>
<time>2026-05-21T14:02:19.386Z</time>
</trkpt>
<trkpt lat="50.0636962" lon="22.4368761">
<ele>219.205</ele>
<time>2026-05-21T14:02:22.372Z</time>
</trkpt>
<trkpt lat="50.0636465" lon="22.4376931">
<ele>217.084</ele>
<time>2026-05-21T14:02:25.353Z</time>
</trkpt>
<trkpt lat="50.0635965" lon="22.4384776">
<ele>214.840</ele>
<time>2026-05-21T14:02:28.270Z</time>
</trkpt>
<trkpt lat="50.0635616" lon="22.4392490">
<ele>213.280</ele>
<time>2026-05-21T14:02:31.211Z</time>
</trkpt>
<trkpt lat="50.0635083" lon="22.4399792">
<ele>212.615</ele>
<time>2026-05-21T14:02:34.087Z</time>
</trkpt>
<trkpt lat="50.0634543" lon="22.4407211">
<ele>212.678</ele>
<time>2026-05-21T14:02:37.047Z</time>
</trkpt>
<trkpt lat="50.0634192" lon="22.4412394">
<ele>213.272</ele>
<time>2026-05-21T14:02:39.077Z</time>
</trkpt>
<trkpt lat="50.0633724" lon="22.4420122">
<ele>214.040</ele>
<time>2026-05-21T14:02:42.062Z</time>
</trkpt>
<trkpt lat="50.0633388" lon="22.4427938">
<ele>214.717</ele>
<time>2026-05-21T14:02:45.055Z</time>
</trkpt>
<trkpt lat="50.0633011" lon="22.4433327">
<ele>215.308</ele>
<time>2026-05-21T14:02:47.090Z</time>
</trkpt>
<trkpt lat="50.0632246" lon="22.4441867">
<ele>215.759</ele>
<time>2026-05-21T14:02:50.186Z</time>
</trkpt>
<trkpt lat="50.0631711" lon="22.4451296">
<ele>215.524</ele>
<time>2026-05-21T14:02:53.332Z</time>
</trkpt>
<trkpt lat="50.0631064" lon="22.4460958">
<ele>214.070</ele>
<time>2026-05-21T14:02:56.393Z</time>
</trkpt>
<trkpt lat="50.0630514" lon="22.4470128">
<ele>212.005</ele>
<time>2026-05-21T14:02:59.315Z</time>
</trkpt>
<trkpt lat="50.0629957" lon="22.4478992">
<ele>210.661</ele>
<time>2026-05-21T14:03:02.253Z</time>
</trkpt>
<trkpt lat="50.0629469" lon="22.4487267">
<ele>210.553</ele>
<time>2026-05-21T14:03:05.122Z</time>
</trkpt>
<trkpt lat="50.0628915" lon="22.4495369">
<ele>211.269</ele>
<time>2026-05-21T14:03:08.053Z</time>
</trkpt>
<trkpt lat="50.0628229" lon="22.4503361">
<ele>212.207</ele>
<time>2026-05-21T14:03:11.016Z</time>
</trkpt>
<trkpt lat="50.0627639" lon="22.4511490">
<ele>212.948</ele>
<time>2026-05-21T14:03:14.038Z</time>
</trkpt>
<trkpt lat="50.0627027" lon="22.4519241">
<ele>213.044</ele>
<time>2026-05-21T14:03:16.960Z</time>
</trkpt>
<trkpt lat="50.0626430" lon="22.4526976">
<ele>212.349</ele>
<time>2026-05-21T14:03:19.932Z</time>
</trkpt>
<trkpt lat="50.0625785" lon="22.4534843">
<ele>211.389</ele>
<time>2026-05-21T14:03:22.951Z</time>
</trkpt>
<trkpt lat="50.0625115" lon="22.4543056">
<ele>210.744</ele>
<time>2026-05-21T14:03:26.012Z</time>
</trkpt>
<trkpt lat="50.0624507" lon="22.4551443">
<ele>210.497</ele>
<time>2026-05-21T14:03:29.025Z</time>
</trkpt>
<trkpt lat="50.0623866" lon="22.4559814">
<ele>210.500</ele>
<time>2026-05-21T14:03:32.001Z</time>
</trkpt>
<trkpt lat="50.0623257" lon="22.4568029">
<ele>210.529</ele>
<time>2026-05-21T14:03:34.953Z</time>
</trkpt>
<trkpt lat="50.0622661" lon="22.4576530">
<ele>210.193</ele>
<time>2026-05-21T14:03:38.004Z</time>
</trkpt>
<trkpt lat="50.0621976" lon="22.4585177">
<ele>209.222</ele>
<time>2026-05-21T14:03:41.055Z</time>
</trkpt>
<trkpt lat="50.0621281" lon="22.4593582">
<ele>207.939</ele>
<time>2026-05-21T14:03:44.016Z</time>
</trkpt>
<trkpt lat="50.0620652" lon="22.4601842">
<ele>206.792</ele>
<time>2026-05-21T14:03:46.971Z</time>
</trkpt>
<trkpt lat="50.0620062" lon="22.4609732">
<ele>205.853</ele>
<time>2026-05-21T14:03:49.872Z</time>
</trkpt>
<trkpt lat="50.0619482" lon="22.4617360">
<ele>205.106</ele>
<time>2026-05-21T14:03:52.787Z</time>
</trkpt>
<trkpt lat="50.0618988" lon="22.4624790">
<ele>204.617</ele>
<time>2026-05-21T14:03:55.714Z</time>
</trkpt>
<trkpt lat="50.0618461" lon="22.4631987">
<ele>204.610</ele>
<time>2026-05-21T14:03:58.634Z</time>
</trkpt>
<trkpt lat="50.0617860" lon="22.4639151">
<ele>205.234</ele>
<time>2026-05-21T14:04:01.609Z</time>
</trkpt>
<trkpt lat="50.0617272" lon="22.4645884">
<ele>206.109</ele>
<time>2026-05-21T14:04:04.481Z</time>
</trkpt>
<trkpt lat="50.0616832" lon="22.4652587">
<ele>206.592</ele>
<time>2026-05-21T14:04:07.418Z</time>
</trkpt>
<trkpt lat="50.0616306" lon="22.4658776">
<ele>206.447</ele>
<time>2026-05-21T14:04:10.260Z</time>
</trkpt>
<trkpt lat="50.0615968" lon="22.4664299">
<ele>205.971</ele>
<time>2026-05-21T14:04:13.004Z</time>
</trkpt>
<trkpt lat="50.0615510" lon="22.4669073">
<ele>205.435</ele>
<time>2026-05-21T14:04:15.674Z</time>
</trkpt>
<trkpt lat="50.0615059" lon="22.4672325">
<ele>204.695</ele>
<time>2026-05-21T14:04:17.819Z</time>
</trkpt>
<trkpt lat="50.0614416" lon="22.4674067">
<ele>203.777</ele>
<time>2026-05-21T14:04:19.338Z</time>
</trkpt>
<trkpt lat="50.0613370" lon="22.4676206">
<ele>203.092</ele>
<time>2026-05-21T14:04:22.151Z</time>
</trkpt>
<trkpt lat="50.0613798" lon="22.4679516">
<ele>202.956</ele>
<time>2026-05-21T14:04:26.237Z</time>
</trkpt>
<trkpt lat="50.0614545" lon="22.4683237">
<ele>203.382</ele>
<time>2026-05-21T14:04:29.892Z</time>
</trkpt>
<trkpt lat="50.0614298" lon="22.4687745">
<ele>204.053</ele>
<time>2026-05-21T14:04:33.367Z</time>
</trkpt>
<trkpt lat="50.0613853" lon="22.4692943">
<ele>204.521</ele>
<time>2026-05-21T14:04:36.791Z</time>
</trkpt>
<trkpt lat="50.0613393" lon="22.4699066">
<ele>204.543</ele>
<time>2026-05-21T14:04:40.203Z</time>
</trkpt>
<trkpt lat="50.0612791" lon="22.4705850">
<ele>204.129</ele>
<time>2026-05-21T14:04:43.456Z</time>
</trkpt>
<trkpt lat="50.0612438" lon="22.4710750">
<ele>203.250</ele>
<time>2026-05-21T14:04:45.571Z</time>
</trkpt>
<trkpt lat="50.0611812" lon="22.4718128">
<ele>201.997</ele>
<time>2026-05-21T14:04:48.564Z</time>
</trkpt>
<trkpt lat="50.0611427" lon="22.4723091">
<ele>200.834</ele>
<time>2026-05-21T14:04:50.531Z</time>
</trkpt>
<trkpt lat="50.0610866" lon="22.4730614">
<ele>200.094</ele>
<time>2026-05-21T14:04:53.509Z</time>
</trkpt>
<trkpt lat="50.0610485" lon="22.4735701">
<ele>199.616</ele>
<time>2026-05-21T14:04:55.531Z</time>
</trkpt>
<trkpt lat="50.0609963" lon="22.4743291">
<ele>199.148</ele>
<time>2026-05-21T14:04:58.562Z</time>
</trkpt>
<trkpt lat="50.0609422" lon="22.4750751">
<ele>198.625</ele>
<time>2026-05-21T14:05:01.581Z</time>
</trkpt>
<trkpt lat="50.0608834" lon="22.4757600">
<ele>198.100</ele>
<time>2026-05-21T14:05:04.463Z</time>
</trkpt>
<trkpt lat="50.0608355" lon="22.4763778">
<ele>197.626</ele>
<time>2026-05-21T14:05:07.258Z</time>
</trkpt>
<trkpt lat="50.0607947" lon="22.4769250">
<ele>197.289</ele>
<time>2026-05-21T14:05:10.002Z</time>
</trkpt>
<trkpt lat="50.0607592" lon="22.4774206">
<ele>196.989</ele>
<time>2026-05-21T14:05:12.767Z</time>
</trkpt>
<trkpt lat="50.0607265" lon="22.4778573">
<ele>196.431</ele>
<time>2026-05-21T14:05:15.485Z</time>
</trkpt>
<trkpt lat="50.0606991" lon="22.4782024">
<ele>195.539</ele>
<time>2026-05-21T14:05:17.923Z</time>
</trkpt>
<trkpt lat="50.0606752" lon="22.4784245">
<ele>194.436</ele>
<time>2026-05-21T14:05:19.685Z</time>
</trkpt>
<trkpt lat="50.0606627" lon="22.4785754">
<ele>193.317</ele>
<time>2026-05-21T14:05:21.282Z</time>
</trkpt>
<trkpt lat="50.0606513" lon="22.4787775">
<ele>192.455</ele>
<time>2026-05-21T14:05:24.028Z</time>
</trkpt>
<trkpt lat="50.0606237" lon="22.4790615">
<ele>191.996</ele>
<time>2026-05-21T14:05:29.904Z</time>
</trkpt>
<trkpt lat="50.0605940" lon="22.4795009">
<ele>191.803</ele>
<time>2026-05-21T14:05:34.608Z</time>
</trkpt>
<trkpt lat="50.0605523" lon="22.4799629">
<ele>191.581</ele>
<time>2026-05-21T14:05:37.936Z</time>
</trkpt>
<trkpt lat="50.0605174" lon="22.4804573">
<ele>191.045</ele>
<time>2026-05-21T14:05:41.057Z</time>
</trkpt>
<trkpt lat="50.0604955" lon="22.4809733">
<ele>190.101</ele>
<time>2026-05-21T14:05:44.131Z</time>
</trkpt>
<trkpt lat="50.0604676" lon="22.4814890">
<ele>189.062</ele>
<time>2026-05-21T14:05:47.127Z</time>
</trkpt>
<trkpt lat="50.0604359" lon="22.4819957">
<ele>188.400</ele>
<time>2026-05-21T14:05:50.070Z</time>
</trkpt>
<trkpt lat="50.0603945" lon="22.4824894">
<ele>188.278</ele>
<time>2026-05-21T14:05:52.998Z</time>
</trkpt>
<trkpt lat="50.0603428" lon="22.4829586">
<ele>188.550</ele>
<time>2026-05-21T14:05:55.877Z</time>
</trkpt>
<trkpt lat="50.0602784" lon="22.4834340">
<ele>188.951</ele>
<time>2026-05-21T14:05:58.867Z</time>
</trkpt>
<trkpt lat="50.0601922" lon="22.4839472">
<ele>189.266</ele>
<time>2026-05-21T14:06:02.011Z</time>
</trkpt>
<trkpt lat="50.0601078" lon="22.4844810">
<ele>189.488</ele>
<time>2026-05-21T14:06:05.081Z</time>
</trkpt>
<trkpt lat="50.0600301" lon="22.4849278">
<ele>189.667</ele>
<time>2026-05-21T14:06:07.738Z</time>
</trkpt>
<trkpt lat="50.0599517" lon="22.4853063">
<ele>189.670</ele>
<time>2026-05-21T14:06:10.264Z</time>
</trkpt>
<trkpt lat="50.0598619" lon="22.4856687">
<ele>189.419</ele>
<time>2026-05-21T14:06:13.034Z</time>
</trkpt>
<trkpt lat="50.0597608" lon="22.4860488">
<ele>189.176</ele>
<time>2026-05-21T14:06:16.165Z</time>
</trkpt>
<trkpt lat="50.0596324" lon="22.4863981">
<ele>189.168</ele>
<time>2026-05-21T14:06:19.250Z</time>
</trkpt>
<trkpt lat="50.0595093" lon="22.4866934">
<ele>189.306</ele>
<time>2026-05-21T14:06:22.061Z</time>
</trkpt>
<trkpt lat="50.0594260" lon="22.4869236">
<ele>189.593</ele>
<time>2026-05-21T14:06:24.376Z</time>
</trkpt>
<trkpt lat="50.0593532" lon="22.4870526">
<ele>190.203</ele>
<time>2026-05-21T14:06:26.154Z</time>
</trkpt>
<trkpt lat="50.0593038" lon="22.4871858">
<ele>191.034</ele>
<time>2026-05-21T14:06:28.094Z</time>
</trkpt>
<trkpt lat="50.0592504" lon="22.4873534">
<ele>191.786</ele>
<time>2026-05-21T14:06:31.158Z</time>
</trkpt>
<trkpt lat="50.0591747" lon="22.4875740">
<ele>192.388</ele>
<time>2026-05-21T14:06:35.866Z</time>
</trkpt>
<trkpt lat="50.0591039" lon="22.4878298">
<ele>192.918</ele>
<time>2026-05-21T14:06:39.576Z</time>
</trkpt>
<trkpt lat="50.0590501" lon="22.4881237">
<ele>193.428</ele>
<time>2026-05-21T14:06:42.938Z</time>
</trkpt>
<trkpt lat="50.0590114" lon="22.4884439">
<ele>194.017</ele>
<time>2026-05-21T14:06:46.139Z</time>
</trkpt>
<trkpt lat="50.0589829" lon="22.4887872">
<ele>194.663</ele>
<time>2026-05-21T14:06:49.279Z</time>
</trkpt>
<trkpt lat="50.0589623" lon="22.4890123">
<ele>195.234</ele>
<time>2026-05-21T14:06:51.277Z</time>
</trkpt>
<trkpt lat="50.0589456" lon="22.4892344">
<ele>195.743</ele>
<time>2026-05-21T14:06:53.227Z</time>
</trkpt>
<trkpt lat="50.0589185" lon="22.4894514">
<ele>196.259</ele>
<time>2026-05-21T14:06:55.174Z</time>
</trkpt>
<trkpt lat="50.0588975" lon="22.4896253">
<ele>196.749</ele>
<time>2026-05-21T14:06:56.812Z</time>
</trkpt>
<trkpt lat="50.0588645" lon="22.4897667">
<ele>197.181</ele>
<time>2026-05-21T14:06:58.411Z</time>
</trkpt>
<trkpt lat="50.0588308" lon="22.4899336">
<ele>197.634</ele>
<time>2026-05-21T14:07:00.913Z</time>
</trkpt>
<trkpt lat="50.0588961" lon="22.4900974">
<ele>198.242</ele>
<time>2026-05-21T14:07:04.596Z</time>
</trkpt>
<trkpt lat="50.0590006" lon="22.4901643">
<ele>199.043</ele>
<time>2026-05-21T14:07:07.746Z</time>
</trkpt>
<trkpt lat="50.0591217" lon="22.4902420">
<ele>199.940</ele>
<time>2026-05-21T14:07:10.568Z</time>
</trkpt>
<trkpt lat="50.0592519" lon="22.4903493">
<ele>200.785</ele>
<time>2026-05-21T14:07:13.072Z</time>
</trkpt>
<trkpt lat="50.0593978" lon="22.4904857">
<ele>201.461</ele>
<time>2026-05-21T14:07:15.485Z</time>
</trkpt>
<trkpt lat="50.0595647" lon="22.4906160">
<ele>201.911</ele>
<time>2026-05-21T14:07:17.785Z</time>
</trkpt>
<trkpt lat="50.0597367" lon="22.4907570">
<ele>202.386</ele>
<time>2026-05-21T14:07:19.969Z</time>
</trkpt>
<trkpt lat="50.0599046" lon="22.4909016">
<ele>203.098</ele>
<time>2026-05-21T14:07:22.035Z</time>
</trkpt>
<trkpt lat="50.0600664" lon="22.4910456">
<ele>203.800</ele>
<time>2026-05-21T14:07:24.055Z</time>
</trkpt>
<trkpt lat="50.0602139" lon="22.4911679">
<ele>204.216</ele>
<time>2026-05-21T14:07:25.945Z</time>
</trkpt>
<trkpt lat="50.0603505" lon="22.4912935">
<ele>204.376</ele>
<time>2026-05-21T14:07:27.840Z</time>
</trkpt>
<trkpt lat="50.0604797" lon="22.4914293">
<ele>204.595</ele>
<time>2026-05-21T14:07:29.773Z</time>
</trkpt>
<trkpt lat="50.0606052" lon="22.4915908">
<ele>205.139</ele>
<time>2026-05-21T14:07:31.805Z</time>
</trkpt>
<trkpt lat="50.0606978" lon="22.4917653">
<ele>205.997</ele>
<time>2026-05-21T14:07:33.661Z</time>
</trkpt>
<trkpt lat="50.0608013" lon="22.4919096">
<ele>207.145</ele>
<time>2026-05-21T14:07:35.542Z</time>
</trkpt>
<trkpt lat="50.0609154" lon="22.4920974">
<ele>208.379</ele>
<time>2026-05-21T14:07:37.892Z</time>
</trkpt>
<trkpt lat="50.0609927" lon="22.4922399">
<ele>209.239</ele>
<time>2026-05-21T14:07:39.718Z</time>
</trkpt>
<trkpt lat="50.0610713" lon="22.4923666">
<ele>209.581</ele>
<time>2026-05-21T14:07:41.644Z</time>
</trkpt>
<trkpt lat="50.0611479" lon="22.4925335">
<ele>209.614</ele>
<time>2026-05-21T14:07:44.004Z</time>
</trkpt>
<trkpt lat="50.0612242" lon="22.4926491">
<ele>209.576</ele>
<time>2026-05-21T14:07:45.999Z</time>
</trkpt>
<trkpt lat="50.0612242" lon="22.4926491">
<ele>209.521</ele>
<time>2026-05-21T14:07:51.999Z</time>
</trkpt>
<trkpt lat="50.0612242" lon="22.4926491">
<ele>209.429</ele>
<time>2026-05-21T14:08:06.879Z</time>
</trkpt>
<trkpt lat="50.0613405" lon="22.4929125">
<ele>209.333</ele>
<time>2026-05-21T14:08:12.507Z</time>
</trkpt>
<trkpt lat="50.0614319" lon="22.4931060">
<ele>209.278</ele>
<time>2026-05-21T14:08:14.574Z</time>
</trkpt>
<trkpt lat="50.0615157" lon="22.4932995">
<ele>209.268</ele>
<time>2026-05-21T14:08:16.500Z</time>
</trkpt>
<trkpt lat="50.0615921" lon="22.4934792">
<ele>209.283</ele>
<time>2026-05-21T14:08:18.313Z</time>
</trkpt>
<trkpt lat="50.0616600" lon="22.4936688">
<ele>209.206</ele>
<time>2026-05-21T14:08:20.203Z</time>
</trkpt>
<trkpt lat="50.0617169" lon="22.4938451">
<ele>208.885</ele>
<time>2026-05-21T14:08:22.040Z</time>
</trkpt>
<trkpt lat="50.0617729" lon="22.4940017">
<ele>208.410</ele>
<time>2026-05-21T14:08:23.886Z</time>
</trkpt>
<trkpt lat="50.0618156" lon="22.4941425">
<ele>208.042</ele>
<time>2026-05-21T14:08:25.785Z</time>
</trkpt>
<trkpt lat="50.0618510" lon="22.4942785">
<ele>207.855</ele>
<time>2026-05-21T14:08:27.892Z</time>
</trkpt>
<trkpt lat="50.0619206" lon="22.4944259">
<ele>207.759</ele>
<time>2026-05-21T14:08:31.480Z</time>
</trkpt>
<trkpt lat="50.0619660" lon="22.4945477">
<ele>207.707</ele>
<time>2026-05-21T14:08:34.041Z</time>
</trkpt>
<trkpt lat="50.0620287" lon="22.4947079">
<ele>207.708</ele>
<time>2026-05-21T14:08:36.456Z</time>
</trkpt>
<trkpt lat="50.0620928" lon="22.4948850">
<ele>207.742</ele>
<time>2026-05-21T14:08:38.667Z</time>
</trkpt>
<trkpt lat="50.0621463" lon="22.4950722">
<ele>207.676</ele>
<time>2026-05-21T14:08:40.764Z</time>
</trkpt>
<trkpt lat="50.0622160" lon="22.4952451">
<ele>207.425</ele>
<time>2026-05-21T14:08:42.798Z</time>
</trkpt>
<trkpt lat="50.0622729" lon="22.4954286">
<ele>207.140</ele>
<time>2026-05-21T14:08:44.825Z</time>
</trkpt>
<trkpt lat="50.0623249" lon="22.4955842">
<ele>206.971</ele>
<time>2026-05-21T14:08:46.814Z</time>
</trkpt>
<trkpt lat="50.0624013" lon="22.4957050">
<ele>206.813</ele>
<time>2026-05-21T14:08:49.166Z</time>
</trkpt>
<trkpt lat="50.0625096" lon="22.4956862">
<ele>206.557</ele>
<time>2026-05-21T14:08:52.479Z</time>
</trkpt>
<trkpt lat="50.0626059" lon="22.4955779">
<ele>206.286</ele>
<time>2026-05-21T14:08:55.813Z</time>
</trkpt>
<trkpt lat="50.0627102" lon="22.4954718">
<ele>206.103</ele>
<time>2026-05-21T14:08:58.890Z</time>
</trkpt>
<trkpt lat="50.0628130" lon="22.4953760">
<ele>205.913</ele>
<time>2026-05-21T14:09:01.865Z</time>
</trkpt>
<trkpt lat="50.0629097" lon="22.4952997">
<ele>205.497</ele>
<time>2026-05-21T14:09:05.155Z</time>
</trkpt>
<trkpt lat="50.0629558" lon="22.4951690">
<ele>204.739</ele>
<time>2026-05-21T14:09:09.001Z</time>
</trkpt>
<trkpt lat="50.0629558" lon="22.4951690">
<ele>203.881</ele>
<time>2026-05-21T14:09:14.001Z</time>
</trkpt>
</trkseg>
</trk>
<extensions>
<fpdata xmlns="http://www.motionx.com/GPX-Extensions/1/1" sfv="10" origin="MotionXGPSFull 24.4 Build 5112 R64">
<bin enc="base64">
RgIAAAACAAAA2EiqeG2D2kEBAAAAfo2ez8SD2kFaZOv165TbQPUiAABzFj8Cbk54rfZB
aUDCKDD6NHxpQAAAAAAKAAAAVHJhY2sgMDA3ABUAAAAyMCBNYXkgMjAyNiAgMzoyMyBw
bQAAAAAA3o2ez8SD2kF6rJ7PxIPaQSnrvgGpamRPrtmUQCwAAAACAAAALhCEvsZ+NkB4
HVGoDAhJQG5OeK32QWlAteiHWuBSKUD37/PFpfceQAAAAAAAsqNAAAAAAAAAAAAAAAAA
ZmZmZmamaUCqVT9MVQFqQAEAAAB2JMz4lGySPwEAAAABAAAAh44VcIl7uT9p+8591m+3
vwEAAAABAAAAAQAAAG5OeK32QWlAAAAAAAAAAAAAAAAAAAAAAAAAAAAAAAAAAAAAAAAA
AAAAAAAAAAAAAPIIAADeGICCxIPaQQAAAAAAAAAAAAAAAAAAAAD/JUS8AgAAAAAAAAAA
AAAAAQAAACgAAAAyNC40IEJ1aWxkIDUxMTIgUjY0LCBNWEFFIDguMSBiLiA2MjZSNjQA
AAAAAEhrAAABAAAAAWYAAADitQ1qChIPagQ4Sap4bYPaQThJqnhtg9pBAAAAAAAg+D4A
AAAAAtxIqnhtg9pBbvhIn22D2kEAAADJV09jQAAAAAAC8vELo22D2kF2UomobYPaQQAA
AAsIDmZAAAAAAAIWh8qqbYPaQfYkyWlug9pBAADAvlVjjUAAAAAAAvZ8ymtug9pB2rAI
sG+D2kEAANAOx3qhQAAAAAAC5uZIs2+D2kE9uUX+b4PaQQAAiKGt0qNAAAAAAAJaf4ch
cIPaQZJYhThwg9pBAABIa5yKpEAAAAAAAn6IB0twg9pBl6pEunKD2kEAAAi+QgK0QAAA
AAADUs8aA3OD2kFSzxoDc4PaQQAAVlyVArVAAAAAAAQEjkQGc4PaQQSORAZzg9pBAAD6
VjwPtUAAAAAAAtgnBsNyg9pBovEDwnSD2kEAADDlOf67QAAAAAACTn1J13SD2kGYpobV
dYPaQQAAWIou979AAAAAAALIW8oSdoPaQSqqxhl2g9pBAADw4Y8JwEAAAAAAAnKpRx12
g9pBxv+ZHXaD2kEAAJiONArAQAAAAAADc4RZHnaD2kFzhFkedoPaQQAAXmdYC8BAAAAA
AAQ2lEY5doPaQTaURjl2g9pBAADUhjJBwEAAAAAAA/FlmUd2g9pB8WWZR3aD2kEAAGwq
2F3AQAAAAAAEUtiGSnaD2kFS2IZKdoPaQQAACw+zY8BAAAAAAAIkmMcddoPaQZ26Bk12
g9pBAACK07JowEAAAAAAAo2ZB092g9pB9N/GT3aD2kEAAFhgMWrAQAAAAAAD4CmZZHaD
2kHgKZlkdoPaQQAAwqzTbcBAAAAAAAQV48ZqdoPaQRXjxmp2g9pBAAArHy96wEAAAAAA
ArgDyGJ2g9pBqAHIanaD2kEAADhcMXrAQAAAAAADWi3ZdXaD2kFaLdl1doPaQQAAOFwx
esBAAAAAAATsi8SQdoPaQeyLxJB2g9pBAAA4XDF6wEAAAAAAAjiJxZB2g9pBHvfDk3aD
2kHufENt3IDAQAAAAAACtOFHkHeD2kEHJQM2eIPaQe586fNSzMFAAAAAAAIy6URAeIPa
QZQRQ0V4g9pB7nytRE/WwUAAAAAAApKuQ0d4g9pBMe3Gx3mD2kHufOvBVdfEQAAAAAAC
qr3HyHmD2kGX5IbheYPaQe58xQ/UCMVAAAAAAAKD+wbteYPaQdnrRvB5g9pB7nxx8FMP
xUAAAAAAAxhZVxZ6g9pBGFlXFnqD2kHufHHwUw/FQAAAAAAEDLJGGXqD2kEMskYZeoPa
Qe58cfBTD8VAAAAAAAPkgRYeeoPaQeSBFh56g9pB7nxx8FMPxUAAAAAABDjxxix6g9pB
OPHGLHqD2kHufHHwUw/FQAAAAAACNrPHLHqD2kEY6QYveoPaQbXIbOUjFMVAAAAAAAKf
roybeoPaQfBLCJ16g9pBtcgOIBsXxUAAAAAAAqc9iaB6g9pBj+LHonqD2kG1yN5pmBvF
QAAAAAACOIeKsXqD2kG/KAi1eoPaQbXI7KyTIsVAAAAAAALyWcm1eoPaQfKURdN7g9pB
tcjsIoxdx0AAAAAAAkxOht97g9pBHJVF/nuD2kG1yIywCpvHQAAAAAACeEgGAHyD2kHW
UMUbfIPaQbXISMGI0sdAAAAAAAKE2IYdfIPaQcpxxSp8g9pBtcjU8wXtx0AAAAAAAgYq
BzR8g9pBz2cFPXyD2kG1yGZvAv/HQAAAAAACirAGR3yD2kEOnkV1fIPaQbXIbkqAW8hA
AAAAAAKkpgZ+fIPaQRLXxIl8g9pBtchKq/xyyEAAAAAAAqLuBp58g9pBIFvFp3yD2kG1
yEaEeYbIQAAAAAACNH9GqXyD2kGOywW2fIPaQbXI+hz4n8hAAAAAAAKc3Ea5fIPaQSBe
xd98g9pBtcgCIPXsyEAAAAAAAulHhud8g9pBsmOF6HyD2kG1yJRX8+7IQAAAAAABL1AH
FX2D2kG6wQAbfYPaQbXIqjrm+shAAAAAAALlRXr8fYPaQRx4Cv19g9pBtcgYnwb8yEAA
AAAAAmzsywB+g9pBcVcLPn6D2kG1yCJ1hXbJQAAAAAAC/dqMSn6D2kE7cItUfoPaQbXI
np+CislAAAAAAAK2hMtWfoPaQSRCC1l+g9pBtch6GgKPyUAAAAAAARQJD3F+g9pB2PXA
on6D2kG1yAL0ZfLJQAAAAAACRn3MW6qD2kGmfMpdqoPaQbXIwvJh9slAAAAAAAJwPYtf
qoPaQd6SSmyqg9pBtcieneAPykAAAAAAApjeS3Kqg9pB+MWKi6qD2kG1yF5sXkLKQAAA
AAAC8loLjqqD2kEa/sq9qoPaQbXIrrLdocpAAAAAAAIIOI3XqoPaQUj6SuOqg9pBtcgu
N1m5ykAAAAAAAvjBDOyqg9pBXP4K9KqD2kG1yPavVcnKQAAAAAAC0Jnmy7GD2kGdLkzN
sYPaQbXIkNkgzMpAAAAAAAI2Vc0xsoPaQWxDyjayg9pBtcj8tRrWykAAAAAAAm8qizey
g9pBhj1LR7SD2kG1yCrcmvXOQAAAAAACCveLSLSD2kFJEgsgtYPaQVpkVIlMUtBAAAAA
AAKOCc0mtYPaQQPPijW1g9pBWmTJTgph0EAAAAAAAjDWjES1g9pBLEmLbLWD2kFaZMXB
CInQQAAAAAACSBeMbbWD2kHfNYuWtYPaQVpkXOAHstBAAAAAAAIevkudtYPaQfYly6a1
g9pBWmQ0SIe70EAAAAAAAvIhzc21g9pBmprGxrmD2kFaZNzAgLTUQAAAAAACkEoH4rmD
2kEi3NjouYPaQVpkblJSu9RAAAAAAAIA4obvuYPaQdQrxfW5g9pBWmRCnJDB1EAAAAAA
AriSBvy5g9pBmN/FBLqD2kFaZCLpT8rUQAAAAAAC8GvGB7qD2kEUV8UIuoPaQVpkRtRO
y9RAAAAAAAJccAcduoPaQXKnhR66g9pBWmRcC83M1EAAAAAAAjodxz+6g9pBLjuFQLqD
2kFaZFApi83UQAAAAAACjEaHQLqD2kGnIsVAuoPaQVpkawXJzdRAAAAAAAIaFwZFuoPa
QfZimEW6g9pBWmRHUVvO1EAAAAAAApihBku6g9pBS5JFS7qD2kFaZPpBms7UQAAAAAAC
WOTGT7qD2kGSWVhRuoPaQVpkNLcr0NRAAAAAAAK7YkdnuoPaQeqwRXC6g9pBWmRjBSrZ
1EAAAAAAArx2RnW6g9pBnZ9FdrqD2kFaZEQuKdrUQAAAAAAD2ExXFr2D2kHYTFcWvYPa
QVpkmj/529RAAAAAAAQWL8YfvYPaQRYvxh+9g9pBWuTUIWjl1EAAAAAAA7A/1yG9g9pB
sD/XIb2D2kFa5GkyeefUQAAAAAAEID9GK72D2kEgP0YrvYPaQVrk1jHo8NRAAAAAAAKW
O4cUvYPaQc0+hje9g9pBWmR7MSj91EAAAAAAAhJlxV29g9pBCsECZL2D2kFaZHONZQPV
QAAAAAACqz5FqL2D2kFz2FOvvYPaQVpkOyd0CtVAAAAAAALqCMTUvYPaQQZOA8q+g9pB
WmRXbLP/1UAAAAAAAuqVxsu+g9pBmbpEzsCD2kFaZAaRMQLYQAAAAAACqmFG0cCD2kHM
twTywIPaQVpkKOfvIthAAAAAAAKxF4cAwYPaQd/7hB3Bg9pBWmRWy+0/2EAAAAAAApCG
Rh/Bg9pBeAhFIMGD2kFaZD5N7EDYQAAAAAACrgrGIsGD2kF32sQkwYPaQVpkBx3rQthA
AAAAAAL+9YUmwYPaQW7ghD7Bg9pBWmR3B+pa2EAAAAAAAp60hT/Bg9pBHViEGMKD2kFa
ZPaq6DPZQAAAAAACMPNEGsKD2kGSIIQqwoPaQVpkWNgnRNlAAAAAAAKwHwUswoPaQWDM
RSnDg9pBWmQIhWhB2kAAAAAAAniXRirDg9pBuLEKbsSD2kFaZEifLIXbQAAAAAACgj3L
csSD2kEllIqCxIPaQVpk6/XrlNtAAAAAAAAAAAA=
</bin>
</fpdata>
</extensions>
</gpx>
